date,Headline,neg,neu,pos,compound,capital,Sentiment
26/09/2022,"Two lenders, Virgin Money and Skipton, say they will stop mortgage offers to new customers.",0.136,0.864,0,-0.296,NEGATIVE,negative
26/09/2022,The four stamps will be the first set approved by King Charles III to mark his mother's reign.,0,0.859,0.141,0.4215,POSITIVE,positive
26/09/2022,The 14-year-old girl viewed material about self-harm and suicide before she took her own life.,0.243,0.757,0,-0.6705,NEGATIVE,negative
26/09/2022,"The Bank of England said it was ""monitoring developments closely"" after the pound hit a record low.",0.123,0.877,0,-0.2732,NEGATIVE,negative
26/09/2022,"The house in Liverpool, dubbed the House of Sin, was expected to fetch £250,000 at auction.",0.194,0.806,0,-0.5574,NEGATIVE,negative
26/09/2022,It comes as some trial dates have been put off for months due to the criminal barristers' strike.,0.234,0.766,0,-0.5994,NEGATIVE,negative
26/09/2022,The former US intelligence contractor leaked a vast US intelligence surveillance programme in 2013.,0.124,0.541,0.335,0.5994,POSITIVE,positive
26/09/2022,England fight back from two goals down before being held to a draw in a six-goal thriller against Germany.,0.137,0.789,0.074,-0.296,NEGATIVE,negative
26/09/2022,"Reports say people with no military experience, or who are too old or disabled, are being enlisted.",0.121,0.879,0,-0.296,NEGATIVE,negative
26/09/2022,Sir Keir Starmer will tell Labour's conference he has brought the party back to the centre ground.,0,0.856,0.144,0.4019,POSITIVE,positive
26/09/2022,"Many useful members of this ""iconic"" plant family are at risk of extinction, according to a study.",0.111,0.737,0.153,0.2023,POSITIVE,positive
27/09/2022,Moscow-installed officials claim the so-called referendums show almost total support for joining Russia.,0,0.832,0.168,0.3446,POSITIVE,positive
27/09/2022,A study reveals the extent of controlling behaviour in cases where victims are killed by current or ex-partners.,0.312,0.688,0,-0.7783,NEGATIVE,negative
27/09/2022,"Emma Jenkinson carries cockatiel Snowy in a special carrier to try and lure Pippy, its mate, home.",0,0.847,0.153,0.4019,POSITIVE,positive
27/09/2022,Apple TV's new film The Greatest Beer Run Ever follows an unusual true story from the Vietnam War.,0.151,0.579,0.27,0.4767,POSITIVE,positive
27/09/2022,Florida's vulnerable Tampa Bay area could be struck directly for the first time in a century.,0.231,0.769,0,-0.4404,NEGATIVE,negative
27/09/2022,"Liverpool's dock workers have called on Keir Starmer to ""show solidarity"" with them on the picket line.",0,0.879,0.121,0.296,POSITIVE,positive
27/09/2022,Their headmaster admits teachers are struggling to tell some of the siblings apart.,0.175,0.688,0.138,-0.1531,NEGATIVE,negative
27/09/2022,Data watchdog says it is naming and shaming seven organisations for failing to share information.,0.178,0.703,0.119,-0.2732,NEGATIVE,negative
27/09/2022,The value of the pound touched a record low against the dollar on Monday after big tax cuts were announced.,0.189,0.705,0.106,-0.2263,NEGATIVE,negative
27/09/2022,"Breakfast clubs will be funded by returning the top rate of income tax to 45%, Labour say.",0,0.899,0.101,0.2023,POSITIVE,positive
27/09/2022,Some economists predict the Bank of England will raise the interest rate to as much as 5.8% by next spring.,0,0.864,0.136,0.4588,POSITIVE,positive
27/09/2022,"Steven Knight says the show could return with new writers, taking the story into the 1950s.",0.004349595,0.82212776,0.17352268,0.986005247,POSITIVE,positive
27/09/2022,"Russia is poised to annex Ukrainian regions, while Ukraine blames Moscow for gas pipeline damage.",0.296,0.603,0.101,-0.5994,NEGATIVE,negative
27/09/2022,"The Bank of England said it was ""monitoring developments closely"" after the pound hit a record low.",0.123,0.877,0,-0.2732,NEGATIVE,negative
27/09/2022,"Preparing to host the World Cup of 1994, the USA played 91 friendlies in a crash course in international football - a plan that worked.",0.099,0.696,0.205,0.4404,POSITIVE,positive
27/09/2022,Protesters marched against a state funeral for Abe even as local and global leaders gathered to honour him.,0.199,0.633,0.167,0.0772,POSITIVE,positive
27/09/2022,The BBC has spoken to Iranians detained by security forces during the protests sweeping the country.,0.23,0.65,0.12,-0.296,NEGATIVE,negative
27/09/2022,Delivery rider Luciano is just one of those going to extreme measures to survive Brazil's cost of living crisis.,0.186,0.814,0,-0.6249,NEGATIVE,negative
27/09/2022,As Hurricane Ian makes its way through the Caribbean towards the US - we ask if climate change is making these storms more severe?,0.116,0.884,0,-0.4391,NEGATIVE,negative
27/09/2022,Interest rates are at their highest level for 14 years. Here is what it means for you.,0,0.842,0.158,0.4588,POSITIVE,positive
27/09/2022,Keir Starmer's speech at Labour's conference and the impact of rate rises on mortgages lead the papers.,0.054437492,0.86809367,0.077468894,0.995039046,POSITIVE,positive
27/09/2022,Massive queues have formed as men desperately try to flee Russia to avoid being sent to fight in Ukraine.,0.316,0.684,0,-0.7506,NEGATIVE,negative
27/09/2022,Kate talked style with one boy as she and William visited Anglesey as Prince and Princess of Wales.,0.013841763,0.9065249,0.07963336,0.998824298,POSITIVE,positive
27/09/2022,The singer is accused of failing to pay €14.5m (£12.9m) in tax and could face eight years in jail.,0.301,0.699,0,-0.7096,NEGATIVE,negative
27/09/2022,"People should prepare for a rampant flu season, say experts, based on what Australia has experienced.",0.157,0.843,0,-0.3818,NEGATIVE,negative
27/09/2022,Sussex Police apologises after a row on social media over a child sex offender's gender identity.,0,0.878,0.122,0.2023,POSITIVE,positive
27/09/2022,England Under-21s deliver a fine performance as they come from behind to defeat European champions Germany 3-1 in a friendly at Bramall Lane.,0.106,0.599,0.296,0.6597,POSITIVE,positive
27/09/2022,"More and more people are being forced to turn to additional jobs, according to a report by Royal London.",0.15,0.85,0,-0.4588,NEGATIVE,negative
27/09/2022,"While each mass shooting in the US is unique, experts say the killers share some things in common.",0.191,0.711,0.098,-0.4767,NEGATIVE,negative
27/09/2022,The trial of five militia members could reveal to what extent the 6 January riot was planned.,0.194,0.806,0,-0.5574,NEGATIVE,negative
27/09/2022,A depleted Scotland earn promotion to the top tier of the Nations League after a defensively disciplined and brave display clinches the point they needed against Ukraine.,0.056,0.764,0.181,0.5574,POSITIVE,positive
27/09/2022,Northern Ireland retain their Nations League third-tier status as a dismal campaign ends with a disappointing 3-1 defeat by Greece in Athens.,0.375,0.625,0,-0.8807,NEGATIVE,negative
27/09/2022,Alvaro Morata scores an 88th-minute winning goal as Spain beat Portugal in Braga to qualify for the Nations League finals.,0,0.848,0.152,0.5267,POSITIVE,positive
27/09/2022,"English cricket must ""find some compromise"" over ""radical"" plans to overhaul the domestic calendar amid opposition, says ECB chair Richard Thompson.",0.13857692,0.8022296,0.05919355,0.997446895,NEGATIVE,negative
27/09/2022,The self-styled referendums in east and south Ukraine are dismissed as a sham by Kyiv and the West.,0.70001745,0.29330763,0.006675002,0.999201953,NEGATIVE,negative
27/09/2022,ITV's chief executive defends This Morning's under-fire hosts Holly Willoughby and Phillip Schofield.,0.025891824,0.72693545,0.24717271,0.748326719,NEGATIVE,negative
27/09/2022,Phil Mickelson and Ian Poulter drop out of a lawsuit filed against the PGA Tour over its decision to suspend players who participated on the new LIV Golf circuit.,0.201,0.799,0,-0.6486,NEGATIVE,negative
27/09/2022,An investigation is ongoing after the aircraft overshot the runway at Montpellier Airport.,0.3340342,0.64614654,0.019819269,0.989528835,NEGATIVE,negative
27/09/2022,"Amateur photographer Chris Lowther expected images of the night sky, but not the Northern Lights.",0.25435805,0.6992919,0.046350032,0.99242425,NEGATIVE,negative
27/09/2022,"The BBC meets four of the 11,000 people keeping the complex Sellafield nuclear site going.",0.046969082,0.87717694,0.07585397,0.997159839,POSITIVE,positive
27/09/2022,"It will cover the Christmas build-up, including key shopping days Black Friday and Cyber Monday.",0.006120443,0.7238527,0.27002683,0.960189164,POSITIVE,positive
27/09/2022,The central bank's chief economist signalled in a speech it could not be 'indifferent' over the pound's slump.,0.50296646,0.4635245,0.03350907,0.996828496,POSITIVE,positive
27/09/2022,The shortlist of seven possible UK host cities for next year's song contest is whittled down to two.,0.05653713,0.9043453,0.039117686,0.999669075,NEGATIVE,negative
27/09/2022,BBC Sport's Phil McNulty addresses the major issues facing England manager Gareth Southgate as he finalises his plans for Qatar.,0.15652321,0.8052011,0.038275674,0.985689282,POSITIVE,positive
28/09/2022,"Arsenal manager Jonas Eidevall says he has ""never experienced anything like"" their trip to Amsterdam where they beat Ajax to qualify for the group stage of the Women's Champions League.",0.063,0.836,0.101,0.316,POSITIVE,positive
28/09/2022,Some economists predict the Bank of England will raise the interest rate to as much as 5.8% by next spring.,0,0.864,0.136,0.4588,POSITIVE,positive
28/09/2022,This is a huge intervention that will buy the government time but not solve its problems.,0.102,0.651,0.246,0.3917,POSITIVE,positive
28/09/2022,How a podcast may have solved the mystery of a dead child washed up on a Fife beach in 1971.,0.201,0.701,0.098,-0.4939,NEGATIVE,negative
28/09/2022,Four-time Olympic champion Mo Farah withdraws from Sunday's London Marathon with a hip injury.,0.158,0.621,0.22,0.2732,POSITIVE,positive
28/09/2022,"The UK government proposals will work at ""cross purposes"" with the cost-of-living fight, the IMF says.",0.148,0.852,0,-0.3818,NEGATIVE,negative
28/09/2022,Rangers miss out on a Champions League group stage debut after Benfica's extra-time double in Portugal.,0.089,0.722,0.189,0.4215,POSITIVE,positive
28/09/2022,"'Category A' Super League clubs would not be able to be relegated under IMG recommendations, following the sport's ""most comprehensive"" consultation.",0,0.754,0.246,0.7346,POSITIVE,positive
28/09/2022,"A mental health hospital has traumatised a vulnerable young woman with autism, her family says.",0.325,0.675,0,-0.6486,NEGATIVE,negative
28/09/2022,"He urges the music industry to take the issue more seriously, as he's honoured for his charity work.",0.087,0.652,0.261,0.6133,POSITIVE,positive
28/09/2022,"Government departments are also being told to find cuts to help reduce spending, the BBC is told.",0.111,0.754,0.136,0.128,POSITIVE,positive
28/09/2022,"The number of people complaining to HMRC about companies claiming tax repayments on their behalf has tripled in two years, a BBC investigation finds.",0.075,0.871,0.054,-0.128,NEGATIVE,negative
28/09/2022,"The EU, US and Nato say the Nord Stream pipeline leaks appear to have been caused by sabotage.",0.167,0.833,0,-0.5267,NEGATIVE,negative
28/09/2022,The tax-cutting plans in Friday's mini-budget sparked turmoil for the UK economy.,0.185,0.815,0,-0.3612,NEGATIVE,negative
28/09/2022,Chelsea recover from an early setback to beat West Ham in the Women's Super League at Kingsmeadow.,0,0.804,0.196,0.5994,POSITIVE,positive
28/09/2022,"Keir Starmer thinks the UK's economic turmoil presents him with a chance, says our political editor.",0.143,0.743,0.114,-0.128,NEGATIVE,negative
28/09/2022,"Presidential candidate Lula is ahead in the polls, despite a legacy tainted by corruption scandals.",0.198,0.802,0,-0.4939,NEGATIVE,negative
28/09/2022,"The country singer on a brush with death, standing up to sexism, and her ""celebratory"" new album.",0.206,0.794,0,-0.5994,NEGATIVE,negative
28/09/2022,"Goals from Fran Kirby, Sam Kerr and Millie Bright help Chelsea turn around an early deficit and beat London rivals West Ham 3-1 in the Women's Super League.",0.075,0.663,0.262,0.7783,POSITIVE,positive
28/09/2022,"How does a government borrow money, and when does it have to pay it back?",0.097,0.903,0,-0.1027,NEGATIVE,negative
28/09/2022,The chancellor is under pressure to do a U-turn but some MPs are prepared to give him more time.,0.08,0.802,0.118,0.1901,POSITIVE,positive
28/09/2022,"BBC Panorama goes undercover and finds patients being humiliated, verbally abused and bullied by staff.",0.45,0.55,0,-0.8689,NEGATIVE,negative
28/09/2022,Millions of people will be offered a vaccine to protect themselves against flu this winter.,0.1371723,0.65171957,0.2111081,0.973231792,NEGATIVE,negative
28/09/2022,The BBC’s Abdujalil Abdurasulov reports from Ukrainian front line positions in the Kherson region,0.15462035,0.82137465,0.024005095,0.742595792,POSITIVE,positive
28/09/2022,Ron Gittins transformed his rented home in Birkenhead and now campaigners are trying to buy it.,0.11454995,0.7844667,0.100983374,0.989058077,NEGATIVE,negative
28/09/2022,"The US dollar is at a 20-year high, and that affects businesses and households across the world.",0.43867305,0.50033027,0.06099671,0.998315454,POSITIVE,positive
28/09/2022,BBC News personal-finance correspondent Kevin Peachey answers your mortgage questions.,0.034416337,0.86234635,0.103237346,0.673242033,POSITIVE,positive
28/09/2022,Pakistan take a 3-2 lead in their Twenty20 series against England with a six-run victory in a low-scoring match in Lahore.,0.003489517,0.66188335,0.33462706,0.995659649,POSITIVE,positive
28/09/2022,A £65bn injection from the Bank of England to prop up pension funds on Wednesday leads the papers.,0.009101,0.79242074,0.19847825,0.839060664,NEGATIVE,negative
28/09/2022,The incident involving an Icelandair and Korean Air aircraft is being investigated.,0.21487252,0.7679899,0.017137628,0.846161902,NEGATIVE,negative
29/09/2022,"The average annual household energy bill in the UK will rise from £1,971 to £2,500.",0,0.87,0.13,0.2732,POSITIVE,positive
29/09/2022,A man died after four telephone consultations with his GP surgery but no face-to-face assessment.,0.298,0.702,0,-0.6249,NEGATIVE,negative
29/09/2022,"A fake car dealership website defrauded victims out of thousands of pounds, BBC investigation finds.",0.31,0.69,0,-0.6597,NEGATIVE,negative
29/09/2022,One woman who made the switch says her coal bunker has been raided by a thief.,0.195,0.805,0,-0.5267,NEGATIVE,negative
29/09/2022,Chancellor Kwasi Kwarteng says he will stick to his tax cut plan despite days of market turmoil.,0.235,0.765,0,-0.5574,NEGATIVE,negative
29/09/2022,Consumer Affairs Correspondent Colletta Smith has picked out some of the best ways to cut costs in your home.,0.09,0.73,0.18,0.4767,POSITIVE,positive
29/09/2022,Stadia allows players to stream games online without owning a console.,0.010626009,0.4980913,0.49128267,0.986416817,NEGATIVE,negative
29/09/2022,"Visual guide to powerful Hurricane Ian, which has caused devastation in Cuba and Florida",0.55017394,0.41994566,0.029880458,0.996198595,POSITIVE,positive
29/09/2022,BBC investigation finds oil companies not declaring millions of tonnes of emissions linked to cancer.,0.239,0.761,0,-0.6597,NEGATIVE,negative
29/09/2022,Anne Sacoolas is accused of causing death by dangerous driving following a collision in 2019.,0.539,0.461,0,-0.8934,NEGATIVE,negative
29/09/2022,A 34-year-old man is held on suspicion of murder after the killing of schoolgirl Olivia Pratt-Korbel.,0.494,0.506,0,-0.9136,NEGATIVE,negative
29/09/2022,A-level and GCSE results in 2023 will be much closer to 2019 levels after a boom in top grades.,0,0.904,0.096,0.2023,POSITIVE,positive
29/09/2022,The time and cause of Elizabeth II's death have been revealed by Scottish authorities.,0.231,0.769,0,-0.5994,NEGATIVE,negative
29/09/2022,US Energy Secretary Jennifer Granholm tells the BBC its unlikely Nord Stream leaks are coincidence.,0,0.87,0.13,0.2732,POSITIVE,positive
29/09/2022,Four dogs successfully identified samples of sweat or breath taken from a stressed person.,0.145,0.663,0.193,0.2023,POSITIVE,positive
29/09/2022,The Charity Commission is investigating concerns over safeguarding.,0,0.55,0.45,0.5994,POSITIVE,positive
29/09/2022,"More than 40 leaders, including from all the EU states, were invited to discuss security and energy issues.",0,0.78,0.22,0.5423,POSITIVE,positive
29/09/2022,"The foundation made no charitable donations by the time it closed, and the dragon was never built.",0.111,0.754,0.136,0.128,POSITIVE,positive
29/09/2022,Frontwoman Hayley Williams talks about returning to the stage and teases plans for a 2023 UK tour.,0.128,0.872,0,-0.296,NEGATIVE,negative
29/09/2022,Police say nobody was seriously injured in the incident outside an airbase.,0.306,0.694,0,-0.5267,NEGATIVE,negative
29/09/2022,Liz Truss's efforts to reassure the markets that she can control government spending lead the papers.,0,0.862,0.138,0.34,POSITIVE,positive
29/09/2022,"In 1995, Coolio combined street-tough lyrics with a pop sensibility - and rap would never be the same.",0.16660468,0.5598344,0.27356088,0.974213421,POSITIVE,positive
29/09/2022,The director's live version of the 1999 film will be among the first shows at Manchester's Factory.,0.003181536,0.8891162,0.10770222,0.998928964,POSITIVE,positive
29/09/2022,"For years, Suffolk teenager Katy Shaw's symptoms were either misdiagnosed or not believed.",0.90900135,0.08823335,0.002765311,0.998165071,NEGATIVE,negative
29/09/2022,Hundreds of people queue outside Windsor Castle to see the final resting place of Queen Elizabeth II.,0.1206028,0.7844726,0.094924554,0.983023226,POSITIVE,positive
29/09/2022,How a podcast may have solved the mystery of a dead child washed up on a Fife beach in 1971.,0.201,0.701,0.098,-0.4939,NEGATIVE,negative
29/09/2022,An own goal by goalkeeper Kirstie Levell deep in stoppage time gives Everton victory over Leicester City in the Women's Super League.,0,0.843,0.157,0.5994,POSITIVE,positive
29/09/2022,Tyson Fury urges fellow British heavyweight Anthony Joshua to sign a contract for a world-title fight in December.,0.31,0.69,0,-0.743,NEGATIVE,negative
29/09/2022,St Helens duo Jonny Lomax and Mark Percival are ruled out of England's 24-man squad for the World Cup because of injury concerns.,0.113,0.887,0,-0.4215,NEGATIVE,negative
29/09/2022,Liam Norwell takes a stunning 9-62 as Warwickshire beat Hampshire by five runs to send Yorkshire down.,0,0.852,0.148,0.3818,POSITIVE,positive
29/09/2022,"Romain Langasque says he will remember equalling the Old Course record to lead the Alfred Dunhill Links Championship ""for the rest of my life"".",0,0.888,0.112,0.4404,POSITIVE,positive
29/09/2022,The PM's reaction was keenly awaited after a dramatic week which saw a mini-budget and the pound slump.,0.064,0.819,0.117,0.2263,POSITIVE,positive
29/09/2022,Anger rises after 40% of Australians had details stolen in possibly the nation's worst-ever breach.,0.347,0.653,0,-0.7845,NEGATIVE,negative
29/09/2022,West Bromwich Albion women will wear navy shorts because of concerns about having to wear white while on their periods.,0.30583438,0.66548616,0.028679432,0.964171469,NEGATIVE,negative
29/09/2022,A first-time buyer tells BBC One's Question Time four mortgage offers were withdrawn after market turmoil.,0.152,0.848,0,-0.3612,NEGATIVE,negative
29/09/2022,The prime minister was asked about her plans during a series of BBC local radio interviews.,0.08076436,0.8803143,0.03892139,0.963646352,NEGATIVE,negative
29/09/2022,BBC investigation finds oil companies not declaring millions of tonnes of cancer-linked emissions.,0.780446,0.21249683,0.007057176,0.993575513,NEGATIVE,negative
29/09/2022,"Arsenal's Gabriel Jesus, Gabriel Martinelli and Granit Xhaka rate each others' style choices for MOTDx, as they accessorise the Gunners' new Caribbean-themed third kit.",0.003794111,0.6491712,0.34703472,0.939779043,POSITIVE,positive
29/09/2022,"The Queen was buried with Prince Philip and alongside the remains of her father, mother and sister.",0.14526722,0.8100162,0.044716556,0.987722874,POSITIVE,positive
29/09/2022,Amber Kotrri says since her victory other businesses said they also received letters from Zara.,0.034793213,0.91112244,0.05408438,0.905587673,NEGATIVE,negative
29/09/2022,Listen to some of the key moments from the prime minister’s first interviews since the mini-budget announcement.,0.011957024,0.7832016,0.2048414,0.997753203,POSITIVE,positive
29/09/2022,The BBC's Economics Editor Faisal Islam explains why the Bank of England had to act.,0.08557482,0.8657605,0.04866459,0.996724904,NEGATIVE,negative
30/09/2022,"This is an attempt to divert from Russia's problems on the battlefield, says the BBC's Steve Rosenberg.",0.261,0.739,0,-0.6486,NEGATIVE,negative
30/09/2022,"Germany, France, the UK and Sweden have been warned over the involvement of their ""agents"", Iran says.",0.116,0.884,0,-0.2732,NEGATIVE,negative
30/09/2022,Two young people brought up in care speak about challenging stereotypes and the need for safe housing.,0,0.645,0.355,0.7717,POSITIVE,positive
30/09/2022,"Rural rough sleepers face harsh conditions as a taskforce warns of a hidden homelessness ""crisis"".",0.281,0.719,0,-0.5106,NEGATIVE,negative
30/09/2022,Liverpool's Harvey Elliott and Fabio Carvalho put their friendship to the test with Honesty Cards.,0,0.681,0.319,0.7269,POSITIVE,positive
30/09/2022,"Over-50s can get another Covid booster, as can younger people who are at higher risk, and NHS staff.",0.11,0.89,0,-0.2732,NEGATIVE,negative
30/09/2022,Western nations have imposed severe sanctions on Russia over its invasion of Ukraine.,0.262,0.738,0,-0.4404,NEGATIVE,negative
30/09/2022,"Thousands of transport workers are striking in an ongoing row over pay, jobs and conditions.",0.091,0.909,0,-0.1027,NEGATIVE,negative
30/09/2022,"Millions are seeing their energy bills go up, but there are ways to help ease the mounting costs.",0,0.642,0.358,0.81,POSITIVE,positive
30/09/2022,Trooper Jack Burnell-Williams reportedly took part in the late Queen's funeral procession.,0.185,0.815,0,-0.3612,NEGATIVE,negative
30/09/2022,The presenter says the BBC could have handled her exit better when it decided to shake up the show.,0.079,0.787,0.134,0.296,POSITIVE,positive
30/09/2022,"Luton Town inflict a sixth Championship defeat of the season on Hull City, who sacked manager Shota Arveladze just hours before kick-off.",0.12,0.763,0.116,-0.0258,NEGATIVE,negative
30/09/2022,"Jurgen Klopp says he would pick ""exceptional"" Trent Alexander-Arnold in any team after the full-back was overlooked by England manager Gareth Southgate.",0.05,0.95,0,-0.0258,NEGATIVE,negative
30/09/2022,Alex Albon declares himself fit to race in the Singapore Grand Prix after completing practice on his first day on track after a medical emergency.,0.089,0.722,0.189,0.4404,POSITIVE,positive
30/09/2022,Phil Salt smashes an unbeaten 88 from 41 balls as England storm to an eight-wicket win over Pakistan in the sixth T20 international.,0,0.853,0.147,0.5859,POSITIVE,positive
30/09/2022,"The Governess, Anne Hegerty, on autism and how she finds everyday household tasks difficult.",0.161,0.839,0,-0.3612,NEGATIVE,negative
30/09/2022,Denmark and Greenland agree to investigate traumatising birth control procedures on Inuit Greenlanders.,0.177,0.671,0.152,-0.1027,NEGATIVE,negative
30/09/2022,It revealed a lump on the newborn's leg was a rare and benign mass called a myofibroma.,0,0.85,0.15,0.3182,POSITIVE,positive
30/09/2022,Liz Truss and the chancellor will meet the OBR as a group of MPs call for its forecast to be released.,0.01587588,0.9337271,0.05039697,0.964184403,NEGATIVE,negative
30/09/2022,"Within hours, Vladimir Putin is expected to declare that four Ukrainian regions are joining Russia.",0.06894231,0.87580425,0.05525346,0.989280283,POSITIVE,positive
30/09/2022,All UK households will get a grant which will reduce energy bills by £400 from October.,0,0.739,0.261,0.5574,POSITIVE,positive
30/09/2022,"Police search for the body of Keith Bennett, killed in 1964, after ""potential remains"" are found.",0.231,0.769,0,-0.6705,NEGATIVE,negative
30/09/2022,"Researchers hope to learn more about the species, found in a Salzburg forest, before it goes into hibernation.",0,0.847,0.153,0.4404,POSITIVE,positive
30/09/2022,"After wreaking deadly havoc in Florida, Ian smashes piers in South Carolina and floods neighbourhoods.",0.218,0.782,0,-0.5994,NEGATIVE,negative
30/09/2022,"The deal is one of the biggest in music history, approaching the sum paid for Bob Dylan's music.",0.003699985,0.15989429,0.8364057,0.99934262,POSITIVE,positive
30/09/2022,The chancellor's pledge to bring in a debt-reduction plan and the police hunt for Keith Bennett's body feature.,0.07467066,0.8913192,0.03401018,0.708819687,POSITIVE,positive
30/09/2022,"Seen from above, the wreckage Hurricane Ian left in its wake shows the power of the historic storm.",0.04352514,0.732532,0.22394288,0.9991166,POSITIVE,positive
30/09/2022,The last seven days have been a rollercoaster with mortgage costs and the pound thrown off course.,0.5561166,0.4109371,0.032946337,0.999388695,NEGATIVE,negative
30/09/2022,The War on Larkiv game was accepted and promoted by the world's largest children's game platform.,0.003041275,0.17773616,0.81922257,0.999519587,POSITIVE,positive
30/09/2022,"Experts call for urgent action to stem brain drain of staff as 40,000 walk away from health service.",0,0.904,0.096,0.2023,POSITIVE,positive
30/09/2022,"Cashy C's, a rap musical about life on the breadline, is being performed in an empty Bradford shop.",0.101,0.899,0,-0.2023,NEGATIVE,negative
30/09/2022,Lance Armstrong said he'd apologise to the man he sued for reporting on his doping,0,0.843,0.157,0.3818,POSITIVE,positive
30/09/2022,"A selection of powerful images from all over the globe, taken in the past seven days.",0,0.833,0.167,0.4215,POSITIVE,positive
30/09/2022,Large parts of Britain have no train services as rail workers in several unions walk out.,0.128,0.872,0,-0.296,NEGATIVE,negative
30/09/2022,"As Brazil's election - and the World Cup - approach, the famous yellow shirt is being politicised.",0.4479336,0.50454116,0.047525212,0.994923413,NEGATIVE,negative
30/09/2022,The schoolgirl who took her own life aged 14 had a secret Twitter account which reveals her thoughts.,0.5414437,0.44970888,0.008847478,0.995757759,POSITIVE,positive
30/09/2022,"Families of children who miss school face harsher penalties depending on where they live in England, the BBC has found.",0.211,0.789,0,-0.5859,NEGATIVE,negative
30/09/2022,"Wildlife groups praised the move making it illegal to capture, kill, injure or disturb them.",0.437,0.437,0.127,-0.8316,NEGATIVE,negative
30/09/2022,A two-year government-set cap means price rises taking effect on Saturday are lower than expected.,0.145,0.855,0,-0.296,NEGATIVE,negative
30/09/2022,"The prime minister acknowledges that her economic plans will ""involve disruption in the short term"".",0.152,0.848,0,-0.3612,NEGATIVE,negative
30/09/2022,New text messages between Musk and Twitter boss Parag Agrawal reveal how the relationship broke down.,0.157,0.843,0,-0.4215,NEGATIVE,negative
30/09/2022,"The Prince of Wales says online safety for young people should be ""a prerequisite, not an afterthought"".",0,0.851,0.149,0.4215,POSITIVE,positive
30/09/2022,President Putin has sparked an international outcry by annexing four regions of occupied Ukraine.,0.202,0.798,0,-0.5106,NEGATIVE,negative
30/09/2022,"For many voters in Brazil, the election is as much about who they want to keep out as who they want in.",0,0.885,0.115,0.1531,POSITIVE,positive
30/09/2022,Teachers in parts of recently-occupied Ukraine say they were beaten and forced to destroy textbooks.,0.437,0.563,0,-0.8519,NEGATIVE,negative
01/10/2022,"The London Marathon is almost upon us. Here is everything you need to know as 42,000 runners prepare to tackle the iconic course.",0.004611803,0.2982527,0.6971355,0.997523367,POSITIVE,positive
01/10/2022,Stakes are high as the far-right incumbent Jair Bolsonaro could be unseated by left-wing rival Lula.,0.18496655,0.7672438,0.047789637,0.981731176,POSITIVE,positive
01/10/2022,"Leo Varadkar, Mary-Lou McDonald and actor Jimmy Nesbitt amongst the speakers at the 3Arena.",0.01074252,0.9340592,0.05519824,0.98923713,POSITIVE,positive
01/10/2022,Singer Jacob Lusk on the musical rebirth that saw him form the year's most talked-about new band.,0.002014021,0.5280514,0.46993464,0.999765337,POSITIVE,positive
01/10/2022,Up to 1.6 tonnes of explosives were used to level the 65m (213ft) structure.,0.42031574,0.5589558,0.020728538,0.99247241,NEGATIVE,negative
01/10/2022,"Greater Manchester Police says it will continue excavation works but ""conditions are difficult"".",0,0.873,0.127,0.1901,POSITIVE,positive
01/10/2022,The Junkoactive Wasteman and the Tin Can Twins are touring festivals and shows with their music.,0,0.857,0.143,0.3612,POSITIVE,positive
01/10/2022,Polling in Sunday's papers indicates that faith in the government's economic competence is damaged.,0.164,0.678,0.158,-0.0258,NEGATIVE,negative
01/10/2022,"Lewis Hamilton dismisses ongoing controversy about his wearing a nose stud in his F1 car as ""all a bit silly"", as the issue blows up again at the Singapore Grand Prix.",0,0.903,0.097,0.4588,POSITIVE,positive
01/10/2022,The tech billionaire claims the robot will change the future of physical work.,0.009827573,0.3235862,0.6665862,0.942943454,NEGATIVE,negative
01/10/2022,The deadliest tally in years comes amid a big increase in Israeli military raids.,0,0.839,0.161,0.3182,POSITIVE,positive
01/10/2022,The Mirror newspaper apologises after mistaking another man for the chancellor in an online story.,0.124,0.769,0.107,-0.0772,NEGATIVE,negative
01/10/2022,The day of action across the UK sees people highlight the cost-of-living crisis and the environment.,0.2,0.683,0.117,-0.4019,NEGATIVE,negative
01/10/2022,"Almost four decades on, the unlikely friendships made during the 1984 miners' strike remain strong.",0.077,0.619,0.304,0.6597,POSITIVE,positive
01/10/2022,MOTD2 pundit Danny Murphy says Manchester United manager Erik ten Hag has a big decision to make in midfield for Sunday's Manchester derby.,0,0.882,0.118,0.4215,POSITIVE,positive
01/10/2022,"Watch the goal by Newcastle's Miguel Almiron that Match of the Day pundit Alan Shearer calls a ""goal of the season contender"" in the Magpies' 4-1 Premier League win over Fulham at Craven Cottage.",0,0.854,0.146,0.6486,POSITIVE,positive
01/10/2022,BBC Sport looks at the key refereeing decisions on a dramatic and controversial day of Premier League action.,0.101,0.899,0,-0.2023,NEGATIVE,negative
01/10/2022,Liverpool boss Jurgen Klopp vows his side will fight through their poor form as Reds' draw with Brighton leaves them 11 points off the top of the table.,0.175,0.769,0.055,-0.5994,NEGATIVE,negative
01/10/2022,"Arsenal have flattered to deceive in recent seasons, but their outstanding win against Tottenham is proof they have rediscovered their identity.",0.059,0.542,0.399,0.9127,POSITIVE,positive
01/10/2022,Florida residents face tough choices about whether to stay or leave in the aftermath of Hurricane Ian.,0.153,0.847,0,-0.1779,NEGATIVE,negative
01/10/2022,"As the Tory party conference starts, MPs, the market and the public need reassurance, the BBC's Ione Wells says.",0,0.69,0.31,0.7351,POSITIVE,positive
01/10/2022,"South Korean orphan Milton dreamed of making it to America, the land of his father. One day he seized his chance.",0,0.909,0.091,0.25,POSITIVE,positive
01/10/2022,"The retreat came amid fears thousands of soldiers would be encircled in Lyman, and is seen as a significant blow.",0.125,0.714,0.161,-0.0516,NEGATIVE,negative
01/10/2022,The monarch and prime minister agreed the King would not attend after he sought government advice.,0,0.877,0.123,0.2732,POSITIVE,positive
01/10/2022,A 34-year-old man is charged over the death of the nine-year-old who was shot in her Liverpool home.,0.275,0.725,0,-0.6908,NEGATIVE,negative
01/10/2022,"Celebrating multicultural, multi-faith Britain will underscore the new King's first official visits.",0,0.748,0.252,0.5719,POSITIVE,positive
01/10/2022,"New cases continue to fall, thanks to vaccines and vigilance, says a top expert.",0,0.701,0.299,0.5719,POSITIVE,positive
01/10/2022,All UK households will get a grant which will reduce energy bills by £400 from October.,0,0.739,0.261,0.5574,POSITIVE,positive
01/10/2022,Laura Kuenssberg on what options the PM - one of her guests on Sunday - has to calm her party.,0,0.762,0.238,0.6124,POSITIVE,positive
02/10/2022,"Liz Truss is now as unpopular with voters as Boris Johnson when he was ousted, says veteran pollster.",0.7922086,0.19771105,0.01008042,0.998522699,NEGATIVE,negative
02/10/2022,The family of a girl awaiting a heart transplant are asking parents to consider organ donations.,0.08337699,0.8233156,0.093307495,0.978127599,NEGATIVE,negative
02/10/2022,Dawid Malan hits an unbeaten 78 as England beat Pakistan by 67 runs in the seventh T20 international to clinch a 4-3 series win.,0,0.853,0.147,0.5859,POSITIVE,positive
02/10/2022,"The campaigner was there as ""Melanie Brown MBE"", rather than as a Spice Girl, she says.",0.12884054,0.8171337,0.0540258,0.995855749,NEGATIVE,negative
02/10/2022,"The Conservative MP tells his party's conference that Irish relations ""are not where they should be"".",0.7511061,0.23726259,0.011631371,0.999614954,NEGATIVE,negative
02/10/2022,"Prehistoric footprints on Formby Beach have revealed how the British coast transformed over 9,000 years.",0.019889481,0.9021829,0.077927604,0.997175932,POSITIVE,positive
02/10/2022,It was widely reported that the actor had sold his face to a deepfake company.,0.61897945,0.37242633,0.008594275,0.999350488,NEGATIVE,negative
02/10/2022,"Whole-body EMS suits are the new big thing in fitness, but do they work?",0,0.893,0.107,0.1406,POSITIVE,positive
02/10/2022,"Supporters who invaded the pitch are tear-gassed by police, leading to one of the world's worst stadium disasters.",0.301,0.586,0.113,-0.7003,NEGATIVE,negative
02/10/2022,Viral videos in the US have shown a surprising card game win - and fish stuffed with weights.,0,0.704,0.296,0.7096,POSITIVE,positive
02/10/2022,"The owner of the UK's biggest power station, Drax, is cutting down key forests in Canada.",0.091,0.909,0,-0.128,NEGATIVE,negative
02/10/2022,Ukrainian forces on the eastern front in Bakhmut say they will fight for every last inch of soil.,0.133,0.867,0,-0.3818,NEGATIVE,negative
02/10/2022,The animal is caught on camera after forcing its way through a cat flap and eating pet food.,0.442746,0.53606486,0.021189151,0.965691566,NEGATIVE,negative
02/10/2022,A closely-watched case where business titan Richard Liu was accused of rape was settled hours before trial.,0.33,0.67,0,-0.7845,NEGATIVE,negative
02/10/2022,The ex-cabinet minister accuses the PM of not listening to public concern over tax cuts for the well-off.,0.223,0.777,0,-0.5574,NEGATIVE,negative
02/10/2022,A disability charity uses a tegu lizard during therapy sessions.,0,0.714,0.286,0.4215,POSITIVE,positive
02/10/2022,"What has happened in the last 10 days could leave an indelible mark on Liz Truss, some Tories fear.",0.206,0.794,0,-0.5267,NEGATIVE,negative
02/10/2022,Florida residents face tough choices about whether to stay or leave in the aftermath of Hurricane Ian.,0.153,0.847,0,-0.1779,NEGATIVE,negative
02/10/2022,"Match of the Day 2 pundit Jermaine Jenas analyses Manchester United's ""shocking"" display in their 6-3 Premier League derby defeat at Manchester City.",0.125,0.875,0,-0.4588,NEGATIVE,negative
02/10/2022,"Match of the Day 2 pundit Jermaine Jenas analyses Manchester United's ""shocking"" display in their 6-3 Premier League derby defeat by Manchester City at Etihad Stadium.",0.111,0.889,0,-0.4588,NEGATIVE,negative
02/10/2022,"Prime Minister Liz Truss made claims on growth, borrowing costs and mortgage rises.",0,0.822,0.178,0.3818,POSITIVE,positive
02/10/2022,Sir Bradley Wiggins joins former Manchester City player Paul Stewart and the FA to back an NSPCC campaign against child abuse in sport.,0.16,0.84,0,-0.6369,NEGATIVE,negative
02/10/2022,Paris's relative absence in its supply of weapons to Ukraine leaves eastern European countries wary.,0.172,0.828,0,-0.4404,NEGATIVE,negative
02/10/2022,Manchester United's derby thrashing is a cold shower for anyone at Old Trafford thinking they might be moving closer to the side they hope to challenge.,0,0.846,0.154,0.4939,POSITIVE,positive
02/10/2022,Bruno Lage is sacked as manager of Wolves after 16 months in charge following Saturday's defeat at West Ham United.,0.126,0.756,0.118,-0.0516,NEGATIVE,negative
02/10/2022,At least 127 died after police tear-gassed rioting supporters after a match on East Java.,0.195,0.649,0.157,-0.1779,NEGATIVE,negative
02/10/2022,"Why Manchester City's Erling Haaland is Cristiano Ronaldo, Zlatan Ibrahimovic and other elite strikers in one player.",0.091,0.909,0,-0.1531,NEGATIVE,negative
03/10/2022,Lula and Bolsonaro go head-to-head after a closer than expected first-round result.,0.039334044,0.9187497,0.041916266,0.999130905,POSITIVE,positive
03/10/2022,"After once again starring for Leicester in their thrashing of Nottingham Forest, can James Maddison force his way into England's World Cup squad?",0.009425428,0.78523743,0.20533717,0.638363361,POSITIVE,positive
03/10/2022,The 36-year-old man became unwell between miles 23 and 24 of the annual 26.2-mile event.,0.8323104,0.16129284,0.006396879,0.998525083,NEGATIVE,negative
03/10/2022,Pakistan's worst floods in years have left millions homeless and lacking clean drinking water.,0.218,0.638,0.144,-0.34,NEGATIVE,negative
03/10/2022,"Demand for Fareshare’s help continues to grow, but there’s been a big fall from their biggest donors.",0.073,0.819,0.108,0.1531,POSITIVE,positive
03/10/2022,The chancellor has been under pressure to say how he will pay for major tax cuts package.,0.293,0.707,0,-0.5859,NEGATIVE,negative
03/10/2022,"The chancellor says he wants to focus on delivering growth, after admitting it's been a ""tough day"".",0.083,0.773,0.144,0.2732,POSITIVE,positive
03/10/2022,Kwasi Kwarteng will defend his tax cuts during his Conservative Party conference speech.,0.138,0.692,0.17,0.128,POSITIVE,positive
03/10/2022,Demonstrations are happening across the country following the death of a woman detained by morality police.,0.337,0.663,0,-0.765,NEGATIVE,negative
03/10/2022,"Those on means-tested benefits will get the money between 8 and 23 November, the government says.",0,0.843,0.157,0.3818,POSITIVE,positive
03/10/2022,Young people with cancer say they are struggling with rent and bills because of soaring living costs.,0.324,0.676,0,-0.802,NEGATIVE,negative
03/10/2022,"The 44 coins found in Israel date to the Muslim conquest of the area in 635, archaeologists say.",0.11165343,0.87102145,0.01732512,0.714474022,POSITIVE,positive
03/10/2022,"A woman, aged in her 60s, has died after she was attacked by dogs in a Liverpool house, police say.",0.292,0.708,0,-0.765,NEGATIVE,negative
03/10/2022,"The Beatles drummer is ""recovering at home"" and hopes to resume shows soon, his spokesperson says.",0,0.843,0.157,0.4215,POSITIVE,positive
03/10/2022,The YouTuber's 30 million subscribers finally find out what he looks like without a mask.,0,0.839,0.161,0.3612,POSITIVE,positive
03/10/2022,Kim Kardashian agrees to pay $1.26m after regulators charge her in EthereumMax case.,0.099,0.775,0.127,0.1027,POSITIVE,positive
03/10/2022,"Artist Sam Cox, known as Mr Doodle, is living his childhood dream in a house he's adorned with his own art.",0,0.826,0.174,0.4215,POSITIVE,positive
03/10/2022,"Astronomer Dan Monk said it was Northumberland's best display of the aurora borealis ""in ages"".",0,0.769,0.231,0.6369,POSITIVE,positive
03/10/2022,Scottish artist Chloe Fitzpatrick found fame on TikTok after sharing her unusual creative process.,0,0.561,0.439,0.8225,POSITIVE,positive
03/10/2022,Tuesday's papers are dominated by claims the PM faces a new revolt over public spending cuts.,0.136,0.864,0,-0.296,NEGATIVE,negative
03/10/2022,Residents drilled holes in their fences to create wildlife corridors for the animals.,0,0.851,0.149,0.2732,POSITIVE,positive
03/10/2022,"Women of colour being treated at a London hospital can now choose a ""softie"" to match their skin tone.",0.25081125,0.7117355,0.037453264,0.985243797,NEGATIVE,negative
03/10/2022,Growing concerns within the Conservative Party over the PM's tax plans dominate Monday's papers.,0.089,0.651,0.26,0.4404,POSITIVE,positive
03/10/2022,With a little know-how people are tuning their home heating to reduce their gas consumption.,0.10462979,0.7762216,0.119148605,0.998289406,NEGATIVE,negative
03/10/2022,The PM and chancellor held a series of crisis talks as it became clear the 45p tax cut policy was going to fail.,0.32,0.594,0.086,-0.7964,NEGATIVE,negative
03/10/2022,Fellow climbers saddened by her death in the Himalayas recall an inspirational figure to a generation of women.,0.297,0.569,0.134,-0.6124,NEGATIVE,negative
03/10/2022,Sweden's Svante Paabo wins the prize for discoveries on humanity's extinct relatives.,0,0.588,0.412,0.7906,POSITIVE,positive
03/10/2022,"Distraught fans demand justice, claiming police use of tear gas triggered a crush which killed 125 people.",0.437,0.43,0.133,-0.7783,NEGATIVE,negative
03/10/2022,Russian officials say Ukrainian armour has made advances in the south and east.,0.13758813,0.83102393,0.031388007,0.935253739,POSITIVE,positive
03/10/2022,Roy Jones Jr speaks to BBC Sport about Chris Eubank Jr v Conor Benn and why he agreed to step aside from coaching Eubank for the fight.,0.091,0.836,0.073,-0.128,NEGATIVE,negative
03/10/2022,World number one Iga Swiatek criticises the scheduling of upcoming tennis events and says she will not be able to play at November's Billie Jean King Cup Finals.,0.074,0.806,0.119,0.1027,POSITIVE,positive
03/10/2022,Manchester United forward Alessia Russo will miss England's matches against the USA and the Czech Republic through injury.,0.198,0.676,0.126,-0.1531,NEGATIVE,negative
03/10/2022,"Tory MPs said the decision to offer the best paid a tax cut was unsellable, the BBC's political editor explains.",0.09,0.73,0.18,0.4767,POSITIVE,positive
03/10/2022,"Nottingham Forest manager Steve Cooper put a brave face on the 4-0 loss to Leicester, but his job is under threat with the team bottom of the table.",0.193,0.74,0.068,-0.6187,NEGATIVE,negative
03/10/2022,European countries have taken different approaches to higher energy bills.,0,0.811,0.189,0.2732,POSITIVE,positive
03/10/2022,The visit to Scotland is the King and Queen Consort's first joint public appearance since the end of the mourning period.,0.127,0.873,0,-0.4404,NEGATIVE,negative
03/10/2022,"The government has U-turned over its plan to abolish the 45% rate of income tax, but other tax changes are going ahead.",0.02132967,0.8020293,0.176641,0.87799269,POSITIVE,positive
03/10/2022,But she did not reverse the decision to remove titles from four of her grandchildren.,0.27553657,0.70676994,0.017693466,0.938285589,POSITIVE,positive
03/10/2022,"Neither presidential candidate got more than 50% of the overall vote, meaning they will face off on 30 October.",0.11508813,0.83128315,0.053628743,0.998078823,NEGATIVE,negative
03/10/2022,All UK households will get a grant which will reduce energy bills by £400 from October.,0,0.739,0.261,0.5574,POSITIVE,positive
04/10/2022,Antonio Conte wants his side to become more clinical after they failed to convert a number of opportunities in their goalless draw against Eintracht Frankfurt in the Champions League.,0.095,0.694,0.211,0.4588,POSITIVE,positive
04/10/2022,New Calais smuggling networks are making it even harder to stop rising numbers of Channel crossings.,0.275,0.725,0,-0.6486,NEGATIVE,negative
04/10/2022,Inquiry chair Baroness Hallett promises 'thorough and fair' review at first preliminary hearing.,0,0.692,0.308,0.5994,POSITIVE,positive
04/10/2022,"Mum of Tony Hickmott, who has been held in a secure hospital since 2001, says: ""He's coming home.""",0,0.87,0.13,0.34,POSITIVE,positive
04/10/2022,European countries have taken different approaches to higher energy bills.,0,0.811,0.189,0.2732,POSITIVE,positive
04/10/2022,Pakistan's worst floods in years have left millions homeless and lacking clean drinking water.,0.218,0.638,0.144,-0.34,NEGATIVE,negative
04/10/2022,"BBC broadcaster Alex Scott says the domestic abuse she experienced during her childhood is ""still so raw"".",0.208,0.792,0,-0.6369,NEGATIVE,negative
04/10/2022,North Korea has been conducting regular missile tests as part of its weapons development programme.,0.172,0.828,0,-0.4404,NEGATIVE,negative
04/10/2022,"BBC Sport profiles Chelsea and Australia forward Sam Kerr, one of five nominees for the BBC Women's Footballer of the Year 2022 award.",0,0.863,0.137,0.5423,POSITIVE,positive
04/10/2022,"Chiara Beer makes videos to help people who, like her, have to carry out tasks with one hand.",0,0.641,0.359,0.8126,POSITIVE,positive
04/10/2022,Children are dying in growing numbers amid the worst drought to hit Somalia in 40 years.,0.207,0.707,0.086,-0.5267,NEGATIVE,negative
04/10/2022,Olga Valeyeva is fined nearly $700 by the Russian authorities and another woman is jailed for 10 days.,0.158,0.842,0,-0.4939,NEGATIVE,negative
04/10/2022,"Thousands of transport workers are striking in an ongoing row over pay, jobs and conditions.",0.091,0.909,0,-0.1027,NEGATIVE,negative
04/10/2022,"Amid warnings of violence, the first vote since the Capitol riot will be a huge test of US democracy.",0.378,0.534,0.088,-0.8225,NEGATIVE,negative
04/10/2022,Just Fine makes history at Leicester as the first winner for King Charles III after he inherited the late Queen's horses.,0,0.772,0.228,0.6808,POSITIVE,positive
04/10/2022,"The BBC has analysed over 1,000 videos of unprecedented protests following Mahsa Amini's death in custody.",0.293,0.707,0,-0.7003,NEGATIVE,negative
04/10/2022,The papers preview Liz Truss's Conservative conference speech as infighting in the party continues.,0,0.828,0.172,0.4019,POSITIVE,positive
04/10/2022,"In a letter to Twitter, the billionaire said he would buy the business and honour his original deal.",0,0.714,0.286,0.7184,POSITIVE,positive
04/10/2022,Aslef union members at 13 rail companies walk out on Wednesday in a row over pay and conditions.,0.08,0.92,0,-0.1027,NEGATIVE,negative
04/10/2022,Alok Sharma says the King has been a champion of the environment and other countries want him to attend COP27.,0,0.766,0.234,0.6369,POSITIVE,positive
04/10/2022,"BBC Sport profiles Lyon and France defender Wendie Renard, one of five nominees for the BBC Women's Footballer of the Year 2022 award.",0,0.811,0.189,0.5994,POSITIVE,positive
04/10/2022,Some Tory MPs are clear they will not back a move to end the link between benefits and inflation.,0,0.755,0.245,0.6369,POSITIVE,positive
04/10/2022,"BBC Sport profiles Barcelona and Spain midfielder Alexia Putellas, one of five nominees for the BBC Women's Footballer of the Year 2022 award.",0,0.863,0.137,0.5423,POSITIVE,positive
04/10/2022,BBC political correspondent Ione Wells speaks to members behind the scenes at the Conservative party conference.,0,0.749,0.251,0.5719,POSITIVE,positive
04/10/2022,"Thousands have criticised the inclusion of filmmaker Sajid Khan, who was accused of sexual misconduct.",0.278,0.722,0,-0.6124,NEGATIVE,negative
04/10/2022,The tennis player - who is accused of assaulting an ex-partner - cites his struggles with mental health.,0.381,0.619,0,-0.7906,NEGATIVE,negative
04/10/2022,"The former president weighed bombing Mexican drug labs and nearly fired his daughter, a new book claims.",0.194,0.806,0,-0.5574,NEGATIVE,negative
04/10/2022,"BBC Sport profiles Wolfsburg and Germany forward Alexandra Popp, one of five nominees for the BBC Women's Footballer of the Year 2022 award.",0,0.863,0.137,0.5423,POSITIVE,positive
04/10/2022,"BBC Sport profiles Arsenal and England winger Beth Mead, one of five nominees for the BBC Women's Footballer of the Year 2022 award.",0,0.863,0.137,0.5423,POSITIVE,positive
04/10/2022,The pound remained high despite confusion over when Kwasi Kwarteng would set out his debt-cutting plan.,0,0.888,0.112,0.2235,POSITIVE,positive
04/10/2022,"Inspectors also endorsed staff ""values"" at a time when the BBC was filming patients being mistreated.",0,0.875,0.125,0.25,POSITIVE,positive
04/10/2022,BBC Sport names its inaugural Green Sport Award winners - including former racing driver Leilani Münter and ex-rugby player David Pocock.,0,0.732,0.268,0.765,POSITIVE,positive
04/10/2022,"A men's community group are rebuilding their shed, after it was destroyed by arson.",0.211,0.789,0,-0.4939,NEGATIVE,negative
04/10/2022,This year's physics award recognises research into a strange phenomenon in sub-atomic particles.,0.118,0.654,0.229,0.4019,POSITIVE,positive
04/10/2022,"After 25 years of catching 'em all, the seller's haul of more than 20,000 items will now be sold.",0.2793871,0.6578737,0.06273922,0.997838795,POSITIVE,positive
04/10/2022,The team will also monitor a colony of gentoo penguins on Goudier Island for five months.,0.015305952,0.91579497,0.06889912,0.687879801,NEGATIVE,negative
04/10/2022,"Jim Redmond, who famously helped his injured son Derek cross the 400m finish line at the 1992 Barcelona Olympics, has died aged 81.",0.231,0.769,0,-0.743,NEGATIVE,negative
04/10/2022,"The BBC's Orla Guerin finds desolate scenes in Lyman, a town Ukraine recaptured from Russia.",0.52572924,0.45312753,0.021143237,0.996329129,NEGATIVE,negative
04/10/2022,"The animal was given the nickname ""Wile E."" after the Warner Brothers character.",0.053331718,0.8737047,0.0729636,0.951871872,NEGATIVE,negative
04/10/2022,Russia's latest setbacks came as President Putin was due to sign into force annexation decrees.,0.5807502,0.40716583,0.012083863,0.997555733,NEGATIVE,negative
04/10/2022,Celebrations are being held on a massive scale for the first time since the Covid-19 pandemic.,0.009204019,0.35773835,0.63305765,0.998974442,POSITIVE,positive
04/10/2022,This is the moment a train collided with a police car in Colorado - with a woman in the back seat.,0.7561655,0.23473531,0.009099172,0.990137339,NEGATIVE,negative
04/10/2022,The families fleeing Russian-occupied areas speak of their hopes and fears as the border hardens.,0.48543075,0.498553,0.01601623,0.912239313,POSITIVE,positive
04/10/2022,Driverless robo-taxis are being allowed on the city's streets at night for paying members of the public.,0.3950512,0.5618589,0.043089878,0.988473952,NEGATIVE,negative
04/10/2022,Business leaders consider how the move towards more informal clothing attire at work affects them.,0.049060833,0.89073074,0.06020841,0.745499253,NEGATIVE,negative
04/10/2022,Chris Eubank Jr and Conor Benn prepare to face each other 30 years on from their fathers' iconic rivalry.,0.033831313,0.8420549,0.1241138,0.998660803,POSITIVE,positive
04/10/2022,"The singer's hits included Coal Miner's Daughter, Honky Tonk Girl and feminist anthem The Pill.",0.007192087,0.82296723,0.16984068,0.995252728,POSITIVE,positive
04/10/2022,"The inquiry's first module looks at pandemic preparedness, as campaigners say lessons must be learned.",0.1945839,0.7483953,0.057020847,0.707435608,NEGATIVE,negative
04/10/2022,"The government has U-turned over scrapping the 45% rate of income tax, but other changes are going ahead.",0.011111938,0.71628666,0.2726013,0.968346238,POSITIVE,positive
04/10/2022,The average rate of a new two-year fixed rate mortgage is 6% as the UK's biggest lenders change prices.,0.11615211,0.8262431,0.057604786,0.978240609,NEGATIVE,negative
04/10/2022,"An expert calls for ""immediate research"" after a study suggests players could be at increased risk.",0.5737174,0.4150876,0.01119504,0.977395892,NEGATIVE,negative
04/10/2022,Liz Truss will use her first conference speech as prime minister to explain her economic policies.,0.018692322,0.88843155,0.09287607,0.912578225,NEGATIVE,negative
05/10/2022,Climate activists say Egypt should reverse its decision because of Coca-Cola's plastic pollution.,0.74313724,0.24194732,0.014915479,0.998797178,NEGATIVE,negative
05/10/2022,"How Ukraine's ""indomitable"" fashion designers are showcasing their work in the French capital.",0.006742753,0.4544986,0.53875864,0.999335229,POSITIVE,positive
05/10/2022,The owner of Leopard and Barcode has kept it wrapped in a blanket under a bed for a decade.,0.16792284,0.8076723,0.024404932,0.969375372,NEGATIVE,negative
05/10/2022,The footage shows a man stumbling across a Lincoln crossing moments before a train blasts through.,0.24808726,0.7185598,0.03335294,0.991315246,NEGATIVE,negative
05/10/2022,Ukraine continues to take back territory from Russia but Moscow says it will regain it.,0.100764066,0.85072166,0.048514254,0.992619812,POSITIVE,positive
05/10/2022,Time-restricted eating reduced blood pressure and cholesterol in a study of US firefighters.,0.167,0.833,0,-0.296,NEGATIVE,negative
05/10/2022,Universal boss Donna Langley is the first British woman to run a Hollywood studio.,0.018100401,0.8281823,0.1537173,0.998813272,POSITIVE,positive
05/10/2022,Meet the people who are choosing alternative ways to heat their homes and keep their bills down.,0.19475864,0.72711337,0.078128,0.989765525,POSITIVE,positive
05/10/2022,"Could the British Royal Family have its own ""slimming down"" in the footsteps of Denmark's queen?",0.09208562,0.8796384,0.02827604,0.997015715,NEGATIVE,negative
05/10/2022,Can India become the new manufacturing hub as global firms try to reduce their dependence on China?,0.028269317,0.8188757,0.15285505,0.991010666,NEGATIVE,negative
05/10/2022,"As Vladimir Putin turns 70, we look back at a series of turning points that helped shape his worldview.",0.057513416,0.81062615,0.13186046,0.999337614,POSITIVE,positive
05/10/2022,The world's major oil exporters have agreed to cut production by two million barrels a day.,0.0740244,0.832541,0.093434654,0.989356816,NEGATIVE,negative
05/10/2022,Surprising news stories about candidates are not uncommon in US politics before November elections.,0,0.861,0.139,0.2732,POSITIVE,positive
05/10/2022,Ms Jolie says Mr Pitt grabbed her by the head and attacked two of their children. He denies the claim.,0.244,0.756,0,-0.7003,NEGATIVE,negative
05/10/2022,The BBC talks to students whose schools have been set on fire in a spate of recent attacks.,0.261,0.739,0,-0.6486,NEGATIVE,negative
05/10/2022,"The British Boxing Board of Control says the bout is ""not in the interests of boxing"" after Conor Benn returns an adverse drug test before fighting Chris Eubank Jr.",0.206,0.794,0,-0.6946,NEGATIVE,negative
05/10/2022,Celtic's hopes of progressing in the Champions League were dented after RB Leipzig eventually triumphed in a frantic and entertaining contest.,0.096,0.497,0.407,0.8555,POSITIVE,positive
05/10/2022,Chelsea get their first win of this season's Champions League with an emphatic and fully deserved victory over AC Milan.,0,0.714,0.286,0.802,POSITIVE,positive
05/10/2022,Taiwanese fruit growers are unable to sell their crop after Beijing banned their importation.,0.188,0.812,0,-0.4588,NEGATIVE,negative
05/10/2022,Erling Haaland continues his incredible scoring form with two more goals as Manchester City sweep Copenhagen aside in Champions League Group G.,0,0.861,0.139,0.5267,POSITIVE,positive
05/10/2022,"The prime minister wants to be judged on boosting economic growth, but how easy will that be to deliver?",0,0.685,0.315,0.7469,POSITIVE,positive
05/10/2022,Could the solution to plastic pollution be found inside the mouths of tiny wax worms?,0,0.859,0.141,0.3182,POSITIVE,positive
05/10/2022,Alaskan bears stuffing themselves for the winter have gained a loving audience around the world.,0,0.649,0.351,0.7579,POSITIVE,positive
05/10/2022,"A video appears to show teenagers shouting ""get lost, Basiji"", as protests spread to the classroom.",0.244,0.756,0,-0.4939,NEGATIVE,negative
05/10/2022,"Jessica Lawson, 12, died after a pontoon capsized in a lake near Limoges in 2015.",0.231,0.769,0,-0.5574,NEGATIVE,negative
05/10/2022,Elizabeth McMonigle's brother and sister were killed during a brutal robbery in their Glasgow home.,0.417,0.583,0,-0.8625,NEGATIVE,negative
05/10/2022,"Bank customers in Lebanon cannot withdraw more than $400 a month, owing to the financial crisis.",0.227,0.773,0,-0.6249,NEGATIVE,negative
05/10/2022,Rescue dog Pip went missing on a walk but managed to navigate the 4.6 miles home.,0.096,0.776,0.128,0.1406,POSITIVE,positive
05/10/2022,Two teenage sisters are trying to highlight a wider diversity of characters in children's books.,0,0.844,0.156,0.34,POSITIVE,positive
05/10/2022,The papers react to Liz Truss's Conservative conference speech as infighting in the party continues.,0,0.838,0.162,0.4019,POSITIVE,positive
05/10/2022,Marine Colonel Nicole Mann tells the BBC she hopes her achievement will inspire future generations.,0,0.667,0.333,0.7579,POSITIVE,positive
05/10/2022,"Growth is just one of many problems facing the Tory government, the BBC's political editor says.",0.14,0.725,0.135,-0.0258,NEGATIVE,negative
05/10/2022,The protests currently sweeping the country have their roots in changes made after the 1979 revolution.,0.112,0.888,0,-0.2263,NEGATIVE,negative
05/10/2022,"Bizarre, inappropriate and occasionally spot on - what music tells us about political leaders.",0.161,0.839,0,-0.3182,NEGATIVE,negative
05/10/2022,"Steve Thompson opens up about the impact of early onset dementia on his life, including leading to suicidal thoughts.",0.2,0.8,0,-0.6705,NEGATIVE,negative
05/10/2022,"It is the first war where commercial space capabilities have played a significant role, a US general says.",0.185,0.616,0.199,-0.1779,NEGATIVE,negative
05/10/2022,"Thousands of transport workers are striking in an ongoing row over pay, jobs and conditions.",0.091,0.909,0,-0.1027,NEGATIVE,negative
05/10/2022,The ancient symbol of Scottish kings was taken from Westminster Abbey in an audacious raid.,0,0.881,0.119,0.2263,POSITIVE,positive
05/10/2022,"The PM will attend a new meet-up of European leaders, boosting hopes of a reset in UK-EU relations.",0,0.729,0.271,0.6369,POSITIVE,positive
05/10/2022,Memories differ and rumours abound but the first women's Rugby World Cup can be certain of its game-changing legacy.,0,0.872,0.128,0.3919,POSITIVE,positive
05/10/2022,"LIV Golf signs a ""strategic alliance"" with the Middle East and Africa (Mena), Tour which it claims will allow its players to earn world ranking points.",0,0.927,0.073,0.2263,POSITIVE,positive
05/10/2022,England midfielder Jude Bellingham scores one and sets up another as Borussia Dortmund ease past Sevilla to tighten their grip on second place in Group G.,0,0.909,0.091,0.3612,POSITIVE,positive
06/10/2022,The move brings Mr Biden closer to his campaign pledge to nationally decriminalise recreational cannabis.,0.002725693,0.28776532,0.70950896,0.990334332,POSITIVE,positive
06/10/2022,"Three weeks before a crucial deadline, BBC News NI examines the options facing the NI secretary.",0.14520587,0.81401014,0.040784027,0.926218569,POSITIVE,positive
06/10/2022,Scotland are potentially 90 minutes away from the Women's World Cup after a gruelling extra-time play-off victory over Austria.,0.15848963,0.73276675,0.10874364,0.822036028,NEGATIVE,negative
06/10/2022,"How did Chris Williamson go from the villa, to a US-based podcast with tens of millions of downloads?",0.12193424,0.78943616,0.088629656,0.996163845,NEGATIVE,negative
06/10/2022,X-ray scans of a tiny reptile fossil reveal the pterodactyls' ancestors scampered around on two legs.,0.10146693,0.8319207,0.066612355,0.993804932,NEGATIVE,negative
06/10/2022,Federal agents investigating the US president's son believe they have evidence of tax crimes.,0.3594941,0.62644345,0.014062411,0.991766989,NEGATIVE,negative
06/10/2022,A 300-page dossier details atrocities by British soldiers against Palestinians during UK rule.,0.8523706,0.14427458,0.003354761,0.967907548,NEGATIVE,negative
06/10/2022,How closely have you been paying attention to what's been going on over the past seven days?,0.10549879,0.872002,0.02249924,0.971916556,NEGATIVE,negative
06/10/2022,"Whether letting or living in their homes, mortgages are pushing up the cost for many people.",0.62259966,0.3536914,0.023708899,0.974526286,NEGATIVE,negative
06/10/2022,Arsenal put in another impressive display to comfortably see off Bodo/Glimt in the Europa League.,0,0.681,0.319,0.7269,POSITIVE,positive
06/10/2022,"A strike ballot opens, with the Royal College of Nursing demanding a pay rise of 5% above inflation.",0.27,0.73,0,-0.4215,NEGATIVE,negative
06/10/2022,"Tom Stevenson, 21, says he had something to prove after getting disappointing A-Level results.",0.198,0.802,0,-0.4939,NEGATIVE,negative
06/10/2022,"How does a government borrow money, and when does it have to pay it back?",0.097,0.903,0,-0.1027,NEGATIVE,negative
06/10/2022,A punitive law has led to the mass exodus of journalists from Russia.,0.231,0.769,0,-0.5106,NEGATIVE,negative
06/10/2022,What’s life really like working in construction - the UK industry with the worst record on mental health?,0.187,0.685,0.128,-0.3197,NEGATIVE,negative
06/10/2022,"As part of a new series, we explore whether Norway has a solution for the US and its ageing leaders.",0,0.881,0.119,0.3182,POSITIVE,positive
06/10/2022,Many front pages lead with the National Grid's warning that the UK could face blackouts this winter.,0.13,0.87,0,-0.34,NEGATIVE,negative
06/10/2022,"After winning his US Championship match, Hans Niemann said the game was ""a message to everyone"".",0,0.69,0.31,0.743,POSITIVE,positive
06/10/2022,"French president says he hopes for a ""new phase"" in relations after talks with UK prime minister.",0,0.843,0.157,0.4215,POSITIVE,positive
06/10/2022,Twitter said it did not trust the billionaire's promises to proceed with the takeover.,0.156,0.694,0.15,-0.0263,NEGATIVE,negative
06/10/2022,Cuts would probably occur at peak times and customers would be warned in advance.,0.264,0.736,0,-0.5106,NEGATIVE,negative
06/10/2022,"New guidance asks staff to share concerns with ""trusted contacts"", even without the student's consent.",0.088,0.633,0.279,0.5624,POSITIVE,positive
06/10/2022,"At a summit in Prague on Friday, 27 leaders will consider how to protect consumers from soaring bills.",0,0.86,0.14,0.3818,POSITIVE,positive
06/10/2022,A fabulous volley in extra time from Jess Fishlock sees Wales overcome stubborn resistance from Bosnia-Herzegovina in the Welsh capital and reach the World Cup play-off final.,0.089,0.762,0.149,0.2023,POSITIVE,positive
06/10/2022,Marcus Rashford scores twice and assists another as Manchester United come from behind to beat Omonia Nicosia on Thursday.,0,0.865,0.135,0.4215,POSITIVE,positive
06/10/2022,"More people identify as bisexual than gay or lesbian, says a study from the LGBT charity, Stonewall.",0,0.843,0.157,0.4215,POSITIVE,positive
06/10/2022,"The fight between Conor Benn and Chris Eubank Jr, due to take place in London on Saturday, is postponed following the former returning an ""adverse analytical finding"".",0.223,0.777,0,-0.7096,NEGATIVE,negative
06/10/2022,"Salford's Kallum Watkins, Marc Sneyd and Andy Ackers aiming for World Cup glory after shock call-ups to the England squad.",0.108,0.747,0.145,0.2263,POSITIVE,positive
06/10/2022,Families of some of those affected are giving evidence at a public inquiry into the treatment disaster.,0.27,0.616,0.114,-0.5106,NEGATIVE,negative
06/10/2022,"While Russia's president annexes large areas of Ukraine, the truth on the ground looks very different.",0,0.867,0.133,0.3182,POSITIVE,positive
06/10/2022,An ex-police officer killed at least 37 people at a childcare centre before killing himself and his family.,0.372,0.628,0,-0.872,NEGATIVE,negative
06/10/2022,There was terror and confusion as sleeping children were attacked by the former policeman.,0.439,0.561,0,-0.8225,NEGATIVE,negative
06/10/2022,"Elton John, Prince Harry and other public figures take legal action against Associated Newspapers.",0,0.897,0.103,0.128,POSITIVE,positive
06/10/2022,Restrictions continue for millions of Chinese and this is putting political pressure on Xi Jinping.,0.136,0.864,0,-0.296,NEGATIVE,negative
06/10/2022,"Nadia Hadhrami, 23, said women struggle to find modest clothing.",0.204,0.796,0,-0.3182,NEGATIVE,negative
06/10/2022,"Broadcaster Piers Morgan presses the MP on Question Time to make a ""simple apology"" to Britons.",0,0.921,0.079,0.0516,POSITIVE,positive
06/10/2022,Rob Lewis had been suspended after a BBC investigation revealed he had been posting racist content on WhatsApp.,0.433,0.567,0,-0.8934,NEGATIVE,negative
07/10/2022,A look at Russia's nuclear arsenal and basic guide to nuclear weapons and their destructive power.,0.347,0.653,0,-0.7845,NEGATIVE,negative
07/10/2022,"A selection of powerful images from all over the globe, taken in the past seven days.",0,0.833,0.167,0.4215,POSITIVE,positive
07/10/2022,"European champions England beat world champions the United States for the first time since 2017 in front of more than 76,000 fans at Wembley Stadium.",0,0.696,0.304,0.8625,POSITIVE,positive
07/10/2022,The firing of a cabinet minister and the ongoing energy crisis lead several of Saturday's papers.,0.316,0.583,0.102,-0.6597,NEGATIVE,negative
07/10/2022,Racism fuelled Phil Magbotiwan's determination to open his own nightclub.,0.277,0.541,0.182,-0.34,NEGATIVE,negative
07/10/2022,Better home insulation could save some households hundreds of pounds a year on their energy bills.,0,0.594,0.406,0.802,POSITIVE,positive
07/10/2022,Octopus energy expects customers to get £4 a day on average for cutting back consumption when demand is high.,0.149,0.746,0.104,0.0258,POSITIVE,positive
07/10/2022,The move comes after parents of the victims camped outside school offices in protest.,0.264,0.736,0,-0.5106,NEGATIVE,negative
07/10/2022,"Ukraine's president tells the BBC ""they are not ready to do it... But they begin to communicate"".",0.089,0.911,0,-0.1419,NEGATIVE,negative
07/10/2022,Iran's leaders are ordering the police and Revolutionary Guard to crack down on nationwide protests.,0.119,0.881,0,-0.2263,NEGATIVE,negative
07/10/2022,European countries have taken different approaches to higher energy bills.,0,0.811,0.189,0.2732,POSITIVE,positive
07/10/2022,Glasgow loses out as the UK prepares to stage the song contest next May on behalf of Ukraine.,0.119,0.881,0,-0.3182,NEGATIVE,negative
07/10/2022,The SNP conference will hear much about the fallout from the UK government's tax cutting mini-budget.,0.091,0.909,0,-0.128,NEGATIVE,negative
07/10/2022,The jailed activist has spent decades fighting Aleksander Lukashenko's authoritarian rule in Belarus.,0.341,0.659,0,-0.6908,NEGATIVE,negative
07/10/2022,"Thousands of transport workers are striking in an ongoing row over pay, jobs and conditions.",0.091,0.909,0,-0.1027,NEGATIVE,negative
07/10/2022,Heat energy is being captured from people dancing to help a Glasgow venue reduce its carbon emissions.,0,0.745,0.255,0.5859,POSITIVE,positive
07/10/2022,Conservationists say they expected this year's warm summer to be a much better one for butterflies.,0,0.73,0.27,0.5859,POSITIVE,positive
07/10/2022,More than 100 licences are expected to be granted for new fossil fuel exploration in the North Sea.,0,0.804,0.196,0.4404,POSITIVE,positive
07/10/2022,"Unlike Elon Musk's latest creation, the most useful robots, experts say, do not look human - so far.",0,0.739,0.261,0.6478,POSITIVE,positive
07/10/2022,Emergency services remain at the scene in Creeslough after an explosion at a petrol station.,0.167,0.833,0,-0.3818,NEGATIVE,negative
07/10/2022,Jess Fishlock's stunning extra-time volley secures a 1-0 win against Bosnia-Herzegovina and sends Wales into the World Cup play-off final.,0,0.648,0.352,0.8271,POSITIVE,positive
07/10/2022,George Russell heads Lewis Hamilton to a Mercedes one-two on a wet Friday practice at the Japanese Grand Prix.,0,0.842,0.158,0.4588,POSITIVE,positive
07/10/2022,England's Lauren Parker puts in a battling performance to beat Mexico's Edna Malto to claim the IBO intercontinental super-flyweight belt.,0.104,0.896,0,-0.2732,NEGATIVE,negative
07/10/2022,"Nigel Benn says his son Conor is ""clean"" despite a failed drug test leading to the postponement of his fight with Chris Eubank Jr.",0.099,0.798,0.103,0.0263,POSITIVE,positive
07/10/2022,"Professionalism, respect and a very good maul are just three factors behind England's dominance - can anyone stop them?",0.094,0.558,0.347,0.7089,POSITIVE,positive
07/10/2022,Screenwriters Neal Purvis and Robert Wade discuss what it takes to keep the James Bond franchise alive.,0,0.86,0.14,0.3818,POSITIVE,positive
07/10/2022,Rab Thomson is among 700 people who may have been wrongly convicted in the Post Office scandal.,0.153,0.847,0,-0.4404,NEGATIVE,negative
07/10/2022,Baptisms and body slams are all part of a day's work for one church which aims to help young people.,0,0.87,0.13,0.4019,POSITIVE,positive
07/10/2022,The UN has examined allegations of repression and human rights violations in both countries.,0.333,0.667,0,-0.7184,NEGATIVE,negative
07/10/2022,Power cuts are very unlikely in the coming months but not impossible so what would it mean for you?,0.082,0.918,0,-0.1531,NEGATIVE,negative
07/10/2022,Jack Nowell and Olly Woodburn score two tries apiece as Exeter thrash Bristol in their Premiership match at Ashton Gate.,0.00354151,0.72699434,0.26946414,0.998590648,POSITIVE,positive
07/10/2022,Dominic Young stars on debut as England thrash Fiji 50-0 in their final warm-up game before hosting the Rugby League World Cup.,0.003365949,0.44554257,0.5510915,0.978413343,POSITIVE,positive
07/10/2022,"Some of the enigmatic stone-carved statues ""are totally charred"" according to local authorities.",0.36861947,0.60661685,0.024763718,0.999277771,NEGATIVE,negative
07/10/2022,The trade minister also had the Tory whip removed after allegations of inappropriate behaviour.,0.75653154,0.23833273,0.005135708,0.997689605,NEGATIVE,negative
07/10/2022,"Many of the enigmatic stone-carved statues are ""totally charred"" according to local authorities.",0.33680594,0.6372811,0.025912948,0.999299049,NEGATIVE,negative
07/10/2022,Crowds gather to watch the star as he performs his hit song The A Team.,0.002295233,0.5895537,0.40815103,0.999666333,POSITIVE,positive
07/10/2022,Gardener Kevin Fortey counts rappers Snoop Dogg and Souleye among his fans.,0.005119066,0.7185933,0.27628762,0.997969806,POSITIVE,positive
07/10/2022,"After London and Paris, the French designer staged a fashion show at Gleneagles in Perthshire.",0.006654765,0.87987447,0.113470726,0.996562183,POSITIVE,positive
07/10/2022,"Now we know Liverpool will host Eurovision in 2023, questions are likely to move to funding the event.",0.13844994,0.7777992,0.08375088,0.920148253,NEGATIVE,negative
08/10/2022,"Energy bills have gone up, but there are some easy ways households can reduce costs.",0,0.707,0.293,0.6597,POSITIVE,positive
08/10/2022,"Ian Blackford tells the SNP conference homes, pensions, and incomes are not safe under Westminster control.",0.138,0.862,0,-0.3412,NEGATIVE,negative
08/10/2022,The national security law was introduced by Beijing in 2020 to clamp down on protesters.,0.11,0.751,0.139,0.128,POSITIVE,positive
08/10/2022,A Facebook post leads a music fan to surprise the man responsible for a much-loved Madchester photo.,0,0.621,0.379,0.6908,POSITIVE,positive
08/10/2022,Tobin was only unmasked after his final victim was found hidden under the floorboards of a church.,0.123,0.877,0,-0.2732,NEGATIVE,negative
08/10/2022,Harry Kane scores his eighth goal of the season as Tottenham win at Brighton to strengthen their place in the top three of the Premier League.,0,0.744,0.256,0.7845,POSITIVE,positive
08/10/2022,"Other players may have caught the eye since the Saudi-led takeover one year ago - but on Tyneside, they love to talk about Bruno.",0,0.791,0.209,0.7783,POSITIVE,positive
08/10/2022,A live news broadcast in Iran was interrupted by messages targeting the country's supreme leader.,0.124,0.674,0.202,0.34,POSITIVE,positive
08/10/2022,"Max Verstappen is ""taking it day by day"" in his quest for a second F1 title, and Sunday could well be the time he can stop counting, writes Andrew Benson.",0.07,0.863,0.067,-0.0258,NEGATIVE,negative
08/10/2022,England secure a series win over Uganda with 53-45 win in game two of the three-game series in London.,0,0.6,0.4,0.875,POSITIVE,positive
08/10/2022,"Erling Haaland is called ""ridiculous"" and ""sublime"" as he obliterates the record for fastest player to score 15 Premier League goals in Saturday's 4-0 win over Southampton.",0,0.872,0.128,0.5859,POSITIVE,positive
08/10/2022,"A Ukrainian official said two sites were found near Lyman, with one estimated to hold 200 dead.",0.223,0.777,0,-0.6486,NEGATIVE,negative
08/10/2022,"When your job is your way of life, the cost of living crisis bites doubly hard on livelihoods.",0.246,0.67,0.085,-0.5574,NEGATIVE,negative
08/10/2022,Passengers across Britain are being urged to avoid travelling unless absolutely necessary.,0.167,0.833,0,-0.296,NEGATIVE,negative
08/10/2022,Mayor Eric Adams said the city is on track to spend $1bn this fiscal year to care for asylum seekers.,0,0.856,0.144,0.4939,POSITIVE,positive
08/10/2022,"The trade minister, who has denied any wrongdoing, was sacked from the government on Friday.",0.172,0.828,0,-0.4404,NEGATIVE,negative
08/10/2022,"Ian Wright breaks down Newcastle's ""brilliantly worked"" set-piece trickery that sets up a goal for Bruno Guimaraes in a 5-1 win over Brentford.",0.075,0.645,0.28,0.7717,POSITIVE,positive
08/10/2022,"The explosion wrecked one section of Europe's longest bridge, reportedly killing three people.",0.268,0.732,0,-0.6597,NEGATIVE,negative
08/10/2022,"Four men, three women, a teenage boy and girl, and a young child are among the dead, police confirm.",0.212,0.788,0,-0.6486,NEGATIVE,negative
08/10/2022,"A quiet, charming, unassuming man - and arguably the most popular leader on Earth.",0.112,0.503,0.385,0.7089,POSITIVE,positive
08/10/2022,She was one of the Queen's favourite ponies and appeared at the monarch's funeral.,0.161,0.839,0,-0.3612,NEGATIVE,negative
08/10/2022,"The sight of the crippled bridge is a morale boost - but fear remains, writes the BBC's Paul Adams.",0.203,0.709,0.087,-0.5346,NEGATIVE,negative
08/10/2022,Many of Sunday's front pages lead on reports of infighting in No 10 and the explosion on a key bridge in Crimea.,0.099,0.901,0,-0.296,NEGATIVE,negative
08/10/2022,Vikram Pendse loves bicycles so much that he has opened a museum for them in the Indian city of Pune.,0,0.829,0.171,0.5719,POSITIVE,positive
08/10/2022,"Champion toe wrestler Alan ""Nasty"" Nash talks about his career before putting his feet up.",0,0.782,0.218,0.5994,POSITIVE,positive
08/10/2022,Forest fires ignited by Russian shelling have devastated Ukraine's Drevlyansky reserve.,0.286,0.714,0,-0.6124,NEGATIVE,negative
08/10/2022,"The events allow millions to see on TV when flaws are exposed or progress revealed, writes Laura Kuenssberg.",0.062,0.714,0.224,0.5267,POSITIVE,positive
08/10/2022,"Lisa Williams, from Suffolk, becomes World Porridge Champion at the famous Carrbridge competition.",0,0.755,0.245,0.5994,POSITIVE,positive
08/10/2022,"The ultimate underground band of the 1990s are back, with a viral TikTok hit and ""emotional"" tour.",0.007884951,0.432828,0.5592871,0.996672273,POSITIVE,positive
08/10/2022,"Three-year-old Emmy was found awake, curled up next to the bodies of her classmates.",0.16346134,0.75437236,0.08216628,0.993733466,POSITIVE,positive
08/10/2022,Worthing has voted Conservative for decades but an influx of urbanities has ruptured the status quo.,0.4062934,0.55721694,0.03648965,0.960523248,NEGATIVE,negative
08/10/2022,The BBC's Simon Reeve meets one of the last traditional miners in the world's largest salt flat.,0.04503531,0.89328766,0.06167704,0.969762981,POSITIVE,positive
08/10/2022,"Birds in Norfolk, Suffolk and parts of Essex cannot be outside from Wednesday, amid the UK's largest outbreak.",0.8842057,0.10981572,0.005978642,0.592790186,POSITIVE,positive
08/10/2022,"Italy's Filippo Ganna smashes cycling's hour world record, recording 56.792km.",0.003617421,0.24159487,0.75478774,0.995594084,POSITIVE,positive
08/10/2022,The Power Of The Doctor episode will end her time on the sci-fi series after five years in the lead role.,0.3213284,0.6259201,0.052751504,0.969598651,NEGATIVE,negative
08/10/2022,A selection of striking images from our readers around the world.,0.00194321,0.16580057,0.83225626,0.999874711,POSITIVE,positive
08/10/2022,Antonio Colak scores a double for the third league match running as Rangers beat St Mirren to stay within two points of Celtic.,0.004344131,0.65164864,0.34400716,0.99895072,POSITIVE,positive
09/10/2022,"Facing danger at home, a record number of Indian migrants have crossed from Mexico into the US.",0.182,0.749,0.07,-0.4767,NEGATIVE,negative
09/10/2022,"Arsenal, showing new guile and steel, make their most powerful statement so far in a win over Liverpool that proves their character.",0,0.726,0.274,0.7996,POSITIVE,positive
09/10/2022,Russian mercenaries look set to profit from the new junta that has seized power in Burkina Faso.,0,0.847,0.153,0.4404,POSITIVE,positive
09/10/2022,Cristiano Ronaldo scores his 700th club goal as Manchester United come from behind to beat Everton at Goodison Park in the Premier League.,0,0.887,0.113,0.4215,POSITIVE,positive
09/10/2022,Michael van Gerwen holds off a spirited Nathan Aspinall 5-3 to win his sixth World Grand Prix title in Leicester.,0,0.637,0.363,0.8442,POSITIVE,positive
09/10/2022,"After spending almost 40 years forgotten in a box, photos of ""Newport's Rocky"" go on display.",0.105,0.895,0,-0.1621,NEGATIVE,negative
09/10/2022,"Nicola Sturgeon says she does not regret her words after being accused of ""dangerous"" rhetoric.",0.125,0.742,0.133,0.0341,POSITIVE,positive
09/10/2022,State bodies accused of serious abuses in the Gulf nation have received £1.8m from the UK this year.,0.321,0.679,0,-0.7269,NEGATIVE,negative
09/10/2022,Forest fires ignited by Russian shelling have devastated Ukraine's Drevlyansky reserve.,0.286,0.714,0,-0.6124,NEGATIVE,negative
09/10/2022,Annalena Baerbock says Germany will ensure the European Union freezes assets and imposes entry bans.,0.14,0.618,0.242,0.4215,POSITIVE,positive
09/10/2022,At least 22 people have died and 52 are missing as torrential rain hits the Latin American country.,0.266,0.734,0,-0.7003,NEGATIVE,negative
09/10/2022,"Over-50s can get another Covid booster, as can younger people who are at higher risk, and NHS staff.",0.11,0.89,0,-0.2732,NEGATIVE,negative
09/10/2022,Many of Monday's front pages lead on Liz Truss's plans to unite Tory MPs and a missile strike in Ukraine.,0.077,0.923,0,-0.128,NEGATIVE,negative
09/10/2022,Nets used to be brought to shore and left in landfill or discarded in the ocean - putting seals at risk.,0.2,0.8,0,-0.5423,NEGATIVE,negative
09/10/2022,"London Mayor Sadiq Khan says Diwali is a reminder of ""hope for a brighter tomorrow"".",0,0.667,0.333,0.6705,POSITIVE,positive
09/10/2022,Does the SNP conference feel like a gathering one year away from an independence referendum?,0,0.839,0.161,0.3612,POSITIVE,positive
09/10/2022,Dark comedy drama scoops three top awards at the 31st Bafta Cymru ceremony.,0,0.578,0.422,0.743,POSITIVE,positive
09/10/2022,People come together in support of one another at vigils to remember those lost in Friday's blast.,0.115,0.75,0.135,0.1027,POSITIVE,positive
09/10/2022,Russia has blamed a truck bomb - but examination of the footage seems to contradict that.,0.392,0.608,0,-0.7269,NEGATIVE,negative
09/10/2022,The 18-year-old from Cambridgeshire is only the third percussionist to win the prestigious contest.,0,0.774,0.226,0.5859,POSITIVE,positive
09/10/2022,A woman and her teenage son and a 14-year-old girl also died in the petrol station explosion.,0.205,0.795,0,-0.5574,NEGATIVE,negative
09/10/2022,"Vladimir Putin accuses Ukraine of attacking the bridge to Crimea, saying it was an ""act of terrorism"".",0.265,0.735,0,-0.6597,NEGATIVE,negative
09/10/2022,Match of the Day 2 pundit Danny Murphy says that Arsenal have a world-beating attack with Gabriel Martinelli and Bukayo Saka but will not challenge Man City for the title.,0.115,0.885,0,-0.3363,NEGATIVE,negative
09/10/2022,England captain Jos Buttler explains why he decided not to appeal for obstructing the field against Matthew Wade.,0.25593308,0.72741854,0.016648382,0.987544417,NEGATIVE,negative
09/10/2022,Actor Tommy Jessop and Panorama investigate the avoidable deaths of people with a learning disability.,0.30569446,0.61303943,0.08126613,0.786524951,POSITIVE,positive
09/10/2022,"Nicola Sturgeon wants to hold a second referendum next year, so is another vote now inevitable?",0.066829,0.88607913,0.047091834,0.998748899,NEGATIVE,negative
09/10/2022,Zaporizhzhia is controlled by Ukraine but is in a region illegally annexed by Russia.,0.63536274,0.35362107,0.011016206,0.993334055,NEGATIVE,negative
09/10/2022,Bank closures and rising prices mean more people are turning to the Post Office for cash.,0.65129066,0.3278922,0.020817086,0.998712063,NEGATIVE,negative
09/10/2022,Elephants are used in the operation to hunt down the man-eater in Bihar state.,0.32190222,0.6646681,0.013429739,0.88288635,POSITIVE,positive
09/10/2022,Officials think a wave from a nearby tug boat turned over the barge in a river in Gdansk.,0.06441774,0.8901428,0.045439444,0.996163845,NEGATIVE,negative
09/10/2022,Hundreds of kilograms of crystal methamphetamine were recovered from a small boat.,0.20526052,0.7535137,0.041225847,0.984233439,NEGATIVE,negative
09/10/2022,"Max Verstappen's second world title was just reward for a mature and controlled season, but came on a ""weird"" and ""confusing"" day for F1, writes Andrew Benson.",0,0.844,0.156,0.5023,POSITIVE,positive
10/10/2022,Liverpool forward Luis Diaz is likely to be out until December with the knee injury he sustained in the 3-2 defeat by Arsenal on Sunday.,0.201,0.799,0,-0.7003,NEGATIVE,negative
10/10/2022,"Lucy Letby is described as a ""constant malevolent presence"" at the opening of her murder trial.",0.251,0.749,0,-0.6908,NEGATIVE,negative
10/10/2022,"In the first Labour deselection in more than 10 years, Sam Tarry is beaten by Jas Athwal.",0.149,0.851,0,-0.4215,NEGATIVE,negative
10/10/2022,The intelligence agency's chief will also claim the UK is at a key moment with China in his speech.,0,0.846,0.154,0.4767,POSITIVE,positive
10/10/2022,A pedestrian on Kyiv's Klitschko bridge has a narrow escape when a Russian missile hits the walkway.,0,0.884,0.116,0.1779,POSITIVE,positive
10/10/2022,"Sophie Price, from Kidderminster, has to wear protective hats after being seriously hurt in a crash.",0.394,0.606,0,-0.7783,NEGATIVE,negative
10/10/2022,The 50p coins carry the late monarch's image as they were produced before she died last month.,0.184,0.816,0,-0.5574,NEGATIVE,negative
10/10/2022,Radio presenter Summaya Mughal says cultural barriers stopped her learning to swim as a child.,0.128,0.872,0,-0.2263,NEGATIVE,negative
10/10/2022,"Public spending needs to fall by £60bn to balance the books if tax cuts go ahead, a think tank warns.",0.175,0.825,0,-0.3818,NEGATIVE,negative
10/10/2022,"Joe Biden says attacks on cities including central Kyiv show the ""brutality"" of Putin's ""illegal war"".",0.317,0.683,0,-0.7579,NEGATIVE,negative
10/10/2022,The 12th Man group is trying to help men to talk about their feelings in everyday settings.,0,0.856,0.144,0.4019,POSITIVE,positive
10/10/2022,"Concerned for her welfare, Ashley Wadsworth was poised to fly home to Canada when she was murdered.",0.206,0.701,0.093,-0.5267,NEGATIVE,negative
10/10/2022,"The men, who all lost daughters to suicide, walked 600 miles and visited all the UK's parliaments.",0.312,0.688,0,-0.7783,NEGATIVE,negative
10/10/2022,HMS Queen Elizabeth was in New York when a demonstration of jet pack technology took place.,0,0.909,0.091,0.1027,POSITIVE,positive
10/10/2022,"Video shows huge plumes of smoke and lava pouring into the sea from Italy's Stromboli island, off Sicily.",0,0.881,0.119,0.3182,POSITIVE,positive
10/10/2022,Our political editor considers the challenges ahead for the Scottish National Party after its conference.,0,0.765,0.235,0.4588,POSITIVE,positive
10/10/2022,What are the arguments set to be made about a Scottish independence referendum?,0.197,0.803,0,-0.4019,NEGATIVE,negative
10/10/2022,A Maharashtra village switches off TV and internet for a few hours daily - and the results are worth it.,0,0.894,0.106,0.2263,POSITIVE,positive
10/10/2022,The MP had backed Liz Truss's rival for PM but his appointment comes amid calls for party to unite.,0,0.787,0.213,0.5574,POSITIVE,positive
10/10/2022,"Tuesday's papers are led by the trial of nurse Lucy Letby, who denies murdering seven babies.",0.336,0.664,0,-0.7964,NEGATIVE,negative
10/10/2022,The Prince and Princess of Wales turn radio reporters to host a special show about mental health.,0,0.847,0.153,0.4019,POSITIVE,positive
10/10/2022,A Texas high school locked down after reports of a gunman. Parents refused to leave it to police.,0.195,0.805,0,-0.34,NEGATIVE,negative
10/10/2022,"Kay Crewdson, who lost two babies to miscarriage, says she will ""talk about them as long as I live"".",0.119,0.881,0,-0.3182,NEGATIVE,negative
10/10/2022,The BBC's defence correspondent meets the people of a retaken town - and the soldiers who freed it.,0,0.773,0.227,0.4767,POSITIVE,positive
10/10/2022,"As MPs return to Westminster, the prime minister signals that she's in listening mode, says the BBC's Chris Mason.",0.06935592,0.87595415,0.054689888,0.777060211,POSITIVE,positive
10/10/2022,"Russia's latest attacks have left shell-shocked residents and fiery debris, says Paul Adams in Kyiv.",0.29,0.71,0,-0.6486,NEGATIVE,negative
10/10/2022,Cheap electric cars are selling fast but the end of subsidies could end the sales boom.,0.05847886,0.38388658,0.55763453,0.973041475,NEGATIVE,negative
10/10/2022,Dogs and their owners from across the country took part in the annual event in Cheltenham.,0.007929234,0.7953489,0.19672199,0.997619092,POSITIVE,positive
10/10/2022,The huge 900lb beast was reeled in off the Pembrokeshire coast by an angler fittingly named Batey.,0,0.874,0.126,0.3182,POSITIVE,positive
10/10/2022,"Remains of more than 240 people, half of which are children, found at medieval priory in west Wales.",0.1915363,0.78289473,0.025569,0.966217637,NEGATIVE,negative
10/10/2022,The public inquiry is taking further evidence as it investigates the wrongful convictions of postmasters.,0.27993146,0.69682497,0.023243569,0.958441734,NEGATIVE,negative
10/10/2022,Predictions for how the UK economy will perform will be published earlier than expected.,0.10551767,0.83798015,0.05650215,0.998205185,NEGATIVE,negative
10/10/2022,"Medics working in some British hospitals face “slave-type” conditions, says a doctors’ group.",0.6168201,0.37034887,0.012831027,0.994262099,NEGATIVE,negative
10/10/2022,The UK's highest court will consider whether Holyrood can set up a second Scottish independence referendum.,0.05368678,0.9045745,0.041738756,0.818499804,NEGATIVE,negative
10/10/2022,What did the event in Aberdeen tell us about Nicola Sturgeon's plans for Scotland and independence?,0.05524558,0.91103834,0.03371612,0.989741921,NEGATIVE,negative
10/10/2022,People stock up on energy-efficient appliances as household bills rise but overall retail sales fell.,0.22563198,0.64252967,0.13183832,0.999692082,NEGATIVE,negative
10/10/2022,Russia launches missiles at cities across Ukraine days after a blast damaged a key bridge linking Russia and Crimea.,0.153,0.847,0,-0.4404,NEGATIVE,negative
10/10/2022,Hugo Bachega delivers a news report as several explosions happen in the centre of Kyiv.,0.45416707,0.5282106,0.017622305,0.997361004,POSITIVE,positive
10/10/2022,An otter is captured raiding fish from a garden pond in the New Forest.,0.14857447,0.818782,0.032643594,0.979940712,NEGATIVE,negative
10/10/2022,"More people than ever say they are ""Taiwanese"" and not ""Chinese"" - and Beijing is not happy about it.",0.15,0.85,0,-0.4585,NEGATIVE,negative
10/10/2022,"Steven Gerrard says he needs his Aston Villa players to become ""headline writers"" to improve their form after drawing at Nottingham Forest.",0,0.879,0.121,0.4404,POSITIVE,positive
10/10/2022,"Red Bull are found guilty of breaking Formula 1's budget cap by the sport's governing body, the FIA.",0.141,0.859,0,-0.4215,NEGATIVE,negative
10/10/2022,Two-time major winner Dustin Johnson receives $18m (£16.2m) after the American is announced as the winner of the inaugural LIV Golf championship.,0,0.644,0.356,0.8885,POSITIVE,positive
10/10/2022,Who is playing out of their skin and who redeemed himself in a classic? Find out in Garth Crooks' latest Team of the Week.,0,0.837,0.163,0.4767,POSITIVE,positive
10/10/2022,"The teenaged boy was shot multiple times while eating a burger with a friend in San Antonio, Texas.",0,0.824,0.176,0.4939,POSITIVE,positive
10/10/2022,"At least 11 people are killed in attacks across Ukraine, but troops on the front line are confident of victory.",0.181,0.654,0.165,0.1531,POSITIVE,positive
10/10/2022,"Russia launches revenge attacks across several Ukrainian regions, including capital city Kyiv.",0.387,0.613,0,-0.743,NEGATIVE,negative
10/10/2022,The former BBC Radio 5 Live and Blue Peter presenter was diagnosed at the age of 42.,0.42397788,0.5533522,0.022669965,0.99666518,NEGATIVE,negative
10/10/2022,"Users say the rides triggered the phones' crash detection system, US media reports.",0.184,0.816,0,-0.4019,NEGATIVE,negative
10/10/2022,"Banned British sprinter CJ Ujah says a ""convenient"" £10 supplement bought from Amazon caused him to test positive for two prohibited substances at the Tokyo Olympics.",0.099,0.726,0.175,0.3182,POSITIVE,positive
11/10/2022,A new generation of orchards born during lockdown is keeping old traditions alive.,0,0.809,0.191,0.3818,POSITIVE,positive
11/10/2022,Wednesday's newspapers lead on government plans to put a cap on the profits of energy companies.,0,0.722,0.278,0.6124,POSITIVE,positive
11/10/2022,"Angela Lansbury, star of the US TV crime series Murder, She Wrote, has died at the age of 96.",0.424,0.576,0,-0.9153,NEGATIVE,negative
11/10/2022,"Tuesday's papers are led by the trial of nurse Lucy Letby, who denies murdering seven babies.",0.336,0.664,0,-0.7964,NEGATIVE,negative
11/10/2022,Women around the world are protesting against the Iranian government by cutting their hair.,0.264,0.736,0,-0.5106,NEGATIVE,negative
11/10/2022,It is part of Perth and Kinross Council's ambition to create a permanent light art trail in the city.,0,0.89,0.11,0.2732,POSITIVE,positive
11/10/2022,Award winning British actress whose long career included the role of Jessica Fletcher in Murder she Wrote,0.184,0.547,0.27,0.296,POSITIVE,positive
11/10/2022,"As Parliament returns, what are some of the debates and votes by which MPs could derail the government?",0.115,0.885,0,-0.296,NEGATIVE,negative
11/10/2022,Love Island winner Ekin-Su and former EastEnders star Patsy Palmer are among this year's contestants.,0,0.619,0.381,0.8402,POSITIVE,positive
11/10/2022,The government is facing calls to extend free school meals to more children in England.,0,0.722,0.278,0.6124,POSITIVE,positive
11/10/2022,"Speaking to the BBC, a UK spy chief says Russia is ""desperate"" but still capable of causing damage.",0.189,0.661,0.15,-0.2263,NEGATIVE,negative
11/10/2022,The Prince and Princess of Wales take over Radio 1's Live Lounge to host a mental health special.,0,0.856,0.144,0.4019,POSITIVE,positive
11/10/2022,Humanoid robot artist Ai-Da needs a reset after being quizzed by a Lords committee about how she creates art.,0,0.884,0.116,0.2732,POSITIVE,positive
11/10/2022,Cathy's mum Maureen suffered multiple falls after a care-worker shortage left her to struggle on her own.,0.366,0.634,0,-0.7579,NEGATIVE,negative
11/10/2022,The price of the things we spend our money on is rising at nearly its highest rate in 40 years.,0.45209366,0.44893503,0.09897122,0.993521154,POSITIVE,positive
11/10/2022,"Lucy Letby told the mother of a distressed baby ""trust me I'm a nurse"", her murder trial hears.",0.315,0.546,0.139,-0.6369,NEGATIVE,negative
11/10/2022,"The storm travelled through Central America, causing thousands to evacuate their homes.",0.552483,0.4326687,0.014848294,0.895165622,NEGATIVE,negative
11/10/2022,"New housing, bars and shops inside the Grade-II listed iconic London building open on Friday.",0.00196466,0.40276662,0.59526867,0.998421669,POSITIVE,positive
11/10/2022,Facebook-owner Meta has revealed a new VR headset as part of its continued metaverse push.,0.001893927,0.6071824,0.39092374,0.988104939,NEGATIVE,negative
11/10/2022,Graham Bonham-Carter is accused of helping oligarch Oleg Deripaska to evade US-imposed sanctions.,0.4502973,0.5397739,0.009928782,0.523857474,NEGATIVE,negative
11/10/2022,The extraordinary moment a manic scrum of male bees envelops a single female to try to mate with her.,0.03813183,0.74064046,0.22122766,0.995788038,POSITIVE,positive
11/10/2022,"The coronation in Westminster Abbey will be on a Saturday, Buckingham Palace reveals.",0.006127154,0.90199405,0.0918788,0.998536944,POSITIVE,positive
11/10/2022,The deaths of 10 villagers in Friday's petrol station explosion in Donegal have taken their toll.,0.91162896,0.08555108,0.002819998,0.966594398,NEGATIVE,negative
11/10/2022,Poppy is trained to smell blood sugar levels and alerted a boy's parents to his plight.,0.31034586,0.6546189,0.035035223,0.969342113,POSITIVE,positive
11/10/2022,Rights activists say security forces are firing indiscriminately at protesters and homes in Sanandaj.,0.243,0.621,0.136,-0.2263,NEGATIVE,negative
11/10/2022,"The group also warned that any attack on Western infrastructure would face a ""determined response"".",0.28,0.591,0.129,-0.4215,NEGATIVE,negative
11/10/2022,Hip hop artist Krept talks about mixing music and entrepreneurship.,0.007741193,0.76712877,0.22513016,0.999062717,POSITIVE,positive
11/10/2022,Some Tories oppose the government lifting the ban on fracking in England and want a vote on the issue.,0.172,0.766,0.062,-0.5106,NEGATIVE,negative
11/10/2022,Poverty and poor prospects had left many Iranians angry with their rulers even before Mahsa Amini's death.,0.489,0.432,0.079,-0.9081,NEGATIVE,negative
11/10/2022,Ora Washington was a dominant champion across two sports in an age where prejudice and ignorance denied her proper recognition.,0.315,0.543,0.141,-0.5859,NEGATIVE,negative
11/10/2022,"One firm tells BBC Scotland it was being inundated with people crying, unable to find somewhere to live.",0.154,0.846,0,-0.4767,NEGATIVE,negative
11/10/2022,The Communist Party is expected to hand Xi Jinping another five years in power - here's how it works.,0,0.731,0.269,0.7096,POSITIVE,positive
11/10/2022,Sir Jeremy Fleming says the country's leadership is aiming to manipulate technology to gain influence.,0,0.805,0.195,0.5267,POSITIVE,positive
11/10/2022,The attack that began at a childcare centre is the worst mass killing in Thailand's history.,0.492,0.508,0,-0.9118,NEGATIVE,negative
11/10/2022,The first ever reduction in care worker numbers means more people are struggling to find the support they need.,0.123,0.641,0.236,0.4284,POSITIVE,positive
11/10/2022,Violent and sexual crimes were among 60 cases wrongfully dropped by the Crown Prosecution Service.,0.353,0.647,0,-0.7964,NEGATIVE,negative
11/10/2022,Pyongyang made its claim as intelligence suggests it is preparing to hold a nuclear weapons test.,0.153,0.684,0.163,0.0516,POSITIVE,positive
11/10/2022,"The National Audit Office will assess costs and benefits after an MP called it ""a waste of money"".",0.131,0.748,0.121,-0.0516,NEGATIVE,negative
11/10/2022,"It's elk rutting season out West, but how is their nails-on-chalkboard call attractive to females?",0,0.784,0.216,0.5927,POSITIVE,positive
11/10/2022,"Evanston, Illinois is in the middle of an unusual experiment to redress racial injustice.",0.222,0.778,0,-0.5719,NEGATIVE,negative
11/10/2022,"Nearly 2.5 million are not looking for jobs because of long-term sickness, adding to labour shortages.",0.096,0.904,0,-0.1531,NEGATIVE,negative
11/10/2022,"Shoppers could pay an extra £643 a year for food and other groceries, research firm Kantar says.",0.085,0.915,0,-0.1027,NEGATIVE,negative
11/10/2022,The Bank has stepped in to try and calm financial markets after fears about government borrowing.,0.147,0.733,0.12,-0.128,NEGATIVE,negative
11/10/2022,"Vote now for the BBC Women's Footballer of the Year 2022, with the winner announced on 9 November.",0,0.808,0.192,0.5859,POSITIVE,positive
11/10/2022,Ten-man Manchester City miss a penalty and have a goal ruled out in a VAR-dominated goalless draw at Copenhagen but still reach the Champions League last 16.,0.114,0.688,0.198,0.5346,POSITIVE,positive
11/10/2022,Scotland miss out on a place at the Women's World Cup as the Republic of Ireland crush their hopes at Hampden to reach the country's first ever finals.,0.106,0.764,0.13,0.1779,POSITIVE,positive
11/10/2022,Wales' hopes of reaching a first major tournament come to an agonising end as Switzerland fight back to win a dramatic World Cup play-off final in the dying seconds of extra time.,0.132,0.649,0.218,0.5106,POSITIVE,positive
11/10/2022,Celtic's hopes of Champions League progress are over after their profligacy is punished in a frustrating home defeat by RB Leipzig.,0.279,0.439,0.282,0.0258,POSITIVE,positive
11/10/2022,The Football Association banned 380 grassroots players and coaches for attacks on match officials last season.,0.296,0.704,0,-0.7096,NEGATIVE,negative
11/10/2022,Chelsea enjoy a comfortable Champions League victory at AC Milan after an early red card for Fikayo Tomori at the San Siro.,0,0.645,0.355,0.872,POSITIVE,positive
11/10/2022,What are the arguments set to be made about a Scottish independence referendum?,0.197,0.803,0,-0.4019,NEGATIVE,negative
12/10/2022,The 3.5-litre V5 Bentley failed its MOT in 1968 and has languished in a farmer's shed ever since.,0.171,0.829,0,-0.5106,NEGATIVE,negative
12/10/2022,The BBC's Kevin Peachey answers your questions and concerns on pensions and mortgages.,0.046238426,0.82394207,0.12981956,0.993593276,POSITIVE,positive
12/10/2022,Red Roses captain Sarah Hunter will become the joint most-capped England player when she starts against France in Saturday's World Cup match.,0.001930577,0.44394758,0.55412185,0.999514937,POSITIVE,positive
12/10/2022,"General Sergei Surovikin forged a brutal reputation in Syria, and is nicknamed General Armageddon.",0.255,0.745,0,-0.6249,NEGATIVE,negative
12/10/2022,"As temperatures rise and sea-ice melts, lifestyles are changing as fast as the climate in Greenland.",0.2615633,0.6688863,0.06955042,0.998730361,POSITIVE,positive
12/10/2022,The cost of government borrowing over 10 years briefly hit its highest level since 2008.,0.2057607,0.6801677,0.11407159,0.951853514,POSITIVE,positive
12/10/2022,"Lowri, 13, is campaigning for an option to add a pair of glasses on emojis.",0.015484823,0.80651164,0.17800353,0.996133208,NEGATIVE,negative
12/10/2022,The minimum wage has gone up by less for those under 20 than for older workers since 2016.,0.43067056,0.51418024,0.055149216,0.986431777,NEGATIVE,negative
12/10/2022,"In his first BBC Sport column, England's George Williams looks ahead to the Rugby League World Cup, which starts on Saturday.",0.008195688,0.85268253,0.13912179,0.997049034,POSITIVE,positive
12/10/2022,"Children are among those pleading for hours for digital gifts, as the company takes a cut of up to 70%.",0.104,0.896,0,-0.2732,NEGATIVE,negative
12/10/2022,Channel 4's two-part series about the libel trial will be broadcast later this year.,0.020824114,0.9400575,0.039118383,0.808698058,POSITIVE,positive
12/10/2022,The new world-first NHS service should lead to earlier diagnosis and treatment for thousands.,0.00887832,0.18994503,0.80117667,0.994233668,NEGATIVE,negative
12/10/2022,"Anne and Gina never knew where their babies were buried, until a BBC News report helped to find them.",0.36695862,0.5745263,0.058515087,0.856699228,NEGATIVE,negative
12/10/2022,"The women, who were targeted by former presenter Alex Belfield, are calling for an independent review.",0.46060216,0.5278032,0.011594645,0.99081111,NEGATIVE,negative
12/10/2022,"An appearance on talk show The Shop is pulled, days after he posted anti-Semitic messages on Twitter.",0.8213874,0.17438921,0.004223388,0.999574602,NEGATIVE,negative
12/10/2022,Americans will be reshaping Congress but the impact of this vote will be far-reaching. Here's why.,0.06483325,0.71196043,0.22320637,0.993680954,POSITIVE,positive
12/10/2022,"Robert Tsao, 75, has pledged a billion Taiwan dollars to train citizens to resist a Chinese invasion.",0.045697745,0.81551886,0.13878345,0.996005356,POSITIVE,positive
12/10/2022,Leah Croucher went missing in February 2019 and mystery surrounds her disappearance.,0.167,0.833,0,-0.296,NEGATIVE,negative
12/10/2022,Fawaz tells the BBC he accepts his life is at risk whenever he protests on the streets of Tehran.,0.179,0.717,0.103,-0.1779,NEGATIVE,negative
12/10/2022,"People renting dangerous homes are often being let down by councils, a BBC investigation finds.",0.193,0.807,0,-0.4767,NEGATIVE,negative
12/10/2022,Finns learn in school how to spot media disinformation - is that an approach the US could adopt?,0,0.904,0.096,0.1779,POSITIVE,positive
12/10/2022,Jess Roberts wins Great Britain's first medal of the 2022 Track Cycling World Championships with bronze in the women's scratch race - dedicating it to her grandfather who died at the weekend.,0.082,0.595,0.323,0.8885,POSITIVE,positive
12/10/2022,"Why despite a couple of indifferent batting performances, Ben Stokes always makes a difference for England.",0,0.891,0.109,0.1511,POSITIVE,positive
12/10/2022,The recent turmoil sparked by the mini-budget led to fears about the stability of pension funds.,0.275,0.725,0,-0.6486,NEGATIVE,negative
12/10/2022,The Bank has stepped in to try and calm financial markets after fears about government borrowing.,0.147,0.733,0.12,-0.128,NEGATIVE,negative
12/10/2022,The surprise 0.3% drop strengthens predictions that the UK will fall into recession this year.,0.233,0.524,0.243,0.0516,POSITIVE,positive
12/10/2022,Government borrowing costs are almost as high as when the Bank first stepped in to calm market turmoil.,0.12,0.769,0.111,-0.0516,NEGATIVE,negative
12/10/2022,New PM Liz Truss has ruled out using a further windfall tax to fund energy price measures.,0,0.877,0.123,0.2732,POSITIVE,positive
12/10/2022,Great Britain win three bronze medals on the opening day of the Track Cycling World Championships in France.,0,0.575,0.425,0.9022,POSITIVE,positive
12/10/2022,Judges heard two days of legal arguments about whether Holyrood has the power to set up a referendum.,0.141,0.781,0.078,-0.296,NEGATIVE,negative
12/10/2022,"A new BBC Two film, Rob Burrow: Living With MND, gives a powerful insight into the life of the former rugby league international, who was diagnosed with Motor Neurone Disease in 2019.",0.105,0.814,0.081,-0.2023,NEGATIVE,negative
12/10/2022,"The UK economy unexpectedly shrank in August, boosting predictions it will fall into a recession.",0.163,0.698,0.14,-0.1027,NEGATIVE,negative
12/10/2022,Son Heung-min scores twice as Tottenham impress in victory over Frankfurt who went down to 10 men in their Champions League group game.,0,0.769,0.231,0.743,POSITIVE,positive
12/10/2022,"The Bank of England says bond-buying help will end on Friday, despite pleas from investors to extend it.",0,0.784,0.216,0.5267,POSITIVE,positive
12/10/2022,A rucksack and other items are also discovered as police investigate the murder of Leah Croucher.,0.251,0.749,0,-0.6908,NEGATIVE,negative
12/10/2022,The conspiracy theorist is ordered to pay damages after branding the Sandy Hook school shooting a hoax.,0.45,0.55,0,-0.8316,NEGATIVE,negative
12/10/2022,A competitor named 747 - like the jumbo jet - is named as one of the fattest bears in the world.,0,0.872,0.128,0.3612,POSITIVE,positive
12/10/2022,Thursday's headlines are dominated by pressure on the prime minister to re-write her mini-budget.,0.145,0.855,0,-0.296,NEGATIVE,negative
12/10/2022,Graham Burton set up a Facebook group which has reunited thousands of missing pets and their owners.,0.128,0.872,0,-0.296,NEGATIVE,negative
12/10/2022,"Current support for women going through the change of life is completely inadequate, a report for MPs says.",0.145,0.725,0.13,-0.0754,NEGATIVE,negative
12/10/2022,Microsoft hits back at claims its proposed purchase of Activision Blizzard could harm its rival Sony.,0.189,0.811,0,-0.5423,NEGATIVE,negative
12/10/2022,"A mix of factors are at play and greater awareness is needed, the researchers say.",0,0.71,0.29,0.5994,POSITIVE,positive
12/10/2022,However the ex-Wales captain claims he was assaulted at an under-12s game.,0.236,0.764,0,-0.5267,NEGATIVE,negative
12/10/2022,Mohamed Salah comes off the bench to score an incredible six-minute hat-trick as Liverpool obliterate Rangers in the Champions League.,0.154,0.711,0.134,-0.128,NEGATIVE,negative
12/10/2022,"The Russian president says the ""ball is in the EU's court"", but Germany quickly rejects the offer.",0.212,0.788,0,-0.6486,NEGATIVE,negative
12/10/2022,Advanced air defence weaponry will be delivered in the wake of devastating Russian missile strikes.,0.394,0.452,0.154,-0.743,NEGATIVE,negative
12/10/2022,Essex Police say there was no threat on board the Jet2 flight after RAF planes escorted it to Stansted.,0.248,0.752,0,-0.6808,NEGATIVE,negative
13/10/2022,"Officials say the 1,600-year-old panel depicting classical myths is the most complete of its kind.",0,0.805,0.195,0.5267,POSITIVE,positive
13/10/2022,"Jamaica's broadcasting commission is banning content that encourages ""illegal activity"".",0.248,0.552,0.2,-0.1779,NEGATIVE,negative
13/10/2022,A special tank was used to train nine fish to find if they can measure distance.,0,0.838,0.162,0.4019,POSITIVE,positive
13/10/2022,"Stars gathered in London on Thursday for the NTAs, a month later than planned.",0.006472073,0.9220426,0.07148529,0.988203585,POSITIVE,positive
13/10/2022,"As the PM attends her first weekly audience with the King, the markets and country wonder what's next.",0.040128604,0.8411238,0.11874756,0.997523606,POSITIVE,positive
13/10/2022,Friday's headlines are dominated by mounting talk of a full U-turn on the recent mini-budget.,0.018342273,0.8403814,0.14127634,0.979652405,NEGATIVE,negative
13/10/2022,About 12 million more people will be able to book their winter vaccinations from Friday.,0.010982355,0.5016074,0.48741016,0.569447696,POSITIVE,positive
13/10/2022,Winger Dominic Young is preferred to England's leading try-scorer Ryan Hall for Saturday's game against Samoa in Newcastle.,0.022803372,0.89968425,0.07751241,0.950388432,POSITIVE,positive
13/10/2022,A Ukrainian fighter besieged at Mariupol tells the BBC he was held in solitary confinement by Russia.,0,0.904,0.096,0.1531,POSITIVE,positive
13/10/2022,"The activist travelled to the country for the second time, since she was shot by the Taliban in 2012.",0.6084689,0.3831209,0.008410249,0.95107305,POSITIVE,positive
13/10/2022,"The Met is investigating more than 600 domestic and sexual abuse claims against its staff, BBC told.",0.208,0.792,0,-0.6369,NEGATIVE,negative
13/10/2022,"Imtiaz Fazil, who had 17 miscarriages and saw five children die, says she wants more discussion about loss.",0.288,0.712,0,-0.7553,NEGATIVE,negative
13/10/2022,"A quadruple amputee says a rare double hand transplant will be ""such an amazing gift"".",0,0.611,0.389,0.7906,POSITIVE,positive
13/10/2022,Surgeons left frustrated as hospitals struggle to return routine services to full strength.,0.302,0.529,0.169,-0.3612,NEGATIVE,negative
13/10/2022,Conservative parliamentarians join an organisation campaigning to return the sculptures to Greece.,0,0.833,0.167,0.296,POSITIVE,positive
13/10/2022,Families tell the BBC they believed until the last minute their children's killer would be executed.,0.223,0.777,0,-0.6486,NEGATIVE,negative
13/10/2022,"""A government that's barely begun is confronting questions about its end,"" our political editor writes.",0.087,0.913,0,-0.0865,NEGATIVE,negative
13/10/2022,Bollywood actor Aamir Khan's recent ad for a bank has sparked outrage among Hindu right-wingers.,0.202,0.798,0,-0.5106,NEGATIVE,negative
13/10/2022,Hearts are thrashed by a rampant Fiorentina to leave their Europa Conference League progression hopes hanging in the balance.,0.06,0.8,0.14,0.3818,POSITIVE,positive
13/10/2022,"People in north Wales and Mersey pay the highest rate for their electricity, new figures reveal.",0.085,0.915,0,-0.1027,NEGATIVE,negative
13/10/2022,"For many refugees, the six months British hosts agreed to house them for is up. So what happens now?",0,0.896,0.104,0.2732,POSITIVE,positive
13/10/2022,The Bank has stepped in to try to calm financial markets after fears about government borrowing.,0.147,0.733,0.12,-0.128,NEGATIVE,negative
13/10/2022,"As well as tax cuts, ministers are promising a series of changes in policy to boost economic growth.",0.091,0.494,0.416,0.7845,POSITIVE,positive
13/10/2022,Kwasi Kwarteng admits there was 'some turbulence' in the economy after last month's mini-budget.,0,0.855,0.145,0.296,POSITIVE,positive
13/10/2022,Providers are leapfrogging each other on top savings rates as they try to raise money to lend.,0,0.899,0.101,0.2023,POSITIVE,positive
13/10/2022,"Great Britain beat Olympic champions Italy to win men's team pursuit gold in a thrilling final at the 2022 Track Cycling World Championships in Saint-Quentin-en-Yvelines, France.",0,0.532,0.468,0.9559,POSITIVE,positive
13/10/2022,It can be difficult to keep track of the ex-president's legal battles - here's what you need to know.,0.236,0.694,0.069,-0.5574,NEGATIVE,negative
13/10/2022,Arsenal take a big step towards qualifying for the Europa League knockout stage with a slender win at Bodo/Glimt.,0,0.808,0.192,0.5859,POSITIVE,positive
13/10/2022,Former England wing Ugo Monye expresses concern about the potential knock-on effect of Wasps and Worcester's financial difficulties.,0.115,0.885,0,-0.296,NEGATIVE,negative
13/10/2022,West Ham guarantee a place in the Europa Conference League knockout stage with a win over Anderlecht in Group B.,0,0.734,0.266,0.7003,POSITIVE,positive
13/10/2022,Manchester United leave it late as Scott McTominay scores a stoppage-time winner over Omonia Nicosia in the Europa League.,0.053,0.658,0.289,0.7506,POSITIVE,positive
13/10/2022,"Smugglers in migrant camps are now demanding nearly £3,000 per person to cross the Channel.",0.249,0.751,0,-0.5106,NEGATIVE,negative
13/10/2022,The government has defended its mini-budget following market turmoil and a higher cost of borrowing.,0.161,0.839,0,-0.3612,NEGATIVE,negative
13/10/2022,"Snapchat releases a ""lens"" that teaches people how to use chest compressions for cardiac arrest.",0.156,0.844,0,-0.34,NEGATIVE,negative
13/10/2022,The warnings came ahead of a bruising appearance for Liz Truss at a meeting of Tory backbenchers.,0.136,0.864,0,-0.296,NEGATIVE,negative
13/10/2022,"Bing Crosby, Margot Fonteyn and James Stewart are among the interviews to be found and restored.",0,0.862,0.138,0.34,POSITIVE,positive
13/10/2022,The Infowars host faces huge damages - but will it make a difference to online lies?,0.309,0.601,0.09,-0.6124,NEGATIVE,negative
13/10/2022,The family of the 19-year-old say police failed to properly investigate her claim of being attacked.,0.31,0.69,0,-0.743,NEGATIVE,negative
13/10/2022,A Florida jury's decision left relatives angry and upset - but was a result of the state's death penalty law.,0.506,0.494,0,-0.9231,NEGATIVE,negative
13/10/2022,Burak Erbay was protesting against a proposed government-backed bill aimed to combat 'disinformation'.,0.342,0.658,0,-0.6369,NEGATIVE,negative
13/10/2022,The National Television Awards 2022 also celebrates wins for Ant and Dec (again) and This Morning.,0,0.556,0.444,0.886,POSITIVE,positive
13/10/2022,"As the war in Ethiopia's Tigray region intensifies, the BBC gets an exclusive report from its main city.",0.182,0.748,0.07,-0.5267,NEGATIVE,negative
13/10/2022,The surprise move came as the committee aired never-before-seen footage from the storming of Congress.,0,0.87,0.13,0.2732,POSITIVE,positive
13/10/2022,"The Beatle had previously cancelled dates after catching the virus, before returning to the road.",0.125,0.875,0,-0.25,NEGATIVE,negative
13/10/2022,"Her parents gave details in an emotional encounter with the press, during a state visit to Sweden.",0,0.904,0.096,0.1531,POSITIVE,positive
13/10/2022,"Civilians in Russian-occupied Kherson are urged to ""save themselves"" from Ukrainian rockets.",0,0.775,0.225,0.4939,POSITIVE,positive
13/10/2022,"Magdalene College Cambridge's ""exquisitely detailed"" new library wins the Riba Stirling Prize.",0,0.588,0.412,0.7906,POSITIVE,positive
14/10/2022,Parts of the country have received several times their average October rainfall in just 24 hours.,0.031499658,0.7953925,0.17310788,0.718262255,NEGATIVE,negative
14/10/2022,Saturday's headlines focus on the prime minister's bid to stay in office after sacking her chancellor.,0.048814528,0.907796,0.043389436,0.857726038,POSITIVE,positive
14/10/2022,A shelter for displaced people that comes in a flat-pack and takes a few hours to assemble.,0.30931112,0.6462705,0.044418387,0.998993695,NEGATIVE,negative
14/10/2022,Half of the UK’s oldest weather stations set new records in the July heatwave.,0.005087982,0.35501286,0.63989913,0.998080134,POSITIVE,positive
14/10/2022,The Gwent force is rolling out four of the three-wheelers to be used in Newport and Abergavenny.,0.014382232,0.9298291,0.05578859,0.953428805,NEGATIVE,negative
14/10/2022,"The film about journalists investigating Harvey Weinstein is called ""astute"" but also ""slow-paced"".",0.27713597,0.6515627,0.0713014,0.992008448,NEGATIVE,negative
14/10/2022,"The day started with one Chancellor and ended with another, with a lot of turbulence in between.",0.24995536,0.68866414,0.061380513,0.977550566,NEGATIVE,negative
14/10/2022,BBC journalists are verifying videos that are crucial to establishing what is happening on the ground.,0.120894246,0.81151414,0.06759162,0.955987394,POSITIVE,positive
14/10/2022,"The US holds midterm elections on 8 November, but who's in the running and what could the results mean?",0.056203753,0.9217098,0.02208643,0.997618735,NEGATIVE,negative
14/10/2022,Explore the data on coronavirus in the UK.,0.096101485,0.87375444,0.030144153,0.995736361,POSITIVE,positive
14/10/2022,"Phil Foden signs a new contract with Manchester City, keeping the England midfielder at the club until 2027.",0.004804187,0.9200415,0.07515436,0.996856809,POSITIVE,positive
14/10/2022,What are your tips for holding off using household heating as autumn temperatures fall?,0.13961287,0.8356534,0.024733724,0.998148441,NEGATIVE,negative
14/10/2022,The Sunflowers painting is on display again after climate activists threw tins of tomato soup on it.,0.6107982,0.35631263,0.0328892,0.625722349,NEGATIVE,negative
14/10/2022,"After a week dominated by stories about the abuse of referees in grassroots football, BBC Sport speaks to officials determined to carry on doing what they love.",0.124,0.68,0.195,0.34,POSITIVE,positive
14/10/2022,"Risks to global financial stability are verging on crisis levels, the IMF has warned.",0.43,0.57,0,-0.8074,NEGATIVE,negative
14/10/2022,Fatima missed her last year of school - now the Taliban are stopping her studying what she wants at university.,0.183,0.817,0,-0.4215,NEGATIVE,negative
14/10/2022,"In the city of Bakhmut in the east, Russia continues to seize ground as it loses it elsewhere.",0.119,0.881,0,-0.3182,NEGATIVE,negative
14/10/2022,Many MPs are unhappy with the prime minister after she fired her chancellor and announced a second U-turn.,0.299,0.701,0,-0.7506,NEGATIVE,negative
14/10/2022,"Actor Robbie Coltrane, who played Hagrid in the Harry Potter films, dies aged 72.",0,0.844,0.156,0.34,POSITIVE,positive
14/10/2022,Footage appearing to show police assaulting a woman in broad daylight sparks anger on social media.,0.35,0.65,0,-0.7906,NEGATIVE,negative
14/10/2022,"As pressure mounts, Kwasi Kwarteng cancels meetings in the US to head home for discussions on the mini-budget.",0.204,0.796,0,-0.4767,NEGATIVE,negative
14/10/2022,Emergency workers are desperately searching for those still trapped hundreds of metres below ground.,0.439,0.561,0,-0.8225,NEGATIVE,negative
14/10/2022,Two unions will ballot their members to vote on industrial action over pay in Great Britain.,0.072,0.718,0.21,0.5719,POSITIVE,positive
14/10/2022,"The murder of the investigative journalist, Daphne Caruana Galizia, sparked widespread anger.",0.457,0.543,0,-0.8555,NEGATIVE,negative
14/10/2022,BBC political editor Chris Mason considers how things could play out for Liz Truss after Friday's dramatic events.,0,0.876,0.124,0.34,POSITIVE,positive
14/10/2022,The ex-health secretary - who backed Rishi Sunak in the leadership race - takes over at a crucial time.,0,0.932,0.068,0.0258,POSITIVE,positive
14/10/2022,Five are dead and two are injured in a shooting spree that spanned over two miles on Thursday night.,0.304,0.696,0,-0.7906,NEGATIVE,negative
14/10/2022,After just 38 days the former chancellor is out of a job - Nick Eardley looks at what went so wrong.,0.181,0.819,0,-0.6113,NEGATIVE,negative
14/10/2022,The prime minister says she is 'determined to see through what I promised' after sacking her chancellor.,0,0.741,0.259,0.5994,POSITIVE,positive
14/10/2022,"The larger-than-life actor excelled in comic and tougher roles, but also battled drink problems.",0.321,0.505,0.174,-0.5994,NEGATIVE,negative
14/10/2022,"A selection of powerful images from all over the globe, taken in the past seven days.",0,0.833,0.167,0.4215,POSITIVE,positive
14/10/2022,"Since she was a child, Renata has longed to see the wreck of the famous ocean liner which sank in 1912.",0.132,0.868,0,-0.4404,NEGATIVE,negative
14/10/2022,The MP is sacked as chancellor just weeks after his mini-budget plans led to economic turmoil.,0.143,0.857,0,-0.3612,NEGATIVE,negative
14/10/2022,Looking back at Scottish national treasure Robbie Coltrane whose career took him to the heights of Hollywood.,0,0.879,0.121,0.296,POSITIVE,positive
14/10/2022,"The faces of some of the men, women and children killed in protests sweeping across Iran.",0.314,0.686,0,-0.7506,NEGATIVE,negative
14/10/2022,"On Saturday, England face France in one of the most challenging Rugby World Cup pool games there is.",0,0.9,0.1,0.2247,POSITIVE,positive
14/10/2022,"High petrol prices are driving carers from the sector, leaving people who rely on them without support.",0.124,0.876,0,-0.3089,NEGATIVE,negative
14/10/2022,"An England World Cup triumph on home soil would be ""massive"" and the success could ""inspire generations of rugby players"", says captain Sam Tomkins.",0,0.667,0.333,0.8885,POSITIVE,positive
14/10/2022,Brentford boss Thomas Frank says Ivan Toney should be selected for England's World Cup squad after he scored twice in their 2-0 win against Brighton.,0,0.863,0.137,0.5859,POSITIVE,positive
14/10/2022,"The mini-budget included changes to tax, stamp duty and rules for those claiming benefits.",0,0.833,0.167,0.3818,POSITIVE,positive
14/10/2022,The chancellor has been sacked after turmoil on the financial markets.,0.2,0.8,0,-0.3612,NEGATIVE,negative
14/10/2022,The show's unlikely stars open up on how their lives changed after appearing in Welcome to Wrexham,0,0.842,0.158,0.4588,POSITIVE,positive
14/10/2022,Many are trying to track down a person who staged a rare demonstration criticising Xi Jinping.,0.168,0.745,0.087,-0.3182,NEGATIVE,negative
14/10/2022,"The chart includes James Blunt, The Killers, Meat Loaf and Leona Lewis - but who's at number one?",0.139,0.785,0.076,-0.296,NEGATIVE,negative
14/10/2022,"Joy and Norman Cummings, from Linlithgow lost their daughter in 1971 with virtually no support.",0.205,0.5,0.295,0.4588,POSITIVE,positive
14/10/2022,"Some security experts say Russia's supplies are stretched, especially of modern missiles.",0,0.821,0.179,0.34,POSITIVE,positive
14/10/2022,"With the World Cup looming, can England afford not to bring Ivan Toney after he made it 20 penalties scored out of 20 for Brentford?",0.059,0.941,0,-0.128,NEGATIVE,negative
14/10/2022,Can Briton Savannah Marshall defeat American multiple-weight world champion Claressa Shields? We have some predictions from the boxing world.,0.126,0.711,0.163,0.2263,POSITIVE,positive
14/10/2022,A Florida jury's decision left relatives angry and upset - but was a result of the state's death penalty law.,0.506,0.494,0,-0.9231,NEGATIVE,negative
15/10/2022,Harry Kane marks his 400th Tottenham appearance with a goal as Antonio Conte's side beat Everton at home.,0.0020492,0.5091106,0.48884013,0.999401093,POSITIVE,positive
15/10/2022,Claressa Shields becomes undisputed middleweight champion by beating long-time rival Savannah Marshall via unanimous decision in London.,0.137,0.685,0.178,0.2263,POSITIVE,positive
15/10/2022,England and Chelsea defender Reece James looks set to miss the World Cup in Qatar with a knee injury.,0.212,0.721,0.067,-0.4588,NEGATIVE,negative
15/10/2022,"Stefan cares for his wife who has Alzheimer's, but says he and other male carers need to talk more.",0,0.9,0.1,0.25,POSITIVE,positive
15/10/2022,Vet Carlos Valderrama describes castrating Pablo Escobar's hippo in the wild.,0.3066132,0.67044127,0.022945527,0.971997201,POSITIVE,positive
15/10/2022,The tycoon reverses his earlier decision to stop funding a vital internet service for Ukraine.,0.35135922,0.60972816,0.038912557,0.984149516,NEGATIVE,negative
15/10/2022,"Arsenal and Manchester City have dominated the headlines so far, but are Tottenham emerging from the shadows under Antonio Conte?",0.048185416,0.8248855,0.12692901,0.885331333,POSITIVE,positive
15/10/2022,"The tycoon asked the US to fund the satellite internet service instead of him, according to reports.",0.3240152,0.6556757,0.020309076,0.999090672,NEGATIVE,negative
15/10/2022,The pre-tournament show is halted just minutes before the opening game between England and Samoa.,0.33170033,0.64625144,0.02204822,0.997544944,NEGATIVE,negative
15/10/2022,Watch highlights as England cruise to a 60-6 victory over Samoa in the opening game of the Rugby League World Cup at St James's Park.,0.003318314,0.7105049,0.28617677,0.998705149,POSITIVE,positive
15/10/2022,"The new chancellor has junked the prime minister's economic strategy in 24 hours, writes Laura Kuenssberg.",0.4788213,0.48747516,0.033703554,0.999682903,NEGATIVE,negative
15/10/2022,"An exhibition in the UK chronicles the life of Maharajah Duleep Singh, the last Sikh king from India.",0.015220817,0.9436618,0.0411174,0.998839438,POSITIVE,positive
15/10/2022,England's closely fought victory against France is a reality check for fans who expected them to win the World Cup easily.,0.09,0.667,0.243,0.5994,POSITIVE,positive
15/10/2022,"Andrew Bailey also describes his conversations with Chancellor Jeremy Hunt as a ""meeting of minds"".",0.03090218,0.8851133,0.08398452,0.999031425,POSITIVE,positive
15/10/2022,"With England boss Gareth Southgate watching Leicester's goalless draw with Crystal Palace, has James Maddison failed his World Cup audition?",0.148,0.852,0,-0.5106,NEGATIVE,negative
15/10/2022,BBC pundits heap praise on England after their stunning 60-6 victory over Samoa in their opening World Cup match.,0,0.733,0.267,0.7351,POSITIVE,positive
15/10/2022,Teen deaths from fentanyl overdose rose 20% last year - who is to blame and what can be done?,0.124,0.876,0,-0.34,NEGATIVE,negative
15/10/2022,"It may taste good, but the the name Welsh sparkling wine doesn't flow from the tongue at it could.",0,0.782,0.218,0.5789,POSITIVE,positive
15/10/2022,This young man calls the Ukraine invasion a 'war against our own people'.,0.262,0.738,0,-0.5994,NEGATIVE,negative
15/10/2022,The council leader says the fire is in a former local authority building now in the hands of developers.,0.122,0.812,0.066,-0.2732,NEGATIVE,negative
15/10/2022,"The actor's friends and Harry Potter co-stars pay tribute to his kindness, warmth and sense of humour.",0.055,0.469,0.477,0.8957,POSITIVE,positive
15/10/2022,"BioNTech's mRNA cancer trials started long before the pandemic, and have shown some early encouraging signals.",0.202,0.642,0.156,-0.25,NEGATIVE,negative
15/10/2022,Protesters could be blocked from targeting key infrastructure under the home secretary's new plans.,0.25,0.75,0,-0.4588,NEGATIVE,negative
15/10/2022,Delegates in Beijing are expected to hand him a historic third term as party leader.,0,0.67,0.33,0.7096,POSITIVE,positive
15/10/2022,"The talk show host faces severe financial and legal problems, but shows no signs of changing.",0.327,0.609,0.063,-0.6369,NEGATIVE,negative
15/10/2022,Tennants Auctioneers in Leyburn say Lowry spent time on the North East coast after his mother died.,0.184,0.816,0,-0.5574,NEGATIVE,negative
15/10/2022,"Two attackers opened fire on recruits who had volunteered to fight in Ukraine, local media report.",0.401,0.599,0,-0.8271,NEGATIVE,negative
15/10/2022,"It's unclear if the fire is linked to recent protests, but many protesters are being held at Evin prison.",0.45,0.55,0,-0.8573,NEGATIVE,negative
15/10/2022,He showed no remorse in court as he learned his fate for tormenting the girl whose ordeal shocked Canada.,0.292,0.708,0,-0.6808,NEGATIVE,negative
15/10/2022,The successor to Sir David Amess says Southend should seek City of Culture status in his honour.,0,0.728,0.272,0.6808,POSITIVE,positive
15/10/2022,A Friday bank holiday for King Charles's coronation would clash with vote counting in England.,0,0.828,0.172,0.4019,POSITIVE,positive
15/10/2022,"Eels are tracked to the Sargasso Sea on an epic migration, helping in their conservation.",0,0.864,0.136,0.296,POSITIVE,positive
15/10/2022,"Jeremy Hunt warns of difficult decisions ahead, as he signals major changes to Liz Truss's economic plans.",0.206,0.794,0,-0.4404,NEGATIVE,negative
15/10/2022,"Despite civilian and military bloodshed, Ukraine's online information war keeps a sense of humour.",0.217,0.611,0.172,-0.2023,NEGATIVE,negative
15/10/2022,At least one person is killed as heavy rains hit the Greek island.,0.273,0.727,0,-0.6705,NEGATIVE,negative
15/10/2022,A British businessman believes it could suck a billion tonnes of carbon out of the atmosphere annually.,0.172,0.828,0,-0.4404,NEGATIVE,negative
15/10/2022,"In some videos people could be heard outside the prison chanting ""death to the dictator"".",0.356,0.644,0,-0.802,NEGATIVE,negative
16/10/2022,There was no acknowledgement of the social and economic pain being caused by his flagship policy.,0.276,0.653,0.07,-0.6249,NEGATIVE,negative
16/10/2022,Cities in Tigray are reportedly being carpet bombed as food and medical supplies are running out.,0.9401146,0.0578673,0.002018011,0.999089718,NEGATIVE,negative
16/10/2022,Solar panels are now being fitted to headphones and items of clothing.,0.019655947,0.85828227,0.12206174,0.890444815,POSITIVE,positive
16/10/2022,"As the Scottish government sets out its latest prospectus, Douglas Fraser picks out key areas to watch.",0.022080824,0.91967696,0.058242176,0.999235868,POSITIVE,positive
16/10/2022,The new chancellor's plan to delay Liz Truss's income tax cut dominates Sunday's papers.,0.265,0.663,0.072,-0.4939,NEGATIVE,negative
16/10/2022,"Match of the Day 2's Mark Chapman, Danny Murphy and Martin Keown discuss Liverpool's 1-0 victory over Manchester City in the Premier League.",0.008285109,0.8193331,0.17238182,0.996687353,POSITIVE,positive
16/10/2022,Which player's form makes him 'a must' for the World Cup in Qatar? Find out in Garth Crooks' latest Team of the Week.,0.05367126,0.9054349,0.040893856,0.996562064,POSITIVE,positive
16/10/2022,Ben Bril was a serial Dutch Jewish boxing champion who was sent to the Nazi's concentration camps by a former Olympic team-mate.,0,0.83,0.17,0.5994,POSITIVE,positive
16/10/2022,The speed and scale of his power grab over a decade in power took many by surprise.,0,0.877,0.123,0.2732,POSITIVE,positive
16/10/2022,"It may taste good, but the the name Welsh sparkling wine doesn't flow from the tongue as it could.",0,0.782,0.218,0.5789,POSITIVE,positive
16/10/2022,"As China's Communist Party Congress kicks off in Beijing, people tell the BBC what they want from the event.",0,0.81,0.19,0.4588,POSITIVE,positive
16/10/2022,More than 200 people gathered at the Rio Grand River on the Mexico-US border to reunite with their family members.,0,0.864,0.136,0.4588,POSITIVE,positive
16/10/2022,Two mothers speak of their experiences of miscarriage and how it often feels like a taboo subject.,0,0.857,0.143,0.3612,POSITIVE,positive
16/10/2022,"The men were found alive on the Greek-Turkish border, but exactly what happened is not clear.",0.149,0.754,0.097,-0.2444,NEGATIVE,negative
16/10/2022,"Commissioner Sir Mark Rowley says he's appalled by the findings, and many officers should be sacked.",0.167,0.833,0,-0.4588,NEGATIVE,negative
16/10/2022,"Bill Sweeney, RFU chief executive, says clubs have been ""living beyond their means"" and vows to ""sort out"" the ""broken"" English game.",0.3240831,0.60385007,0.072066836,0.991719127,NEGATIVE,negative
16/10/2022,Emergency services were called to an outbuilding in Denny on Sunday afternoon.,0.191,0.809,0,-0.3818,NEGATIVE,negative
16/10/2022,"Nigeria is used to seasonal flooding, but this year has been significantly worse than usual.",0.229,0.771,0,-0.631,NEGATIVE,negative
16/10/2022,Manchester City boss Pep Guardiola says he had coins thrown at him during his side's 1-0 defeat at Liverpool.,0.143,0.857,0,-0.4588,NEGATIVE,negative
16/10/2022,Two people explain the worries the row over benefit rises is having on their lives.,0.149,0.691,0.16,0.0516,POSITIVE,positive
16/10/2022,Ben Bril was a serial Dutch Jewish boxing champion who was sent to the Nazi concentration camps by a former Olympic team-mate.,0,0.83,0.17,0.5994,POSITIVE,positive
16/10/2022,The US president criticised Prime Minister Liz Truss's original plan to cut taxes for the wealthy.,0.226,0.553,0.221,-0.0258,NEGATIVE,negative
16/10/2022,Clinical Real Madrid beat Barcelona in the 250th El Clasico to go top of La Liga and inflict their rivals' first league defeat of the season.,0.104,0.833,0.062,-0.296,NEGATIVE,negative
16/10/2022,"Yet again a visit to Anfield proved to be tricky for Manchester City, despite their superb start to the Premier League season, writes Phil McNulty.",0.182,0.818,0,-0.5986,NEGATIVE,negative
16/10/2022,"Aston Villa boss Steven Gerrard says he ""won't hide from the noise"" as his side were booed off after defeat, but an encouraging display, against Chelsea.",0.065,0.745,0.19,0.5939,POSITIVE,positive
16/10/2022,The acclaimed violinist is upbeat as she takes over as director of the Edinburgh International Festival,0,0.824,0.176,0.4939,POSITIVE,positive
16/10/2022,Campaigners urge the government to pay for a drug they say will help protect vulnerable people this winter.,0.153,0.602,0.245,0.4588,POSITIVE,positive
16/10/2022,"John Allan told the BBC he feels a ""moral responsibility"" to help those affected by rates going up.",0.083,0.777,0.14,0.2732,POSITIVE,positive
16/10/2022,"Camilla, the Queen Consort, is pictured with toy bears as hundreds are donated to a children's charity.",0,0.843,0.157,0.4215,POSITIVE,positive
16/10/2022,The coal mine explosion in northern Turkey on Friday night left 41 dead and 28 others injured.,0.318,0.682,0,-0.7906,NEGATIVE,negative
16/10/2022,Andrew Harding reports on one family’s agonising loss in Somalia amid growing fears of a famine.,0.374,0.542,0.084,-0.7096,NEGATIVE,negative
17/10/2022,"As more radical policy ideas were blitzed by the new chancellor, PM Liz Truss kept a low profile.",0.116,0.884,0,-0.2732,NEGATIVE,negative
17/10/2022,Russia's disruption of energy supplies scuppers Germany's plan to exit nuclear power this year.,0.151,0.723,0.127,-0.1027,NEGATIVE,negative
17/10/2022,Real Madrid and France forward Karim Benzema wins the Ballon d'Or - awarded to the best footballer of the year - for the first time.,0,0.654,0.346,0.891,POSITIVE,positive
17/10/2022,"The prestigious book prize is won by Shehan Karunatilaka, for his novel The Seven Moons of Maali.",0,0.601,0.399,0.8519,POSITIVE,positive
17/10/2022,The man was pulled into the Chinese consulate grounds in Manchester and beaten up.,0.177,0.823,0,-0.4215,NEGATIVE,negative
17/10/2022,"The energy price guarantee means the annual energy bill for a typical household has risen to £2,500.",0,0.677,0.323,0.6369,POSITIVE,positive
17/10/2022,Clashes break out after unidentified men attack placards at a Hong Kong pro-democracy protest.,0.317,0.683,0,-0.6249,NEGATIVE,negative
17/10/2022,The move is designed to help reassure jittery markets before they open in London this morning.,0,0.733,0.267,0.6249,POSITIVE,positive
17/10/2022,"The family of Leonid Yevseyev, a Ukrainian prisoner of war, still hope for his safe return.",0.306,0.455,0.24,-0.3818,NEGATIVE,negative
17/10/2022,The BBC's Dharshini David says she hasn't seen anything like this in 20 years of covering the economy.,0.11,0.89,0,-0.2755,NEGATIVE,negative
17/10/2022,"New chancellor Jeremy Hunt said ""almost all"" of the tax cuts announced by his predecessor will go.",0.121,0.879,0,-0.296,NEGATIVE,negative
17/10/2022,The UK's political chaos has been watched around the world - and commentators haven't held back.,0.209,0.791,0,-0.5719,NEGATIVE,negative
17/10/2022,The chancellor confirms in an emergency statement that plans to cut corporation tax won't go ahead.,0.251,0.749,0,-0.5719,NEGATIVE,negative
17/10/2022,Iran's state-run media puts forward a very different narrative of the protests from what is being shared on social media.,0.089,0.798,0.113,0.128,POSITIVE,positive
17/10/2022,"The chancellor calls for unity, as three MPs break cover to call for the prime minister to resign.",0.124,0.876,0,-0.34,NEGATIVE,negative
17/10/2022,"Prices for the world-famous festival have risen by £70, organisers have confirmed.",0,0.775,0.225,0.4939,POSITIVE,positive
17/10/2022,"The PM apologises for mistakes, after her chancellor tears up almost all of her tax-cutting agenda.",0.229,0.677,0.094,-0.3818,NEGATIVE,negative
17/10/2022,Providers are failing to promote the cheapest tariffs available for pensioners and people on benefits.,0.161,0.585,0.254,0.2263,POSITIVE,positive
17/10/2022,"The plane went down in a residential area in the southern Russian town of Yeysk, killing four.",0.227,0.773,0,-0.6597,NEGATIVE,negative
17/10/2022,The actor is on trial in New York over an allegation he touched a 14-year-old boy at a party in 1986.,0,0.87,0.13,0.4019,POSITIVE,positive
17/10/2022,The RMT union is asking members if they will support further train strikes to Spring 2023.,0.13,0.729,0.141,0.0516,POSITIVE,positive
17/10/2022,The climate change Just Stop Oil says it is part of its ongoing protest over new gas licences.,0.208,0.792,0,-0.4939,NEGATIVE,negative
17/10/2022,France secure a 34-12 victory as Greece make their Rugby League World Cup debut in Doncaster on Monday.,0,0.87,0.13,0.34,POSITIVE,positive
17/10/2022,The acclaimed violinist is upbeat as she takes over as director of the Edinburgh International Festival,0,0.824,0.176,0.4939,POSITIVE,positive
17/10/2022,Stunning two-time T20 world champions West Indies is one of the greatest moments in Scottish cricket - but the team's task has only just begun.,0,0.761,0.239,0.6808,POSITIVE,positive
17/10/2022,A leading referees' charity calls for an inquiry into the touchline behaviour of managers after ugly scenes at Premier League matches.,0.137,0.747,0.116,-0.128,NEGATIVE,negative
17/10/2022,"Barcelona captain Alexia Putellas has retained the Women's Ballon d'Or, awarded to the best female footballer of 2022.",0,0.652,0.348,0.7906,POSITIVE,positive
17/10/2022,Wasps make 167 redundancies - including their entire playing staff - as they follow Worcester Warriors into administration.,0,0.893,0.107,0.2023,POSITIVE,positive
17/10/2022,"People are protesting around the world against food and petrol price rises, BBC research finds.",0.167,0.833,0,-0.4215,NEGATIVE,negative
17/10/2022,A BBC investigation has found multiple allegations of sexual harassment and bullying at the international broadcaster.,0.363,0.637,0,-0.8126,NEGATIVE,negative
17/10/2022,Emiliano Sala's plane crash death shocked the football world. We've since learned the extent to which that world shaped his path.,0.331,0.669,0,-0.836,NEGATIVE,negative
17/10/2022,The BBC finds multiple allegations of sexual harassment and bullying at the broadcaster.,0.402,0.598,0,-0.8126,NEGATIVE,negative
17/10/2022,The teenage activist says the world of politics is toxic and she never intended being the face of a global movement.,0.9065868,0.09031872,0.003094426,0.993725598,NEGATIVE,negative
17/10/2022,"The BBC's Lora Jones tells you four things you can do, if your landlord asks for more money.",0.13717653,0.79875,0.06407348,0.976979494,POSITIVE,positive
17/10/2022,The new chancellor has outlined a host of policy changes. This is how is affects your finances.,0.056871086,0.8018151,0.14131378,0.81207633,NEGATIVE,negative
17/10/2022,"Every woman will experience menopause, but how much do we really know about it?",0.18370923,0.7893137,0.026977036,0.994927645,NEGATIVE,negative
17/10/2022,Almost all tax measures announced in the mini-budget will be reversed.,0.12114108,0.79095244,0.087906465,0.998613834,NEGATIVE,negative
17/10/2022,It's possible the appointment of Mr Hunt will buy the PM some time. But will it be enough?,0.12960535,0.8004464,0.06994818,0.983203053,NEGATIVE,negative
17/10/2022,A review finds hundreds of Met Police officers are getting away with breaking the law and misconduct.,0.84151065,0.15288097,0.005608396,0.936015368,NEGATIVE,negative
17/10/2022,Few Tory MPs think she should lead them into an election but they are trying to work out their next move.,0.2972722,0.6780205,0.02470735,0.997302413,NEGATIVE,negative
17/10/2022,Up to 30 former UK military pilots are thought to have gone to train members of China's Army.,0.110185795,0.8713274,0.018486716,0.875921011,POSITIVE,positive
17/10/2022,The chancellor unwinds almost all of Liz Truss's key measures outlined in last month's mini-budget.,0.00633183,0.87304205,0.120626144,0.987834454,NEGATIVE,negative
17/10/2022,"Sir Lenny Henry reflects on the extraordinary life of the writer, BBC producer and presenter Una Marson.",0.004206338,0.25165123,0.7441425,0.999785006,POSITIVE,positive
17/10/2022,The chancellor's new economic plan and the future of the PM leads most of the papers.,0.021677779,0.8521938,0.1261284,0.995575666,POSITIVE,positive
17/10/2022,"Watch the moment Siteni Taukamo scores Greece's first try in their first World Cup match against France at the Eco-Power Stadium, Doncaster.",0.014784239,0.93707615,0.048139628,0.998695076,POSITIVE,positive
17/10/2022,"McLaren boss Zak Brown writes a letter to F1's governing body saying Red Bull breaking the budget cap ""constitutes cheating"".",0.5861384,0.39594436,0.017917242,0.997383296,NEGATIVE,negative
17/10/2022,Russia is using Iranian-made drones to fly explosives directly into targets in Kyiv and other Ukrainian cities,0.7113457,0.28318354,0.005470697,0.970728457,NEGATIVE,negative
17/10/2022,"It is an industry that has been dominated by China for years, but now the rest of the world wants in.",0.13048209,0.63794285,0.23157501,0.976774991,POSITIVE,positive
17/10/2022,"As the Scottish government sets out its latest prospectus, Douglas Fraser picks out key areas to watch.",0.022080824,0.91967696,0.058242176,0.999235868,POSITIVE,positive
17/10/2022,"Liz Truss is under increasing pressure from her own MPs, following the mini-budget.",0.155,0.845,0,-0.296,NEGATIVE,negative
17/10/2022,"The case is highlighted in a review revealing misogyny, racism and sexual misconduct in the force.",0.227,0.773,0,-0.6249,NEGATIVE,negative
17/10/2022,"Nicola Sturgeon has set out her proposals for currency, borders and debt in an independent Scotland.",0.143,0.857,0,-0.3612,NEGATIVE,negative
17/10/2022,It's possible the appointment of new Chancellor Jeremy Hunt will buy some time. But will it be enough?,0.1151214,0.8128965,0.07198217,0.985515118,NEGATIVE,negative
17/10/2022,"As Liz Truss's political future hangs in the balance, Tory MPs are plotting ways to oust her.",0.63381726,0.35554034,0.010642386,0.99292022,NEGATIVE,negative
18/10/2022,Finn Russell is expected to be omitted from Scotland's initial squad for the upcoming Autumn Nations Series.,0.28982723,0.68859214,0.021580642,0.999094605,NEGATIVE,negative
18/10/2022,The BBC's economics editor Faisal Islam answers your questions on inflation.,0.06719405,0.8639053,0.0689006,0.950808942,POSITIVE,positive
18/10/2022,Bolivia has one of the highest proportions of women politicians in the world. Can the US learn from them?,0.089732654,0.59863114,0.3116362,0.967036903,POSITIVE,positive
18/10/2022,The price of the things we spend our money on is rising at nearly its highest rate in 40 years.,0.45209366,0.44893503,0.09897122,0.993521154,POSITIVE,positive
18/10/2022,Igor Danchenko worked on a 2016 dossier that made unsubstantiated claims about Donald Trump.,0.38927096,0.5911578,0.019571254,0.97874099,NEGATIVE,negative
18/10/2022,"During the BBC's 100 years of broadcasting, not everything went as planned.",0.4366205,0.49980825,0.06357122,0.998599112,NEGATIVE,negative
18/10/2022,"From Doctor Who to Desert Island Discs, here are some nuggets of trivia from 100 years of BBC programming.",0.04723472,0.7766635,0.17610177,0.89812541,POSITIVE,positive
18/10/2022,The opposition wants to use a vote in Parliament to thwart Prime Minister Liz Truss's fracking plans.,0.51467997,0.47607365,0.009246391,0.999204695,NEGATIVE,negative
18/10/2022,"As part of its Counting the Cost of Living series, BBC News talks to Andrea, who runs a soup kitchen.",0.017208852,0.8827779,0.10001326,0.969383299,POSITIVE,positive
18/10/2022,The latest price rise figures for September are due as a survey for the BBC suggests concern is rising.,0.4270037,0.5359703,0.037026014,0.935400367,NEGATIVE,negative
18/10/2022,"This budget-friendly meal plan covers a week's worth of dinners for four adults, coming in at under £28 in total.",0,0.905,0.095,0.2263,POSITIVE,positive
18/10/2022,"The company added over 2.4 million subscribers, reversing losses earlier in the year.",0.184,0.816,0,-0.4019,NEGATIVE,negative
18/10/2022,BBC correspondents share some things that could help you cope with rising prices.,0,0.692,0.308,0.5994,POSITIVE,positive
18/10/2022,Florida has recorded a record number of cases of the lethal bacteria that lurks in salty floodwaters.,0.11,0.814,0.076,-0.1531,NEGATIVE,negative
18/10/2022,"Along with the Jeremy Vine show, we want to know, are you are setting up a warm bank?",0,0.824,0.176,0.296,POSITIVE,positive
18/10/2022,Derek Richford's determination led to an inquiry into maternity care at East Kent hospitals.,0,0.67,0.33,0.7096,POSITIVE,positive
18/10/2022,"Getting less than this may increase the risk of a multitude of chronic conditions, say researchers.",0.121,0.747,0.132,0.0516,POSITIVE,positive
18/10/2022,Grief and outrage over the killing of 12-year-old Lola turns to debate over the suspect's migrant status.,0.438,0.562,0,-0.8979,NEGATIVE,negative
18/10/2022,Her fourth album wins the prestigious award for best British or Irish record of the past 12 months.,0,0.568,0.432,0.9081,POSITIVE,positive
18/10/2022,"Health bosses in England are worried about the threat of flu, Covid and other respiratory illnesses.",0.487,0.513,0,-0.886,NEGATIVE,negative
18/10/2022,"In a rare admission of problems for Russia, its infamous army chief in Ukraine says residents should leave.",0.206,0.794,0,-0.4404,NEGATIVE,negative
18/10/2022,Wilfried Zaha's well-taken winner caps a classy comeback as Crystal Palace record back-to-back home victories by beating Wolves.,0.127,0.591,0.283,0.5719,POSITIVE,positive
18/10/2022,"There will be fresh Network Rail strikes on 3, 5 and 7 November as part of a dispute over pay",0.301,0.594,0.105,-0.5106,NEGATIVE,negative
18/10/2022,"The BBC's media editor on how the BBC has to prove its worth, as it reaches its 100th birthday.",0,0.846,0.154,0.2732,POSITIVE,positive
18/10/2022,"United Arb Emirates' Junaid Siddique hits a 109-metre six out of the ground at the Kardinia Park in Geelong, Australia during their 79-run defeat to Sri Lanka at the T20 World Cup.",0.086,0.833,0.08,-0.0516,NEGATIVE,negative
18/10/2022,Tonga score a dramatic late try to open their Rugby League World Cup campaign with an entertaining 24-18 win over Papua New Guinea in St Helens.,0,0.774,0.226,0.7717,POSITIVE,positive
18/10/2022,"The PM tells backbenchers she had to change course, as she tries to shore up support in the party.",0,0.759,0.241,0.6597,POSITIVE,positive
18/10/2022,Liverpool manager Jurgen Klopp has been charged by the Football Association following his sending-off during his side's 1-0 win against Manchester City.,0.07,0.781,0.148,0.4588,POSITIVE,positive
18/10/2022,Eight steps to understand why the financial turmoil matters to mortgage payers and everyone else.,0.151,0.783,0.066,-0.34,NEGATIVE,negative
18/10/2022,"New chancellor Jeremy Hunt said ""almost all"" of the tax cuts announced by his predecessor will go.",0.121,0.879,0,-0.296,NEGATIVE,negative
18/10/2022,The government's energy price guarantee is being scaled back from two years to six months.,0,0.76,0.24,0.4767,POSITIVE,positive
18/10/2022,Brighton's winless run under new boss Roberto de Zerbi continues with a frustrating Premier League draw against strugglers Nottingham Forest.,0.238,0.762,0,-0.6486,NEGATIVE,negative
18/10/2022,The chancellor's search for spending cuts across government departments leads most of the papers.,0.145,0.855,0,-0.296,NEGATIVE,negative
18/10/2022,Horrific accounts from a brutal war in Ethiopia that has left tens of thousands dead.,0.625,0.375,0,-0.9565,NEGATIVE,negative
18/10/2022,"Beneath where Eurostar trains once whisked people from London to Paris, empty shops now stand.",0.114,0.886,0,-0.2023,NEGATIVE,negative
18/10/2022,"British Gymnastics vows to put athlete welfare ahead of winning medals as it issues a 40-point action plan in response to ""systemic"" issues of abuse in the sport.",0.129,0.767,0.104,-0.2023,NEGATIVE,negative
19/10/2022,"Looking at claims about energy bills, NHS backlogs and interest rates.",0,0.638,0.362,0.6249,POSITIVE,positive
19/10/2022,Inflation returned to a 40-year high in September as a BBC survey suggests people are cutting spending.,0.097,0.903,0,-0.128,NEGATIVE,negative
19/10/2022,The veteran politician spoke candidly with the BBC about his frustrations with the government.,0.188,0.812,0,-0.4588,NEGATIVE,negative
19/10/2022,"One Tory MPs describes ""a shambles"" in Parliament, as angry scenes put Liz Truss under pressure.",0.282,0.718,0,-0.6705,NEGATIVE,negative
19/10/2022,The home secretary resigned after sending official documents from an unsecured email address.,0.295,0.705,0,-0.5574,NEGATIVE,negative
19/10/2022,Liz Truss is facing a number of hurdles as she tries to get policies through and keep her job.,0,0.929,0.071,0.0772,POSITIVE,positive
19/10/2022,"This budget-friendly veggie meal plan covers a week's worth of dinners for four adults, coming in at under £28 in total.",0,0.909,0.091,0.2263,POSITIVE,positive
19/10/2022,"The teenager's mum is working two jobs, but says her bank account is empty at the end of the month.",0.104,0.896,0,-0.296,NEGATIVE,negative
19/10/2022,The star's sound is constantly evolving - but she's always been happy to share her secrets with fans.,0,0.656,0.344,0.8338,POSITIVE,positive
19/10/2022,Suella Braverman's resignation during a chaotic day at Westminster leads most of the papers.,0.329,0.671,0,-0.6597,NEGATIVE,negative
19/10/2022,The resignation of a senior minister and anger over a vote on fracking pile even more pressure on the prime minister.,0.344,0.656,0,-0.8122,NEGATIVE,negative
19/10/2022,A cross-party group says patients are receiving an unacceptably poor service amid a shortage of GPs.,0.298,0.702,0,-0.6249,NEGATIVE,negative
19/10/2022,Images of nights skies show power supplies disappearing in Ethiopia as a humanitarian crisis bites.,0.24,0.76,0,-0.6249,NEGATIVE,negative
19/10/2022,"A blistering resignation, a new home secretary and allegations of bullying as another chaotic day unfolds.",0.458,0.542,0,-0.8519,NEGATIVE,negative
19/10/2022,"Arsenal put in a phenomenal performance to beat Women's Champions League holders Lyon with goals from Caitlin Foord, Frida Maanum and Beth Mead.",0,0.861,0.139,0.5267,POSITIVE,positive
19/10/2022,"Manchester United manager Erik ten Hag says he will ""deal with"" Cristiano Ronaldo after the unused substitute walked down the tunnel before the end of the win over Tottenham.",0,0.804,0.196,0.765,POSITIVE,positive
19/10/2022,Mutations that saved lives from the plague are causing auto-immune diseases today.,0,0.797,0.203,0.4215,POSITIVE,positive
19/10/2022,"Vladimir Putin is tightening security across Russia, with the introduction of different security levels.",0,0.714,0.286,0.5859,POSITIVE,positive
19/10/2022,Darwin Nunez scores his first Anfield goal for Liverpool and Alisson saves a penalty as the Reds defeat West Ham in an incident-packed encounter.,0.222,0.778,0,-0.7184,NEGATIVE,negative
19/10/2022,An investigation is under way into the crash of a fighter jet into a block of flats in Russia.,0.264,0.66,0.075,-0.6124,NEGATIVE,negative
19/10/2022,The US embassy hits back at anti-American remarks from Viktor Orban's government over the Ukraine war.,0.206,0.794,0,-0.5994,NEGATIVE,negative
19/10/2022,Newcastle underline their top-six credentials by beating Everton thanks to Miguel Almiron's fifth goal of the season.,0.144,0.718,0.139,-0.0258,NEGATIVE,negative
19/10/2022,Match of the Day pundits Gary Lineker & Micah Richards discuss how Manchester United midfielder Bruno Fernandes was back to his best in their 2-0 victory over Tottenham in the Premier League.,0,0.806,0.194,0.7906,POSITIVE,positive
19/10/2022,"Ronnie O'Sullivan tells BBC Sport snooker has ""become like an emotionless type job"" after his second-round defeat by David Grace at the Northern Ireland Open.",0.099,0.726,0.175,0.3182,POSITIVE,positive
19/10/2022,"Rory McIlroy rejects Phil Mickelson's suggestion that he has picked the ""winning side"" in the dispute between the LIV series and PGA Tour.",0.201,0.683,0.116,-0.3612,NEGATIVE,negative
19/10/2022,Cook Islands power back from a half-time deficit to edge Wales 18-12 in their Rugby League World Cup opener in Leigh.,0.124,0.876,0,-0.4019,NEGATIVE,negative
19/10/2022,Tace McWilliam says she won't be able to afford to live alone for a long time.,0.125,0.875,0,-0.25,NEGATIVE,negative
19/10/2022,"Earlier this year, the company fired an engineer who claimed the Lamda AI language system had feelings.",0.184,0.816,0,-0.5574,NEGATIVE,negative
19/10/2022,Derek Richford's determination led to an inquiry into maternity care at East Kent hospitals.,0,0.67,0.33,0.7096,POSITIVE,positive
19/10/2022,Pressure builds on the government as a campaign to expand eligibility for free school meals grows.,0.111,0.606,0.283,0.5267,POSITIVE,positive
19/10/2022,The streamer has grown its subscriber base after two consecutive quarters of losses.,0.184,0.816,0,-0.4019,NEGATIVE,negative
19/10/2022,British wheelchair basketball stars Laurie Williams and Robyn Love discuss starting a family - and how they found out about their pregnancy in a supermarket.,0,0.833,0.167,0.6369,POSITIVE,positive
19/10/2022,Our climate editor checks out the world's largest floating wind farm off the coast of Scotland.,0.020642767,0.68777704,0.2915802,0.994722962,POSITIVE,positive
19/10/2022,Use our calculator to find out how much the cost of living is going up in your household.,0.1095843,0.8244108,0.0660049,0.998409331,NEGATIVE,negative
19/10/2022,"When Mark Drakeford exploded at the Tories, it was not the first time a politician had seen red.",0.43445796,0.4994868,0.06605529,0.975070119,NEGATIVE,negative
19/10/2022,"The sale of the artwork, described as an ""iconic masterpiece"", means it will remain on public display.",0.006446123,0.500309,0.49324492,0.999517202,POSITIVE,positive
19/10/2022,"The Noughts and Crosses author says schools should teach ""whole-truth"" black history all year round.",0.074904144,0.84470576,0.08039016,0.968293786,NEGATIVE,negative
19/10/2022,BBC reporters around the globe explain how the political and economic upheaval is being viewed.,0.08926307,0.86733264,0.04340428,0.991605997,POSITIVE,positive
19/10/2022,The price of the things we spend our money on is again rising at its highest rate in 40 years.,0.5400424,0.37553364,0.08442393,0.993135691,POSITIVE,positive
19/10/2022,"One senior Tory MP said Liz Truss' actions have been ""unforgivable,"" ""terrible"" and ""appalling"".",0.93728733,0.05749404,0.005218625,0.999116004,NEGATIVE,negative
20/10/2022,The BBC's Leila Nathoo explains the latest after Prime Minister Liz Truss' resignation.,0.155,0.845,0,-0.296,NEGATIVE,negative
20/10/2022,The race to become the next PM after Liz Truss's resignation leads most of the papers.,0.128,0.872,0,-0.296,NEGATIVE,negative
20/10/2022,An investigation is under way into the crash of a fighter jet into a block of flats in Russia.,0.264,0.66,0.075,-0.6124,NEGATIVE,negative
20/10/2022,Leeds boss Jesse Marsch apologises for failing to acknowledge club's fans after 2-0 loss to fellow strugglers Leicester City.,0.323,0.605,0.073,-0.7351,NEGATIVE,negative
20/10/2022,"Chelsea's Champions League win at Paris St-Germain - secured by Millie Bright's goal - shows how far the Women's Super League has come, says general manager Paul Green.",0,0.615,0.385,0.93,POSITIVE,positive
20/10/2022,"Cristiano Ronaldo says ""the heat of the moment"" got to him in the incident that has led to Manchester United dropping him for Saturday's game at Chelsea.",0,0.903,0.097,0.4215,POSITIVE,positive
20/10/2022,"Tyson Fury says ""nobody can touch me"" before his December bout with Derek Chisora and that he plans to fight unified champion Oleksandr Usyk.",0.192,0.61,0.198,0.0516,POSITIVE,positive
20/10/2022,Ukraine's grid operator warns of many power cuts after Russian missiles damaged energy facilities.,0.349,0.538,0.113,-0.5267,NEGATIVE,negative
20/10/2022,"With high energy prices and disrupted gas supplies, European nations consider more nuclear power plants.",0,0.87,0.13,0.2732,POSITIVE,positive
20/10/2022,"Liam Hampson's family say they are ""heartbroken"" after he suffered an accident in Barcelona.",0.344,0.656,0,-0.743,NEGATIVE,negative
20/10/2022,"Energy bills have gone up, but there are some easy ways households can reduce costs.",0,0.707,0.293,0.6597,POSITIVE,positive
20/10/2022,The singer wants to highlight the impact of social media on our mental health in the last 20 years.,0,0.882,0.118,0.34,POSITIVE,positive
20/10/2022,"Warm banks are popping up across the country, mostly run by volunteers. We spoke to three people involved.",0,0.899,0.101,0.2263,POSITIVE,positive
20/10/2022,"Readers tell BBC News how they are managing to stay warm, without yet turning on the heating.",0,0.894,0.106,0.2263,POSITIVE,positive
20/10/2022,The BBC’s Sliced Bread Team have been investigating whether the popular food gadget can save you money.,0,0.714,0.286,0.7184,POSITIVE,positive
20/10/2022,"Liz Truss leaves her successor a party in chaos, spiralling prices, rising interest rates and squeezed budgets.",0.159,0.515,0.326,0.4404,POSITIVE,positive
20/10/2022,"Under pressure Steven Gerrard says he ""won't quit"" as Aston Villa boss after a 3-0 defeat to Fulham - but is out of a job soon afterwards.",0.141,0.859,0,-0.3818,NEGATIVE,negative
20/10/2022,News of Liz Truss's resignation prompted quick reaction from political leaders and media commentators around the world.,0.121,0.879,0,-0.296,NEGATIVE,negative
20/10/2022,"The inquiry, launched after the Jimmy Savile scandal, took seven years - so what have we learned?",0.158,0.761,0.082,-0.34,NEGATIVE,negative
20/10/2022,British and Australian women speak out about their trauma following invasive medical examinations by Qatari officials in 2020.,0.141,0.859,0,-0.4215,NEGATIVE,negative
20/10/2022,A new Tory leader and PM will be chosen by 28 October.,0.014359752,0.90795165,0.077688664,0.987754047,POSITIVE,positive
20/10/2022,The UK prime minister's short time in office had some dramatic twists and turns.,0.23687382,0.6905905,0.072535746,0.986458361,POSITIVE,positive
20/10/2022,A look back at the prime ministers short time as leader of the UK.,0.07418222,0.87718064,0.04863714,0.995233476,POSITIVE,positive
20/10/2022,The personal and political journey of the UK's shortest-serving prime minister.,0.17341381,0.78017837,0.046407893,0.723945737,POSITIVE,positive
20/10/2022,"Just five weeks after arriving at Downing Street, Liz Truss announces she is stepping down from the job.",0.23282509,0.7421395,0.025035406,0.996214092,NEGATIVE,negative
20/10/2022,"Conservatives are choosing a new leader, just over a month after appointing the last one.",0.09968696,0.8163123,0.0840007,0.981594086,NEGATIVE,negative
20/10/2022,"Far-right Giorgia Meloni could be sworn in as PM soon, despite a row with ally Silvio Berlusconi.",0.09008534,0.8224388,0.08747592,0.654258251,NEGATIVE,negative
20/10/2022,"Altrincham voters tell the BBC's Rowan Bridge they're bemused by the latest political ""shambles"".",0.7053863,0.26969194,0.024921734,0.997410834,NEGATIVE,negative
20/10/2022,Archaeologists in Mosul made the discovery while reconstructing a site destroyed by IS militants.,0.211,0.789,0,-0.4939,NEGATIVE,negative
20/10/2022,Opposition parties demand an election following the resignation of Prime Minister Liz Truss.,0.29386267,0.6852375,0.020899769,0.966030061,NEGATIVE,negative
20/10/2022,How closely have you been paying attention to what's been going on over the past seven days?,0.10549879,0.872002,0.02249924,0.971916556,NEGATIVE,negative
20/10/2022,Flanker Marlie Packer will captain an almost entirely changed England XV in the side's final Rugby World Cup pool game against South Africa on Saturday.,0.013813769,0.93287635,0.053309895,0.998930395,POSITIVE,positive
20/10/2022,The decision to hold an early election usually rests with the prime minister.,0.08533701,0.88426024,0.030402752,0.974905908,POSITIVE,positive
20/10/2022,"After Steven Gerrard's Aston Villa departure, BBC Sport looks at some of the possible contenders to replace him.",0.0632844,0.9038438,0.032871753,0.995742142,POSITIVE,positive
20/10/2022,"A former finance analyst, Rishi Sunak was runner-up in the previous leadership contest.",0.016650455,0.9084596,0.074889965,0.993792772,POSITIVE,positive
20/10/2022,"The BBC's analysis editor on his new venture delving into facts, stats and explanation to help make sense of news events.",0,0.881,0.119,0.4019,POSITIVE,positive
20/10/2022,"The system can no longer operate effectively, the Care Quality Commission warns, as delays mount.",0.174,0.531,0.295,0.5423,POSITIVE,positive
20/10/2022,Video footage shows a protester from Hong Kong being dragged into grounds of building and being assaulted.,0.247,0.753,0,-0.5574,NEGATIVE,negative
20/10/2022,"Brian Wilson, from Sheffield, has been driving lorries since he was a teenager.",0.060972676,0.8967491,0.042278223,0.950082064,POSITIVE,positive
20/10/2022,"Tehran has experts on the ground in Crimea helping with drone attacks on Ukraine, the White House says.",0.137,0.758,0.104,-0.1779,NEGATIVE,negative
20/10/2022,"A closer look at Ron DeSantis, who supporters believe could be the next Republican president.",0,0.818,0.182,0.4404,POSITIVE,positive
20/10/2022,Hans Niemann is suing grandmaster Magnus Carlsen and others after they accused him of cheating.,0.397,0.603,0,-0.7845,NEGATIVE,negative
20/10/2022,"Energy, food and fuel prices have risen sharply in the last six months in part due to the Ukraine war.",0.163,0.75,0.088,-0.4215,NEGATIVE,negative
20/10/2022,The BBC looks back on the day that the prime minister resigned.,0.154,0.846,0,-0.25,NEGATIVE,negative
20/10/2022,An election for the next leader of the Conservative Party will take place within the next week.,0,0.856,0.144,0.4019,POSITIVE,positive
20/10/2022,The Salford-born MP's visits to No 10 have spelled the end for the UK's most recent prime ministers.,0.115,0.885,0,-0.296,NEGATIVE,negative
20/10/2022,Parts of Beijing are now being locked down as China's Communist Party holds a historic Congress.,0,0.838,0.162,0.4019,POSITIVE,positive
20/10/2022,The BBC’s Sliced Bread Team has been investigating whether the popular food gadget can save you money.,0,0.714,0.286,0.7184,POSITIVE,positive
20/10/2022,Here's what you need to know about Liz Truss and why she resigned as prime minister.,0.118,0.882,0,-0.25,NEGATIVE,negative
20/10/2022,Campaigner Kate Isaacs describes the horror of seeing her face digitally edited into an adult film.,0.198,0.802,0,-0.5719,NEGATIVE,negative
20/10/2022,"The outgoing PM won power promising radical change, but it ended in disaster, after just 45 days.",0.231,0.532,0.237,-0.431,NEGATIVE,negative
20/10/2022,The UN says Colombia has increased its cultivation of the plant - the main ingredient in cocaine.,0,0.877,0.123,0.2732,POSITIVE,positive
20/10/2022,It comes after trustees commissioned a sculptor who had not entered a submission to make the statue.,0,0.915,0.085,0.0772,POSITIVE,positive
20/10/2022,Aston Villa sack manager Steven Gerrard after Thursday's 3-0 defeat at Fulham which leaves them just outside the relegation zone.,0.136,0.864,0,-0.4588,NEGATIVE,negative
20/10/2022,Katie Macleod travelled the world while managing to keep working as a freelance graphic designer.,0,0.855,0.145,0.296,POSITIVE,positive
21/10/2022,"As a former prime minister, Ms Truss would be able to claim the money for expenses for public duties.",0.08916394,0.87182873,0.039007343,0.97929287,POSITIVE,positive
21/10/2022,Conservative MPs have started declaring who they want to become Britain's next prime minister.,0,0.909,0.091,0.0772,POSITIVE,positive
21/10/2022,The pound has fallen against the dollar as the UK's financial and political turmoil continues.,0.278,0.722,0,-0.6124,NEGATIVE,negative
21/10/2022,The bison is the first to be born wild in the UK for thousands of years.,0.04257838,0.8179482,0.13947338,0.998203278,POSITIVE,positive
21/10/2022,Some say the future of the largest rainforest in the world depends on who becomes Brazil's president.,0.12214487,0.7473669,0.1304883,0.98176837,POSITIVE,positive
21/10/2022,"After Aston Villa sacked Steven Gerrard just 11 months into the job, BBC Sport asks: How long does a Premier League manager last on average now?",0.24775694,0.7170797,0.03516337,0.996743917,NEGATIVE,negative
21/10/2022,This sentence for contempt of Congress comes as Donald Trump faces a subpoena from the same committee.,0.199,0.733,0.068,-0.5423,NEGATIVE,negative
21/10/2022,"Italy's president asks Giorgia Meloni to form the next government, to be sworn in on Saturday.",0.028174303,0.9395869,0.032238852,0.970972061,POSITIVE,positive
21/10/2022,"Candidates have yet to declare, but Chancellor Jeremy Hunt and Michael Gove rule themselves out.",0.12616432,0.8447084,0.029127328,0.987313092,NEGATIVE,negative
21/10/2022,Young people speak to Newsbeat about how rising prices are impacting the food they can eat.,0.5128291,0.4612172,0.02595365,0.877389789,POSITIVE,positive
21/10/2022,Adrian Kwiatkowski offered the songs in exchange for cryptocurrency on the dark web.,0.03335974,0.91090846,0.055731803,0.976913333,NEGATIVE,negative
21/10/2022,A new Tory leader and PM will be chosen by 28 October.,0.014359752,0.90795165,0.077688664,0.987754047,POSITIVE,positive
21/10/2022,"Penny Mordaunt may not have the name recognition of her rivals, but has been on the rise.",0.014755515,0.53104335,0.4542012,0.998333991,POSITIVE,positive
21/10/2022,The former prime minister is considering a return to Downing Street three months after being ejected.,0.08572844,0.88369554,0.030575955,0.988962948,NEGATIVE,negative
21/10/2022,Boris Johnson flying back from holiday and more MPs backing Rishi Sunak in the Tory leadership race make the lead for several papers.,0,0.837,0.163,0.4728,POSITIVE,positive
21/10/2022,"Conservatives are choosing a new leader, just over a month after appointing the last one.",0.09968696,0.8163123,0.0840007,0.981594086,NEGATIVE,negative
21/10/2022,Opposition parties demand an election following the resignation of Prime Minister Liz Truss.,0.29386267,0.6852375,0.020899769,0.966030061,NEGATIVE,negative
21/10/2022,Rebecca Kellaway is a waitress. And a carer. And has three cleaning roles.,0.043808952,0.8908743,0.0653167,0.968333721,POSITIVE,positive
21/10/2022,"The case was brought by Anthony Rapp, who had been seeking around $40m (£36m) in damages.",0.162,0.838,0,-0.4404,NEGATIVE,negative
21/10/2022,Lloyd Austin spoke with his Russian counterpart Sergei Shoigu for the second time since the war began.,0.196,0.804,0,-0.5994,NEGATIVE,negative
21/10/2022,There are concerns about security if the Tory leadership is decided by an online ballot of party members.,0,0.758,0.242,0.6249,POSITIVE,positive
21/10/2022,The Hollywood actor's lost memoir has been rediscovered and sheds light on the tortured star's life.,0.296,0.704,0,-0.7096,NEGATIVE,negative
21/10/2022,The conflict has driven them closer together in a way which could impact the world beyond Ukraine.,0.133,0.867,0,-0.3182,NEGATIVE,negative
21/10/2022,"Critics praise the ""fantastic songs"" on Midnights, but some add there is ""not a smash hit in sight"".",0.079,0.693,0.228,0.4588,POSITIVE,positive
21/10/2022,Katie Macleod travelled the world while managing to keep working as a freelance graphic designer.,0,0.855,0.145,0.296,POSITIVE,positive
21/10/2022,St Johnstone come from behind to beat Hibernian at Easter Road as VAR enjoyed a controversy-free introduction to the Scottish Premiership.,0,0.852,0.148,0.5106,POSITIVE,positive
21/10/2022,Two-time Grand Slam champion Simona Halep is provisionally suspended from tennis after testing positive for a banned substance.,0.288,0.364,0.348,0.4215,POSITIVE,positive
21/10/2022,Watch as Matt Burton performs a one-handed through-the-legs pass to set up Josh Addo-Carr for a fourth try in Australia's 84-0 win over Scotland.,0,0.847,0.153,0.5859,POSITIVE,positive
21/10/2022,If Mr Trump does not comply with the subpoena he could face criminal charges and imprisonment.,0.282,0.718,0,-0.6705,NEGATIVE,negative
21/10/2022,"Brendan Gleeson and Colin Farrell star in The Banshees of Inisherin, Martin McDonagh's new comedy.",0,0.848,0.152,0.3612,POSITIVE,positive
21/10/2022,"Holders Australia thrash sorry Scotland 84-0 in Coventry, all but confirming their spot in the Rugby League World Cup knockout stages.",0.054,0.946,0,-0.0387,NEGATIVE,negative
21/10/2022,"The striking protest tapped into a vein of discontent, leaving an enduring legacy in Chinese dissent.",0.125,0.875,0,-0.25,NEGATIVE,negative
21/10/2022,Hans Niemann is suing grandmaster Magnus Carlsen and others after they accused him of cheating.,0.397,0.603,0,-0.7845,NEGATIVE,negative
21/10/2022,It is the first time in 10 years the popular lunch choice has gone up for all customers.,0,0.859,0.141,0.4215,POSITIVE,positive
21/10/2022,"Christian Matheson invited an ex-staff member on a ""sexually motivated"" trip abroad, a report says.",0,0.8,0.2,0.4588,POSITIVE,positive
21/10/2022,A doctor tells a court of his findings after examining a baby allegedly murdered by nurse Lucy Letby.,0.239,0.761,0,-0.6597,NEGATIVE,negative
21/10/2022,Josephine Melville fell ill after performing in a production at Nottingham Playhouse.,0.219,0.781,0,-0.4215,NEGATIVE,negative
21/10/2022,Russia has mobilised many thousands of men to fight in Ukraine. But Mikhail Ashichev refuses to go.,0.101,0.899,0,-0.2023,NEGATIVE,negative
21/10/2022,The key Trump ally refused to co-operate with a probe looking into the 6 January 2021 Capitol riot.,0.293,0.707,0,-0.7003,NEGATIVE,negative
21/10/2022,"Political instability and high inflation in the country means it is less likely to pay back debts, the ratings agency says.",0.054,0.946,0,-0.0352,NEGATIVE,negative
21/10/2022,A marine crew battled for hours to free a humpback whale from fishing gear. Then they watched in awe as the giant did this.,0.086,0.784,0.129,0.2732,POSITIVE,positive
21/10/2022,BBC Sport analyses the remaining teams in the T20 World Cup and makes predictions as the tournament reaches the Super 12 phase.,0,0.797,0.203,0.6249,POSITIVE,positive
22/10/2022,"The bronze statue, which is subject to CCTV surveillance, has been targeted again.",0.74790114,0.2459361,0.006162792,0.998939574,NEGATIVE,negative
22/10/2022,The granddaughter of founder William Alexander speaks for the first time about the family's history.,0.010871287,0.9268706,0.0622581,0.99926585,POSITIVE,positive
22/10/2022,"Match of the Day pundits Danny Murphy and Martin Keown look at Manchester United's Casemiro, who scored a late equaliser in their 1-1 draw at Chelsea.",0.018346427,0.9182724,0.06338125,0.994376063,POSITIVE,positive
22/10/2022,"Allies of the ex-chancellor say he now has enough backers to run, as the former PM heads home from the Caribbean.",0.074297234,0.82731944,0.09838336,0.988832712,NEGATIVE,negative
22/10/2022,The former PM and the leadership frontrunner hold talks as the deadline for nominations in the contest to replace Liz Truss edges nearer.,0.04545739,0.9305372,0.024005404,0.724319518,NEGATIVE,negative
22/10/2022,"Conservatives are choosing a new leader, just over a month after appointing the last one.",0.09968696,0.8163123,0.0840007,0.981594086,NEGATIVE,negative
22/10/2022,"Red Bull co-owner Dietrich Mateschitz, a major global business figure as a result of his energy drinks empire, dies aged 78.",0,0.896,0.104,0.2732,POSITIVE,positive
22/10/2022,"How the star takes ideas with ""aspirations to be a movie theme"" and ""persuades them into pop songs"".",0.09154808,0.79809093,0.11036101,0.99884963,POSITIVE,positive
22/10/2022,The actress will make her final Doctor Who appearance in a 90-minute special on BBC One on Sunday.,0,0.856,0.144,0.4019,POSITIVE,positive
22/10/2022,Conservative MPs have started declaring who they want to become Britain's next prime minister.,0,0.909,0.091,0.0772,POSITIVE,positive
22/10/2022,"Ukraine's president says the attacks were on a ""very wide"" scale, but most of the missiles were downed.",0.109,0.891,0,-0.2382,NEGATIVE,negative
22/10/2022,"Paramedics ""battled to save"" the 29-year-old but he was pronounced dead at the scene, police say.",0.333,0.574,0.093,-0.7543,NEGATIVE,negative
22/10/2022,A week travelling on a typical route shows what happens to the country when the buses stop running.,0.128,0.872,0,-0.296,NEGATIVE,negative
22/10/2022,England all but secure their place in the knockout stages of the World Cup with a comfortable 42-18 victory over France in Bolton.,0,0.726,0.274,0.8201,POSITIVE,positive
22/10/2022,Winger Dominic Young has made a stellar start to his England career and his latest performance left pundits drawing comparisons with great Martin Offiah.,0,0.843,0.157,0.6249,POSITIVE,positive
22/10/2022,"Police say a man, in his 30s, was rescued from the rubble but the boy died at the scene.",0.215,0.702,0.083,-0.6124,NEGATIVE,negative
22/10/2022,European champions England will face Denmark and China at the Women's World Cup in 2023 in Australia and New Zealand.,0,0.848,0.152,0.5267,POSITIVE,positive
22/10/2022,"A couple say their mortgage-free, low-cost tiny home has allowed them to take risks.",0.149,0.851,0,-0.2732,NEGATIVE,negative
22/10/2022,The cost of pet food has soared in Australia due to the pandemic and the Ukraine war.,0.196,0.804,0,-0.5994,NEGATIVE,negative
22/10/2022,"Carlos Sainz takes pole position for the United States Grand Prix, beating Ferrari team-mate Charles Leclerc and Red Bull's Max Verstappen.",0.112,0.672,0.216,0.4215,POSITIVE,positive
22/10/2022,"An economy in crisis and an unruly party await the new Tory leader, writes Laura Kuenssberg.",0.193,0.613,0.193,-0.25,NEGATIVE,negative
22/10/2022,Why was Hu Jintao asked to leave the stage at the end of China's Communist Party congress?,0.063,0.794,0.143,0.3612,POSITIVE,positive
22/10/2022,England's bowlers set up a five-wicket victory over Afghanistan as Jos Buttler's side make a winning start to the Men's T20 World Cup.,0,0.855,0.145,0.5267,POSITIVE,positive
22/10/2022,The fire started on Friday night along one of the mountain's most popular climbing routes.,0.13,0.703,0.167,0.1761,POSITIVE,positive
22/10/2022,Producer Giles Martin has used artificial intelligence to pull apart and reconstruct the group's seventh album.,0,0.829,0.171,0.4767,POSITIVE,positive
22/10/2022,"Ferrari drivers Carlos Sainz and Charles Leclerc headed the two Friday practice sessions at the United States Grand Prix in Austin, Texas.",0,0.775,0.225,0.7003,POSITIVE,positive
22/10/2022,It was a result no-one saw coming but will Nottingham Forest kick on after a surprise 1-0 win over Liverpool?,0,0.671,0.329,0.8338,POSITIVE,positive
22/10/2022,"After Cristiano Ronaldo was left out of the squad to face Chelsea on Saturday, does the Portugal forward have a future at Manchester United?",0,0.887,0.113,0.4215,POSITIVE,positive
22/10/2022,Influencer Grace Keeling says TikTok can be a welcome distraction but also an educational tool.,0.108,0.659,0.234,0.2732,POSITIVE,positive
22/10/2022,Firefighters urge the public to ensure heat sources and electrical products are well maintained.,0,0.719,0.281,0.5719,POSITIVE,positive
22/10/2022,"As the cost of living crisis deepens, more people are calling debt helplines than ever before.",0.32,0.68,0,-0.765,NEGATIVE,negative
22/10/2022,"A third-generation grower says he is scared he could ""just lose the whole business"".",0.337,0.663,0,-0.6808,NEGATIVE,negative
22/10/2022,"The latest in the Tory leadership race and schools being crippled by the cost of bills, make the lead stories in the papers.",0.71012634,0.27494782,0.014925846,0.996369004,NEGATIVE,negative
22/10/2022,The former prime minister is considering a return to Downing Street three months after being ejected.,0.08572844,0.88369554,0.030575955,0.988962948,NEGATIVE,negative
22/10/2022,Andy Burnham and Steve Rotheram held the briefing to demand more funding for train operators.,0.097,0.903,0,-0.128,NEGATIVE,negative
22/10/2022,Community groups express their concern over an uncertain future post-Brexit.,0.196,0.804,0,-0.296,NEGATIVE,negative
22/10/2022,"Mum Julie Andrews ignored gas, electric and council tax bills and got loans to buy school uniform.",0.126,0.874,0,-0.3182,NEGATIVE,negative
22/10/2022,"Flora's condition, ARFID, means she avoids almost all food apart from plain pasta, butter and bread.",0.102,0.898,0,-0.1779,NEGATIVE,negative
22/10/2022,"After the fastest exit from Downing Street in UK history, what is Liz Truss entitled to?",0,0.877,0.123,0.2732,POSITIVE,positive
23/10/2022,Conservative MPs have started declaring who they want to become Britain's next prime minister.,0,0.909,0.091,0.0772,POSITIVE,positive
23/10/2022,College students were asked to create headwear to help resist the urge to peek at others' papers.,0,0.758,0.242,0.5859,POSITIVE,positive
23/10/2022,"Scott-Swaley Daniel Stevens, 12, was ""well-loved"" and ""will be missed by so many"", his family says.",0.128,0.872,0,-0.296,NEGATIVE,negative
23/10/2022,"Avoid reading unless you're happy for major spoilers, as the 13th Doctor leaves the show.",0.116,0.688,0.196,0.3612,POSITIVE,positive
23/10/2022,Royal Mail says everyday stamps that do not have a barcode will no be longer valid after 31 January.,0.115,0.885,0,-0.296,NEGATIVE,negative
23/10/2022,Max Verstappen fought back to pass Lewis Hamilton to win a dramatic United States Grand Prix and equal the record for victories in a season.,0.074,0.615,0.311,0.8074,POSITIVE,positive
23/10/2022,"The former PM says he had the support of enough MPs but there needs to be ""a united party in Parliament"".",0,0.664,0.336,0.8442,POSITIVE,positive
23/10/2022,"Two women were taken to hospital after reports of a fight in east London, the Met says.",0.148,0.852,0,-0.3818,NEGATIVE,negative
23/10/2022,"Tottenham boss Antonio Conte says Spurs need ""time and patience and, also for sure, money,"" after suffering a third defeat in five Premier League games.",0.207,0.714,0.078,-0.5859,NEGATIVE,negative
23/10/2022,Match of the Day pundit Alan Shearer was not expecting his old side Newcastle to be in the Premier League top four after 12 games but says their results show they mean business.,0,0.958,0.042,0.1027,POSITIVE,positive
23/10/2022,Jesse Marsch says his long-term future is at Leeds but Sunday's loss to Fulham laid bare the problems he faces.,0.265,0.735,0,-0.7579,NEGATIVE,negative
23/10/2022,Millions of Indians are illuminating their surroundings with lamps and fireworks to celebrate the festival.,0,0.653,0.347,0.7845,POSITIVE,positive
23/10/2022,"As much of the world's earth has been degraded, efforts are being made to improve matters.",0.141,0.657,0.202,0.0516,POSITIVE,positive
23/10/2022,"A couple say their mortgage-free, low-cost tiny home has allowed them to take risks.",0.149,0.851,0,-0.2732,NEGATIVE,negative
23/10/2022,Rory McIlroy overtakes Scottie Scheffler at the top of golf's world rankings by retaining his CJ Cup title in South Carolina.,0,0.917,0.083,0.2023,POSITIVE,positive
23/10/2022,India superstar Virat Kohli caps a sporting occasion like no other in Melbourne with a masterclass that ranks among his greatest feats.,0.085,0.656,0.259,0.6705,POSITIVE,positive
23/10/2022,"In April 1945, the BBC’s Richard Dimbleby was the first reporter to enter the liberated Belsen concentration camp. ",0.16650821,0.75633734,0.07715446,0.984357953,POSITIVE,positive
23/10/2022,"As Ukraine retakes territory, villagers tell the BBC about their precarious life under Russian rule.",0.6484841,0.34247088,0.009045045,0.988596261,POSITIVE,positive
23/10/2022,How have the revelations behind Harvey Weinstein's court cases changed how Hollywood works?,0.28764245,0.6950987,0.017258845,0.999108613,NEGATIVE,negative
23/10/2022,"About 80,000 people march in Germany's capital, in the biggest rally held so far by the Iranian diaspora.",0.005920501,0.6468635,0.34721598,0.997669041,POSITIVE,positive
23/10/2022,Former Newcastle captain and manager Alan Shearer explains how his old club's pressing and unity helped them beat Tottenham 2-1.,0.007851988,0.51414144,0.4780066,0.999289393,POSITIVE,positive
23/10/2022,"My Neighbour Totoro, the classic anime film, has been recreated by the Royal Shakespeare Company.",0.004106234,0.74134487,0.25454882,0.995700121,POSITIVE,positive
23/10/2022,Literary agent Andrew Wylie gives an update on the novelist's health two months after his stabbing.,0.15399739,0.8271791,0.018823588,0.631218672,POSITIVE,positive
23/10/2022,Hundreds of people receive the first congratulatory messages from the new monarch and Queen Consort.,0.001582903,0.14653386,0.8518832,0.997195363,POSITIVE,positive
23/10/2022,"Former Bank of England governor Lord King says people could face ""significantly higher taxes"".",0.47505814,0.4896077,0.035334215,0.980245173,NEGATIVE,negative
23/10/2022,The hurricane has since been downgraded to a tropical cyclone and is expected to dissipate overnight.,0.026843974,0.9036639,0.069492035,0.996655107,NEGATIVE,negative
23/10/2022,Boris Johnson's full statement as he rules himself out of the race to replace Liz Truss as the next PM.,0.2168356,0.7557644,0.027399996,0.710418284,NEGATIVE,negative
23/10/2022,A new Tory leader and PM will be chosen by 28 October.,0.014359752,0.90795165,0.077688664,0.987754047,POSITIVE,positive
23/10/2022,Whose sheer presence causes pandemonium? Who dug his team out of a hole? Find out in Garth Crooks' latest Team of the Week.,0.59190863,0.392055,0.016036354,0.996979356,NEGATIVE,negative
23/10/2022,"Conservatives are choosing a new leader, just over a month after appointing the last one.",0.09968696,0.8163123,0.0840007,0.981594086,NEGATIVE,negative
23/10/2022,"Police say they are looking for a man ""believed to be known to both women"".",0.12813327,0.8337071,0.03815959,0.990143538,NEGATIVE,negative
23/10/2022,The former prime minister is considering a return to Downing Street three months after being ejected.,0.08572844,0.88369554,0.030575955,0.988962948,NEGATIVE,negative
24/10/2022,Aston Villa appoint Villarreal manager and former Arsenal boss Unai Emery to succeed the sacked Steven Gerrard.,0,0.833,0.167,0.4939,POSITIVE,positive
24/10/2022,Russia’s defence minister has made claims that Ukraine could explode a 'dirty bomb'.,0.203,0.699,0.098,-0.3612,NEGATIVE,negative
24/10/2022,West Ham move up seven places to 10th in the Premier League table as Kurt Zouma's controversial goal helps them beat Bournemouth.,0.074,0.82,0.107,0.2023,POSITIVE,positive
24/10/2022,Fernando Alonso questions Formula 1's direction before a protest against a penalty that left him out of the points at the United States Grand Prix.,0.168,0.638,0.195,0.2023,POSITIVE,positive
24/10/2022,"Shaun Murphy says reaching ""the bottom of my mental health"" convinced him to brave ""life-changing"" stomach surgery.",0,0.639,0.361,0.7845,POSITIVE,positive
24/10/2022,Watch the moment Tonga produce a sensational piece of play against Wales only for video referee to rule the try out at the Rugby League World Cup.,0,0.912,0.088,0.34,POSITIVE,positive
24/10/2022,"In a Senate split 50-50 between two parties, every race counts. Here are the six closest ones.",0,0.847,0.153,0.4019,POSITIVE,positive
24/10/2022,Law and order promises to be a key talking point in the US midterms. We look at the numbers.,0,0.867,0.133,0.3818,POSITIVE,positive
24/10/2022,Tonga put one foot in the Rugby League World Cup quarter-finals but are made to work hard before beating a gutsy Wales side 32-6.,0.211,0.789,0,-0.6808,NEGATIVE,negative
24/10/2022,The alleged rape and murder of 12-year-old Lola by an illegal migrant has inflamed French politics.,0.562,0.438,0,-0.9468,NEGATIVE,negative
24/10/2022,Simon Armitage’s poem Transmission Report celebrates 100 years of the BBC.,0,0.73,0.27,0.5719,POSITIVE,positive
24/10/2022,Campaigners say the popular single-use vapes are an environmental nightmare.,0,0.763,0.237,0.4215,POSITIVE,positive
24/10/2022,Nujuum Hashi has overcome traditional prejudice to become a respected artist in Somalia.,0.201,0.61,0.189,-0.0516,NEGATIVE,negative
24/10/2022,"In the middle of an energy crisis, giant ships full of liquefied natural gas are waiting off Europe's coast.",0.166,0.648,0.186,-0.128,NEGATIVE,negative
24/10/2022,Former boxer Anthony Ogogo shares his story from the UK's most easterly point to Olympic success.,0,0.704,0.296,0.7096,POSITIVE,positive
24/10/2022,Hong Kong's benchmark Hang Seng stock index fell more than 6% on investor concerns over Xi Jinping's policies.,0.6961264,0.29197693,0.011896661,0.999620795,NEGATIVE,negative
24/10/2022,Get up to speed with everything you need to know this election season.,0.06895901,0.7982792,0.13276178,0.998718858,POSITIVE,positive
24/10/2022,A father carried his son's weight up Mount Kilimanjaro to raise awareness of meningitis.,0.07865862,0.80272377,0.11861755,0.981579423,POSITIVE,positive
24/10/2022,"Boris Johnson bows out of the Tory leadership race as Rishi Sunak takes the lead, Monday's papers say.",0.13229348,0.8393372,0.028369265,0.977579892,NEGATIVE,negative
24/10/2022,Russian state TV suspends a famous presenter - but its anti-Ukrainian rhetoric continues.,0.8970554,0.099520385,0.003424271,0.992460787,NEGATIVE,negative
24/10/2022,What does the former Chancellor's appointment as Conservative leader mean for politics in Scotland?,0.08673802,0.8890854,0.024176536,0.994214356,NEGATIVE,negative
24/10/2022,The BBC's political editor Chris Mason reports on the Tory leadership announcement.,0.044416703,0.90379864,0.05178465,0.91123414,POSITIVE,positive
24/10/2022,The decision to hold an early election usually rests with the prime minister.,0.08533701,0.88426024,0.030402752,0.974905908,POSITIVE,positive
24/10/2022,Tuesday's front pages all focus on Rishi Sunak becoming the UK's third prime minister this year.,0.006600495,0.92489916,0.06850028,0.996979773,POSITIVE,positive
24/10/2022,The former chancellor has not made any new pledges during the four-day contest to replace Liz Truss.,0.20612358,0.77193874,0.021937665,0.985671103,NEGATIVE,negative
24/10/2022,The German singer tells BBC Newsbeat her chart success with Sam Smith has been a dream come true.,0,0.622,0.378,0.8176,POSITIVE,positive
24/10/2022,"Ukraine had suggested some Russian units were leaving Kherson, a city that fell early in the war.",0.206,0.794,0,-0.5994,NEGATIVE,negative
24/10/2022,"England second row Rosie Galligan, who spent three years out of Test rugby through injury, illness and lockdowns, tells Rugby Union Weekly she has returned a better player.",0.17,0.741,0.09,-0.3818,NEGATIVE,negative
24/10/2022,Rishi Sunak won the Tory leadership race after rival Penny Mordaunt failed to secure enough backing.,0.147,0.533,0.32,0.4404,POSITIVE,positive
24/10/2022,The BBC's Ione Wells answers your questions on the UK's next prime minister.,0,0.857,0.143,0.25,POSITIVE,positive
24/10/2022,Asian family WhatsApp groups often buzz with blessings and useless facts. What about when Sunak was named as next PM?,0.115,0.741,0.144,0.1779,POSITIVE,positive
24/10/2022,Will Tory MPs' enthusiasm for their new leader last when his government confronts tough problems?,0.305,0.55,0.145,-0.296,NEGATIVE,negative
24/10/2022,What awaits Rishi Sunak when he walks through the doors of Downing Street?,0,0.902,0.098,0.0772,POSITIVE,positive
24/10/2022,"Rishi Sunak, the fifth Conservative prime minister in seven years, inherits many pressing challenges.",0,0.909,0.091,0.0772,POSITIVE,positive
24/10/2022,"Police ""quickly stopped"" a gunman in his 20s who entered a Missouri public school on Monday morning.",0.119,0.881,0,-0.2263,NEGATIVE,negative
24/10/2022,Rishi Sunak will be the next prime minister after no other rivals came forward to challenge him.,0.119,0.811,0.07,-0.2263,NEGATIVE,negative
24/10/2022,Rishi Sunak lost the race to be PM - then staged a comeback. Here's what you need to know about him.,0.113,0.887,0,-0.3182,NEGATIVE,negative
24/10/2022,"Tim Gough, 55, dies from a suspected heart attack while broadcasting from his home in Suffolk.",0.278,0.722,0,-0.6124,NEGATIVE,negative
24/10/2022,Rishi Sunak will be the UK's next prime minister after winning the Conservative Party leadership contest.,0,0.697,0.303,0.7269,POSITIVE,positive
24/10/2022,Uswitch says prepayment meter users are more likely to be vulnerable and at risk of running out of credit.,0.177,0.708,0.115,-0.1027,NEGATIVE,negative
24/10/2022,A BBC investigation finds evidence that Russian forces deliberately destroyed a pipeline to Mykolaiv.,0.225,0.775,0,-0.4939,NEGATIVE,negative
24/10/2022,"September's loser appears on the verge of becoming October's prime minister, political editor Chris Mason writes.",0.185,0.815,0,-0.5267,NEGATIVE,negative
24/10/2022,Lisa Squire says Pawel Relowicz has agreed to meet her in prison.,0.214,0.649,0.136,-0.296,NEGATIVE,negative
24/10/2022,"China did not want another Mao, but the party did little to stop the rise of a more powerful leader.",0.133,0.573,0.294,0.7348,POSITIVE,positive
24/10/2022,US media reported the actor was killed after being involved in a car crash on Monday.,0.356,0.644,0,-0.802,NEGATIVE,negative
24/10/2022,Two women were taken to hospital after reports of a fight in east London on Saturday.,0.157,0.843,0,-0.3818,NEGATIVE,negative
25/10/2022,It comes as investors welcomed the appointment of Rishi Sunak and the dollar fell.,0,0.844,0.156,0.34,POSITIVE,positive
25/10/2022,"The country's energy sector is struggling to cope after Russian attacks, a top official says.",0.291,0.51,0.199,-0.4215,NEGATIVE,negative
25/10/2022,New research shows a genetic link between African ancestry and triple negative breast cancer.,0.424,0.576,0,-0.8442,NEGATIVE,negative
25/10/2022,Amou Haji avoided soap for fear of getting ill and lived part of his life in a hole in the ground.,0.331,0.669,0,-0.8126,NEGATIVE,negative
25/10/2022,Rishi Sunak's rise to Tory leader without a membership vote fuels discontent among the grassroots.,0.6512355,0.33751622,0.011248306,0.994489789,NEGATIVE,negative
25/10/2022,Child migrant Michael Goodwin never knew his mother - a German Jew - spent her life looking for him.,0.55998033,0.41815817,0.02186151,0.819532633,NEGATIVE,negative
25/10/2022,"The WHO says a poll commissioned by the BBC shows the pandemic had ""diverse"" effects on mental health.",0.5726048,0.40583625,0.021558981,0.853204787,NEGATIVE,negative
25/10/2022,President Bolsonaro faces rival Lula da Silva in a second-round run-off on 30 October.,0.032491285,0.94734925,0.02015948,0.97289896,POSITIVE,positive
25/10/2022,How have the revelations behind Harvey Weinstein's court cases changed how Hollywood works?,0.28764245,0.6950987,0.017258845,0.999108613,NEGATIVE,negative
25/10/2022,"Wednesday's papers look to Rishi Sunak's first day as prime minister, and analyse his choice of cabinet.",0.025717229,0.93852514,0.03575763,0.98703593,POSITIVE,positive
25/10/2022,The price of the things we spend our money on is again rising at its highest rate in 40 years.,0.5400424,0.37553364,0.08442393,0.993135691,POSITIVE,positive
25/10/2022,"A flying school linked to the recruitment of British pilots says the UK was ""fully aware"" of its work.",0.048990592,0.84925425,0.101755165,0.995140433,POSITIVE,positive
25/10/2022,A scientist says his recordings of 53 marine species changes what we know about the evolution of sounds.,0.030509187,0.8598006,0.10969019,0.996949732,POSITIVE,positive
25/10/2022,What the UK cabinet is and what its members do.,0.1438862,0.8253512,0.030762542,0.996068358,POSITIVE,positive
25/10/2022,The BBC understands executives are planning to announce the production will end as early as next year.,0.045791857,0.90493226,0.04927584,0.992174566,NEGATIVE,negative
25/10/2022,"In his first speech as PM, Rishi Sunak vowed to restore trust and lead the UK through ""a profound economic crisis"".",0,0.776,0.224,0.6705,POSITIVE,positive
25/10/2022,Food banks are seeing more people in full-time employment and with mortgages using their services.,0.022201585,0.64150214,0.3362963,0.974353433,NEGATIVE,negative
25/10/2022,The new British prime minister gives his first address to the nation from Downing Street.,0.008138532,0.84563214,0.14622928,0.999482214,POSITIVE,positive
25/10/2022,The PM's reshuffle of his top team signals his priorities: unity and stability. But can it work?,0,0.92,0.08,0.1027,POSITIVE,positive
25/10/2022,"As the Koreas trade warning shots, the situation on the peninsula is at its most volatile in years.",0.124,0.876,0,-0.34,NEGATIVE,negative
25/10/2022,"The star discusses his new album, how fame affected his Tourette's, and being wary of Ed Sheeran.",0.082,0.769,0.149,0.3182,POSITIVE,positive
25/10/2022,Liz Truss says it has been a “huge honour “ to be prime minister of the UK.,0,0.791,0.209,0.5719,POSITIVE,positive
25/10/2022,"Speaking outside Downing Street, the PM says economic stability will be at the heart of his agenda.",0.025384922,0.7111194,0.26349568,0.996838927,POSITIVE,positive
25/10/2022,This year's climate summit comes amid spiralling energy costs and diplomatic tensions.,0.182,0.676,0.142,-0.1531,NEGATIVE,negative
25/10/2022,"After years of battling, Debbie Schwartz hopes the UK's first clinic of its type will give answers.",0.106,0.754,0.141,0.1779,POSITIVE,positive
25/10/2022,"The new prime minister must restore market credibility, tackle inflation and drive growth.",0,0.696,0.304,0.5859,POSITIVE,positive
25/10/2022,"With US midterm elections looming, singles yearn more than ever to meet their ideological soulmate.",0.082,0.707,0.212,0.5267,POSITIVE,positive
25/10/2022,"Pep Guardiola admits Manchester City have a ""problem"" with penalties as Riyad Mahrez misses in the draw with Borussia Dortmund.",0.09,0.806,0.104,0.0772,POSITIVE,positive
25/10/2022,Two wonderful finishes by Mateo Kovacic and Kai Havertz earn Chelsea victory over Red Bull Salzburg and send Graham Potter's side into the Champions League last 16.,0,0.779,0.221,0.7964,POSITIVE,positive
25/10/2022,They urge publication of a draft bill that could see firms fined 10% of turnover for market abuses.,0.184,0.816,0,-0.5574,NEGATIVE,negative
25/10/2022,Marcus Stoinis hits a magnificent unbeaten half-century as Australia bounce back from their opening defeat at the T20 World Cup by beating Sri Lanka.,0.201,0.669,0.13,-0.2732,NEGATIVE,negative
25/10/2022,Rishi Sunak lost the race to be PM - then staged a comeback. Here's what you need to know about him.,0.113,0.887,0,-0.3182,NEGATIVE,negative
25/10/2022,BBC Sport visits Germany to examine whether Bayern Munich's 10th straight league title is harming competition in the Bundesliga.,0.16,0.756,0.084,-0.4019,NEGATIVE,negative
25/10/2022,"Voters are not picking a new president in this election, but the outcome will be a verdict on Joe Biden.",0,0.899,0.101,0.2263,POSITIVE,positive
25/10/2022,Russia is sending thousands more troops to Belarus. Is the country going to join the war in Ukraine?,0.176,0.724,0.1,-0.4019,NEGATIVE,negative
25/10/2022,A wonder strike from Shakhtar Donetsk's precocious forward Mykhaylo Mudryk denies Celtic a first Champions League win and ended their hopes of European football after Christmas.,0.129,0.571,0.3,0.7717,POSITIVE,positive
25/10/2022,"The new prime minister says there are ""difficult decisions to come"" and that could affect our finances.",0.135,0.865,0,-0.3612,NEGATIVE,negative
25/10/2022,A charity has seen a sharp increase in the number of abandoned pets amid the cost of living crisis.,0.278,0.471,0.251,-0.4019,NEGATIVE,negative
25/10/2022,Papua New Guinea keep their hopes of reaching the Rugby League World Cup quarter-finals alive with a six-try win over Cook Islands.,0,0.607,0.393,0.875,POSITIVE,positive
25/10/2022,"A meeting with the King, a speech to the nation and a cabinet reshuffle.",0.017892476,0.90849316,0.07361431,0.985609353,POSITIVE,positive
25/10/2022,"As Rishi Sunak takes office, we look what else has changed on Downing Street.",0.1098675,0.86026216,0.029870445,0.996983826,POSITIVE,positive
25/10/2022,"Michael Gove and Dominic Raab return to government, as does Suella Braverman only days after quitting.",0.034122206,0.8725614,0.093316406,0.97456342,POSITIVE,positive
25/10/2022,"Some Covid help was not targeted enough and the same is happening with energy bills, its president says.",0,0.769,0.231,0.5859,POSITIVE,positive
25/10/2022,"A rundown of the people in Prime Minister Rishi Sunak's cabinet, with new faces, as well as those who have changed roles.",0,0.905,0.095,0.2732,POSITIVE,positive
25/10/2022,"A former finance analyst, Rishi Sunak has won the premiership second-time round.",0,0.73,0.27,0.5719,POSITIVE,positive
25/10/2022,"New PM Rishi Sunak pays tribute to his predecessor, saying her errors were not borne of ill will.",0.116,0.772,0.112,-0.0176,NEGATIVE,negative
25/10/2022,The UK campaigner says it is the first public LGBT protest to take place in a Gulf state.,0.111,0.889,0,-0.25,NEGATIVE,negative
26/10/2022,We take a look at early indications of the new prime minister's direction on key areas.,0.015374783,0.9254556,0.059169605,0.953826666,POSITIVE,positive
26/10/2022,Sam Kerr scores four as Chelsea win comfortably against Vllaznia to extend their lead at the top of their Women's Champions League group.,0,0.571,0.429,0.91,POSITIVE,positive
26/10/2022,"As whale populations rebound, more are getting entangled in fishing gear - and rescues are dangerous.",0.168,0.707,0.125,-0.2023,NEGATIVE,negative
26/10/2022,"The company has lost confidence of many investors, after shares have plunged roughly 60% this year.",0.111,0.625,0.264,0.4939,POSITIVE,positive
26/10/2022,"Labour called Foreign Secretary James Cleverly's remarks about the World Cup ""shockingly tone-deaf"".",0.124,0.876,0,-0.1779,NEGATIVE,negative
26/10/2022,Peers have questioned how non-working royals can still carry out constitutional duties for the King.,0.091,0.909,0,-0.1027,NEGATIVE,negative
26/10/2022,"Any cuts in funding in next week's spending announcement will hit poorest people hardest, warn experts.",0.353,0.647,0,-0.7269,NEGATIVE,negative
26/10/2022,Experts say why they think it appears increasingly difficult for prime ministers to remain in power.,0.143,0.857,0,-0.3612,NEGATIVE,negative
26/10/2022,Jessica Chastain stars as the real-life nurse who helped stop a serial killer in Netflix crime drama.,0.435,0.565,0,-0.875,NEGATIVE,negative
26/10/2022,"The ban for England had been lifted by Liz Truss, but Rishi Sunak made it one of his first reversals as PM.",0.099,0.901,0,-0.3182,NEGATIVE,negative
26/10/2022,"Anti-monarchy attitudes are strongest in Quebec, where 79% say Canada should cut ties with the Crown.",0.111,0.737,0.153,0.2023,POSITIVE,positive
26/10/2022,"Some 3.2m adults struggle to afford basic hygiene products leading to shame and exclusion, charity says.",0.339,0.536,0.125,-0.5859,NEGATIVE,negative
26/10/2022,The new PM has not matched a Liz Truss target to spend 3% of national wealth on defence.,0,0.765,0.235,0.5574,POSITIVE,positive
26/10/2022,Thousands gather in the young woman's home city of Saqqez to mark 40 days since her death in custody.,0.178,0.822,0,-0.5994,NEGATIVE,negative
26/10/2022,A mum says she fears being separated from her disabled daughter due to energy costs.,0.166,0.71,0.124,-0.1779,NEGATIVE,negative
26/10/2022,Young professionals hit by the cost of living are being targeted by scams suggesting money-making schemes.,0.202,0.798,0,-0.5859,NEGATIVE,negative
26/10/2022,"The BBC revisits Aastha Arora - ""the special baby"" whose birth in 2000 made global headlines.",0,0.838,0.162,0.4019,POSITIVE,positive
26/10/2022,High inflation sees charities having to use more of their funds to provide the basics for those who struggle.,0.102,0.756,0.142,0.2263,POSITIVE,positive
26/10/2022,All UK households will get a grant which will reduce energy bills by £400 from October.,0,0.739,0.261,0.5574,POSITIVE,positive
26/10/2022,We take a look at early indications of the new prime minister's direction in key areas.,0.01507471,0.9244949,0.06043038,0.968393385,POSITIVE,positive
26/10/2022,Poverty is a huge election issue as many Brazilians struggle amid the cost of living crisis.,0.422,0.478,0.1,-0.8126,NEGATIVE,negative
26/10/2022,"Elon Musk changed his Twitter bio to ""Chief Twit"" ahead of the Friday deadline to complete its acquisition.",0.030012632,0.8744658,0.09552157,0.995422781,NEGATIVE,negative
26/10/2022,Tensions in Iraqi Kurdistan are high after missile and drone attacks from the Iranian Revolutionary Guard.,0.286,0.714,0,-0.6808,NEGATIVE,negative
26/10/2022,The income the Sisters of the Valley make from growing cannabis is at half its pre-pandemic level.,0,0.904,0.096,0.1779,POSITIVE,positive
26/10/2022,The star is the lead in a romantic whodunnit with more twists and turns than an Agatha Christie novel.,0,0.762,0.238,0.6124,POSITIVE,positive
26/10/2022,Harry Kane is denied a late winner by a lengthy VAR check as Tottenham get a Champions League draw against Sporting Lisbon that leaves them needed a point from their final group game.,0.08,0.72,0.199,0.6486,POSITIVE,positive
26/10/2022,"Svalbard, a Norwegian archipelago, is thought to be heating at six times the global average.",0.28741786,0.64668554,0.06589665,0.956123412,POSITIVE,positive
26/10/2022,Most of Thursday's papers look at the different issues facing Rishi Sunak as begins his new role.,0.017515482,0.92448026,0.058004335,0.988077402,POSITIVE,positive
26/10/2022,Big decisions affecting your money will be announced in next month's Autumn Statement.,0.16154069,0.79930407,0.039155234,0.861279666,NEGATIVE,negative
26/10/2022,Anne-Marie Trevelyan and Chris Philp have both been given more junior roles under the new PM.,0.023762606,0.85351056,0.12272693,0.982040882,POSITIVE,positive
26/10/2022,"Looking at claims about police numbers, nurses and fracking.",0.2417211,0.7393048,0.018974109,0.994788051,NEGATIVE,negative
26/10/2022,Leading medical experts call for action ahead of a major climate conference next month.,0.011348919,0.5190967,0.46955445,0.873835087,POSITIVE,positive
26/10/2022,Liverpool secure their passage into the Champions League knockout stage with a clinical second-half display against Ajax in Amsterdam.,0,0.734,0.266,0.7003,POSITIVE,positive
26/10/2022,This year's climate summit comes amid spiralling energy costs and diplomatic tensions.,0.182,0.676,0.142,-0.1531,NEGATIVE,negative
26/10/2022,"Antonio Conte expressed his frustration as VAR denied his Tottenham side a dramatic late winner against Sporting Lisbon, before he was sent off for his reaction to the decision.",0.172,0.718,0.109,-0.296,NEGATIVE,negative
26/10/2022,"Rangers suffer a fifth consecutive Champions League defeat at the hands of an accomplished Napoli, but escaped without any significant damage to their brittle confidence.",0.174,0.483,0.342,0.7848,POSITIVE,positive
26/10/2022,Watch the highlights as captain Andrew Balbirnie scores a brilliant 62 to lead Ireland to a famous victory over England in the Men's T20 World Cup.,0,0.858,0.142,0.5859,POSITIVE,positive
26/10/2022,Rishi Sunak faces Keir Starmer and other MPs for his first time as prime minister at PMQs.,0.032910388,0.9366073,0.030482255,0.996311128,POSITIVE,positive
26/10/2022,Conor Benn voluntarily relinquishes his boxing licence after failing a drug test before his fight with Chris Eubank Jr.,0.269,0.731,0,-0.7096,NEGATIVE,negative
27/10/2022,The statues were torn down in response to a law that prohibits totalitarian regimes.,0.317,0.683,0,-0.6249,NEGATIVE,negative
27/10/2022,"With no return to devolved government, the NI secretary must now call an election within 12 weeks.",0.121,0.879,0,-0.296,NEGATIVE,negative
27/10/2022,"The new PM will not attend the COP27 conference in Egypt due to pressing commitments, No 10 says.",0.112,0.812,0.076,-0.1779,NEGATIVE,negative
27/10/2022,"Sculptor Martin Jennings, who created the image of the King, describes it as a remarkable experience.",0,0.699,0.301,0.6808,POSITIVE,positive
27/10/2022,"A TikTok influencer ""set a trap"" on a man who was blackmailing her mum with a sex tape, a jury hears.",0.133,0.867,0,-0.3182,NEGATIVE,negative
27/10/2022,The RSPCA says some dogs and cats may find the experience 'worrying and even scary'.,0.146,0.854,0,-0.34,NEGATIVE,negative
27/10/2022,Ash Regan is among seven SNP MSPs who did not support the plans as they faced their first Holyrood vote.,0.106,0.894,0,-0.3089,NEGATIVE,negative
27/10/2022,Arsenal firmly establish their lead at the top of their Women's Champions League group with a comfortable victory over Swiss champions Zurich at Emirates Stadium.,0,0.627,0.373,0.8979,POSITIVE,positive
27/10/2022,"Some 3.2m adults struggle to afford basic hygiene products leading to shame and exclusion, charity says.",0.339,0.536,0.125,-0.5859,NEGATIVE,negative
27/10/2022,An investigator says images of pre-pubescent children being exploited were traced back to the site.,0.176,0.824,0,-0.4588,NEGATIVE,negative
27/10/2022,"Hundreds of thousands of workers have walked out, or threatened to, causing widespread disruption.",0.314,0.686,0,-0.6705,NEGATIVE,negative
27/10/2022,How two Christian women's friendship ended with one dead and the other facing a life behind bars.,0.203,0.66,0.137,-0.34,NEGATIVE,negative
27/10/2022,"Prince Harry's memoir set to worry the royals and Rishi Sunak plans tax cuts, Friday's papers say.",0.254,0.746,0,-0.6249,NEGATIVE,negative
27/10/2022,Amnesty International says at least eight people have died amid anti-government protests across Iran.,0.314,0.686,0,-0.6705,NEGATIVE,negative
27/10/2022,"Premier League leaders Arsenal have to ""reset"" after losing to PSV Eindhoven and missing the chance to seal top spot in Europa League Group A, says boss Mikel Arteta.",0.143,0.744,0.113,-0.25,NEGATIVE,negative
27/10/2022,"Labour's deputy leader says the party wants people to ""create wealth"", echoing Peter Mandelson.",0,0.714,0.286,0.5859,POSITIVE,positive
27/10/2022,Susan Wamaitha was urged to take a Chinese-made contraceptive not knowing it was banned in Kenya.,0.176,0.824,0,-0.4588,NEGATIVE,negative
27/10/2022,"Equality and Human Rights Commission issues guidance to combat ""potentially discriminatory policy"".",0.179,0.821,0,-0.34,NEGATIVE,negative
27/10/2022,Rishi Sunak points to his time in California studying and working as a defining part of his life.,0.005927,0.8219252,0.17214786,0.997113228,POSITIVE,positive
27/10/2022,How closely have you been paying attention to what's been going on over the past seven days?,0.10549879,0.872002,0.02249924,0.971916556,NEGATIVE,negative
27/10/2022,The contest between Beto O'rourke and Greg Abbott is a textbook showdown of the US left and right.,0.088043086,0.77753204,0.13442484,0.99068284,POSITIVE,positive
27/10/2022,Many people living in remote communities are concerned about the impact of rapidly rising prices.,0.5593426,0.41621447,0.024442839,0.98977685,POSITIVE,positive
27/10/2022,The Royal British Legion launches its 2022 Poppy Appeal with an installation in London.,0.00625808,0.908923,0.08481901,0.998981059,POSITIVE,positive
27/10/2022,How influencers are combatting the environmental costs of fast fashion Halloween costumes,0.25494346,0.6793302,0.06572631,0.966707468,POSITIVE,positive
27/10/2022,"A report says an additional 20,000 black women need to be recruited to match numbers in the wider workforce.",0.03391235,0.867224,0.09886368,0.992973208,NEGATIVE,negative
27/10/2022,Manchester United cruise past Sheriff but will need to beat Real Sociedad in their Europa League Group E finale to take top spot.,0,0.83,0.17,0.4767,POSITIVE,positive
27/10/2022,"England will not ""throw the baby out with the bathwater"" in their crucial T20 World Cup match against Australia on Friday, says coach Matthew Mott.",0.17695226,0.72417074,0.09887697,0.992160618,POSITIVE,positive
27/10/2022,Captain Sarah Hunter will become the most-capped England international and the most-capped women's player when she makes her 138th appearance in Sunday's World Cup quarter-final with Australia.,0.002706538,0.5584764,0.43881708,0.999554098,POSITIVE,positive
27/10/2022,At least a dozen species display this 'bad habit' and now scientists want to know why.,0.224,0.706,0.071,-0.5893,NEGATIVE,negative
27/10/2022,Scientists say they now understand more about the mysterious role of epigenetics in cancer growth.,0.22,0.65,0.13,-0.4215,NEGATIVE,negative
27/10/2022,Red Bull's punishment for breaking Formula 1's budget cap will be revealed on Friday.,0.198,0.802,0,-0.4939,NEGATIVE,negative
27/10/2022,Watch the closing stages as Pakistan suffer a shock one-run defeat by Zimbabwe in the T20 World Cup in Perth.,0.363,0.637,0,-0.8442,NEGATIVE,negative
27/10/2022,"Amber Rudd says a scheme to send asylum seekers to Rwanda is also ""impractical"" and will not happen.",0.773599,0.21788296,0.008518046,0.999428093,NEGATIVE,negative
27/10/2022,"Unison is urging nurses, paramedics, porters and cleaners to walkout over a below-inflation pay rise.",0.236,0.764,0,-0.4019,NEGATIVE,negative
28/10/2022,"Security forces reportedly fire on protesters in Zahedan, as anti-government unrest continues.",0.274,0.573,0.153,-0.2263,NEGATIVE,negative
28/10/2022,"Gloucestershire Royal has some of England's worst ambulance waiting times, with a hard winter to come.",0.297,0.703,0,-0.6705,NEGATIVE,negative
28/10/2022,Pablo Marí is to be sidelined for about two months after having surgery on wounds he sustained when he was stabbed in an Italian supermarket.,0.108,0.892,0,-0.4404,NEGATIVE,negative
28/10/2022,"The government spends more of the aid budget at home than on direct help overseas, estimates indicate.",0,0.856,0.144,0.4019,POSITIVE,positive
28/10/2022,The notorious wild man of rock’n’roll - who married his 13-year-old cousin and shot his bass player - has died at 87.,0.265,0.735,0,-0.7579,NEGATIVE,negative
28/10/2022,"The intruder allegedly demanded to see top US Democrat Nancy Pelosi, and left her husband with a fractured skull.",0.096,0.812,0.091,-0.0258,NEGATIVE,negative
28/10/2022,"Jaqueline Kirk was not bitter and found solace in nature photography, those who knew her say.",0,0.865,0.135,0.3252,POSITIVE,positive
28/10/2022,Researchers in Sweden are close to completing an industry-first average female crash test dummy.,0.172,0.828,0,-0.4019,NEGATIVE,negative
28/10/2022,A man is arrested on suspicion of assisting an offender over the murder of the nine-year-old.,0.54,0.46,0,-0.9169,NEGATIVE,negative
28/10/2022,"Among those injured in the attack near Milan was Pablo Mari, a footballer on loan from Arsenal.",0.293,0.707,0,-0.7003,NEGATIVE,negative
28/10/2022,A look at why China's former leader was led out of the Communist Party Congress.,0,0.828,0.172,0.4019,POSITIVE,positive
28/10/2022,"Dino Price admitted dangerous driving, affray and driving without a licence or insurance.",0.214,0.69,0.097,-0.4019,NEGATIVE,negative
28/10/2022,"Jerry Lee Lewis, singer behind Great Balls of Fire, dies after life marred by scandal and violence.",0.355,0.491,0.155,-0.6486,NEGATIVE,negative
28/10/2022,Despite the find Piet Mondrian's painting will continue to be shown as it is to avoid any damage.,0.252,0.748,0,-0.6597,NEGATIVE,negative
28/10/2022,"A ""time travel trail"" in Worcester sees special displays of photos and videos of residents reminiscing.",0,0.838,0.162,0.4019,POSITIVE,positive
28/10/2022,Dozens of cities across the country have been affected by varying degrees of restrictions.,0.11,0.89,0,-0.1531,NEGATIVE,negative
28/10/2022,"How an AA technician came face to face with Jemma Mitchell, who was dumping her victim's body.",0.126,0.874,0,-0.3182,NEGATIVE,negative
28/10/2022,Red Bull have been hit with a $7m (£6.07m) fine and a 10% reduction in permitted aerodynamic research for breaking Formula 1's budget cap.,0,0.921,0.079,0.2023,POSITIVE,positive
28/10/2022,"Wasps are suspended from the Premiership and Premiership Rugby Cup for the rest of the season and relegated, the Rugby Football Union confirms.",0.124,0.876,0,-0.4767,NEGATIVE,negative
28/10/2022,Gloucester win their fourth Premiership match in a row as they beat Exeter 38-22 in front of a sold-out Kingsholm.,0,0.817,0.183,0.5859,POSITIVE,positive
28/10/2022,"Jordan Rapana, Peta Hiku and Jahrome Hughes score two tries each as New Zealand produce a dominant victory over Ireland at Headingley to leave the Wolfhounds on the brink of a World Cup exit.",0.037,0.963,0,-0.0516,NEGATIVE,negative
28/10/2022,"Hours after Nancy Pelosi's husband is attacked, US intelligence warns candidates face a ""heightened risk"".",0.238,0.595,0.168,-0.0772,NEGATIVE,negative
28/10/2022,"As fears grow of Russian nuclear escalation over Ukraine, Steve Rosenberg explains why he considers such a drastic step unlikely.",0.135,0.865,0,-0.4215,NEGATIVE,negative
28/10/2022,The long-eared owl was rescued after being attacked by gulls off the north coast of Scotland.,0.152,0.707,0.141,-0.0516,NEGATIVE,negative
28/10/2022,New Zealand cruise to a 48-10 victory to leave a forlorn Ireland facing a group-stage exit from the World Cup.,0.07,0.93,0,-0.0516,NEGATIVE,negative
28/10/2022,"From disputed polls to ""conspirituality"", Brazil's presidential run-off has split society.",0.194,0.806,0,-0.34,NEGATIVE,negative
28/10/2022,Ministers needs to find billions of pounds to plug the 'hole' in public finances.,0.4448484,0.5161898,0.038961783,0.998844743,NEGATIVE,negative
28/10/2022,"Carly took her daughter to Saudi Arabia to visit her father. Three years later, she's still there.",0.18065874,0.7638034,0.05553784,0.998378873,POSITIVE,positive
28/10/2022,"Ben Duckett's long road back to Test cricket is much more than recovering from an incident in a Perth nightclub, says chief cricket writer Stephan Shemilt.",0.4850335,0.47700933,0.037957236,0.972505271,NEGATIVE,negative
28/10/2022,The contest between Beto O'Rourke and Greg Abbott is a textbook showdown of the US left and right.,0.08725798,0.7734222,0.13931991,0.99068284,POSITIVE,positive
28/10/2022,A new BBC documentary looks into what it takes for food couriers to make money during an evening shift.,0.053115774,0.8665055,0.08037869,0.972045064,POSITIVE,positive
28/10/2022,"Downing Street says the two leaders pledged to work on deterring ""deadly journeys"" in the Channel.",0.07854942,0.7605627,0.16088787,0.705066085,NEGATIVE,negative
28/10/2022,"The pair confirm their separation and say they ""arrived at this decision amicably"".",0.008367242,0.75434464,0.2372881,0.993014455,POSITIVE,positive
28/10/2022,"From music to cultural discussions, Asian Network has provided a ""community"" feel for 20 years.",0.008165193,0.5475649,0.44426993,0.999111474,POSITIVE,positive
28/10/2022,Many people living in remote communities are concerned about the impact of rapidly rising prices.,0.5593426,0.41621447,0.024442839,0.98977685,POSITIVE,positive
28/10/2022,One of the most publicised and frenetic deals in Silicon Valley history has reportedly been completed.,0.001294132,0.097987555,0.90071833,0.990067601,POSITIVE,positive
28/10/2022,Twitter's chief executive and finance boss are reportedly ousted as the tycoon acquires the social media platform.,0.36813015,0.5972703,0.034599558,0.999331117,NEGATIVE,negative
28/10/2022,The papers report a visit by Rishi Sunak to a Croydon hospital and claims about misconduct in the Navy.,0.34394804,0.6440697,0.011982319,0.986478388,NEGATIVE,negative
29/10/2022,Brazilians on both sides of the political divide say they are anxious ahead of the deciding vote.,0.111,0.889,0,-0.25,NEGATIVE,negative
29/10/2022,The appointment comes as the new prime minister and his family move back into No 10 Downing Street.,0.115,0.885,0,-0.296,NEGATIVE,negative
29/10/2022,"Rishi Sunak will be a different kind of PM but it's not the end of the drama, writes Laura Kuenssberg.",0.12545018,0.8192133,0.05533658,0.981150687,POSITIVE,positive
29/10/2022,"Red Bull's Max Verstappen takes pole for the Mexico City Grand Prix, fending off a challenge from Mercedes drivers George Russell and Lewis Hamilton.",0,0.83,0.17,0.5106,POSITIVE,positive
29/10/2022,Labour is calling for risk assessments of Suella Braverman's security breach to be published.,0.127,0.727,0.145,0.0772,POSITIVE,positive
29/10/2022,"The UN says it is vital not to imperil the deal, as Ukraine accuses Russia of ""using a false pretext"".",0.111,0.787,0.102,-0.0516,NEGATIVE,negative
29/10/2022,Ernest Marke was attacked by a white mob in Liverpool.,0.273,0.727,0,-0.4588,NEGATIVE,negative
29/10/2022,Halloween revellers are seen struggling in huge crowds as emergency services attend the scene.,0.289,0.588,0.123,-0.4767,NEGATIVE,negative
29/10/2022,"Halloween revellers pour into a narrow street in South Korea's capital, causing a deadly crush.",0.118,0.882,0,-0.1531,NEGATIVE,negative
29/10/2022,"With prices on the rise, could rents play a part in how people vote at the next election?",0,0.87,0.13,0.34,POSITIVE,positive
29/10/2022,Ferrari's Charles Leclerc is unhurt following a heavy crash in Friday practice at the Mexico City Grand Prix.,0.13,0.725,0.145,0.0772,POSITIVE,positive
29/10/2022,Rishi Sunak says he wants to build an economy that embraces the opportunities of Brexit.,0,0.843,0.157,0.3818,POSITIVE,positive
29/10/2022,One family spends six months turning their home into a must-see Halloween attraction.,0,0.786,0.214,0.4588,POSITIVE,positive
29/10/2022,The Mail on Sunday claims the ex-prime minister's phone was hacked while she was foreign secretary.,0.153,0.847,0,-0.4019,NEGATIVE,negative
29/10/2022,One mother says a charity is supporting her as the rising costs of heating and food hit home.,0,0.725,0.275,0.6908,POSITIVE,positive
29/10/2022,Russian strikes on energy infrastructure leave Ukrainians facing power cuts of more than four hours.,0.311,0.579,0.111,-0.4215,NEGATIVE,negative
29/10/2022,Jurgen Klopp says Liverpool need to find consistency to avoid missing out on a top-four finish in the Premier League after a damaging loss to Leeds.,0.333,0.667,0,-0.8402,NEGATIVE,negative
29/10/2022,"Ireland's Katie Taylor retains her IBF, WBA, WBC, WBO world lightweight titles with a comprehensive win against Karen Elizabeth Carabajal.",0,0.746,0.254,0.7003,POSITIVE,positive
29/10/2022,Top managers leave the social media platform as the billionaire seals his takeover of the firm.,0.071,0.824,0.106,0.1531,POSITIVE,positive
29/10/2022,World Cup host Qatar is receiving complaints over its human rights record and laws on homosexuality.,0.153,0.847,0,-0.4019,NEGATIVE,negative
29/10/2022,Footage shows rescue workers at the scene in Seoul as crowds of revellers leave the bustling area.,0.062,0.769,0.169,0.4767,POSITIVE,positive
29/10/2022,Most of the Sunday papers look at Rishi Sunak's decision not to attend the COP27 climate summit.,0.33130634,0.6448165,0.023877088,0.945318937,POSITIVE,positive
29/10/2022,A hydroelectric scheme provides power for the 120 people living in the remote community of Knoydart.,0.008232019,0.64434636,0.34742162,0.997377276,POSITIVE,positive
29/10/2022,"A design agency in Barcelona has creatives with learning disabilities, autism and schizophrenia.",0.149736,0.75594217,0.09432184,0.800858557,NEGATIVE,negative
29/10/2022,The papers report a visit by Rishi Sunak to a Croydon hospital and claims about misconduct in the Navy.,0.34394804,0.6440697,0.011982319,0.986478388,NEGATIVE,negative
29/10/2022,A British Nigerian artist is using pure gold to paint portraits depicting the stories of African diaspora women.,0.046795756,0.9020639,0.051140368,0.999158025,POSITIVE,positive
29/10/2022,Fabian Edwards beats Charlie Ward at Bellator 287 in Milan to edge closer towards a middleweight title shot.,0.002911123,0.9005474,0.09654148,0.717412055,POSITIVE,positive
29/10/2022,Watch as Dominic Young scores four first-half tries against Greece to equal the record for an England international in one match.,0.003288019,0.63613355,0.36057845,0.999280751,POSITIVE,positive
29/10/2022,Graham Potter endures a nightmare return to Amex Stadium as Brighton deservedly beat Chelsea to claim their first victory under new manager Roberto de Zerbi.,0.076790065,0.4817182,0.4414917,0.991141915,NEGATIVE,negative
29/10/2022,"Donald Trump shares a love for Twitter with Elon Musk, its new owner, but times have changed.",0,0.769,0.231,0.4939,POSITIVE,positive
30/10/2022,"After Fernando Alonso questions the value of Lewis Hamilton's seven world titles, the Mercedes driver responds on social media.",0,0.882,0.118,0.34,POSITIVE,positive
30/10/2022,People gather to pay their respects with prayers and tributes near the scene of the disaster in central Seoul.,0.231,0.672,0.097,-0.4939,NEGATIVE,negative
30/10/2022,Supporters of the left-wing leader erupt with joy as Bolsonaro fails to win a second term in power.,0.106,0.494,0.399,0.8271,POSITIVE,positive
30/10/2022,Images from South Korea reveal how Halloween revellers met with disaster in a giant crush.,0.322,0.678,0,-0.6908,NEGATIVE,negative
30/10/2022,Luiz Inácio Lula da Silva returns to power after narrowly winning the country's presidential election.,0,0.805,0.195,0.5267,POSITIVE,positive
30/10/2022,"The incident occurred on Saturday night, as tens of thousands celebrated Halloween in Itaewon.",0,0.778,0.222,0.5719,POSITIVE,positive
30/10/2022,Teenager Beau Greaves throws a record women's average of 107.86 as she beats Fallon Sherrock to a place in the PDC World Championship at Alexandra Palace.,0,0.888,0.112,0.4404,POSITIVE,positive
30/10/2022,Survivors have been describing the horrific crush in the centre of Seoul that killed more than 150 people.,0.412,0.588,0,-0.8885,NEGATIVE,negative
30/10/2022,Red Bull's Max Verstappen broke the record for wins in a season with a comfortable and controlled victory in the Mexico City Grand Prix.,0.091,0.584,0.325,0.802,POSITIVE,positive
30/10/2022,A little-known US team that hunts global adversaries has helped protect Ukraine from cyber attacks.,0.265,0.595,0.141,-0.3182,NEGATIVE,negative
30/10/2022,Russia says it's pulling out of the deal to allow Ukraine to export grain by sea. How much was shipped?,0,0.909,0.091,0.2263,POSITIVE,positive
30/10/2022,"As Ford announces the end of the Fiesta, keen fans sing its praises and mourn its loss.",0.195,0.46,0.345,0.5994,POSITIVE,positive
30/10/2022,Who is playing like a future Ballon d'Or winner? Who would Gareth Southgate be brave to overlook for England? It's Garth Crooks' team of the week.,0,0.639,0.361,0.897,POSITIVE,positive
30/10/2022,Several Zimbabwean skulls were found in archives but none belong to Zimbabwe's anti-colonial heroes.,0,0.745,0.255,0.6652,POSITIVE,positive
30/10/2022,The suspension bridge collapse in Gujarat kills at least 78 people as hundreds are thrown into a river.,0.309,0.691,0,-0.7717,NEGATIVE,negative
30/10/2022,An old phone box has been helping people struggling with the rising costs of living in Deptford.,0.14,0.75,0.11,-0.1531,NEGATIVE,negative
30/10/2022,"Russia's invasion of Ukraine has led to soaring energy prices, threatening supply to the world's poorest.",0.314,0.591,0.095,-0.7003,NEGATIVE,negative
30/10/2022,The infectious disease is spreading fast in a country ill-equipped to stop it.,0.167,0.833,0,-0.296,NEGATIVE,negative
30/10/2022,The Princess of Wales sends a message telling people with addictions not to be ashamed to get help.,0,0.741,0.259,0.6433,POSITIVE,positive
30/10/2022,"The suspect was found dead nearby after the incident at the immigration centre in Dover, police say.",0.302,0.698,0,-0.7579,NEGATIVE,negative
30/10/2022,"The Ministry of Defence said 990 people arrived on Saturday, bringing this year's total to 39,430.",0,0.915,0.085,0.1027,POSITIVE,positive
30/10/2022,"Manchester United manager Erik ten Hag believes David de Gea is a ""great"" goalkeeper and rejects the notion the Spain international cannot play with his feet.",0.174,0.732,0.093,-0.3476,NEGATIVE,negative
30/10/2022,Arsenal boss Mikel Arteta says he hopes the injury sustained by Bukayo Saka in Sunday's win over Nottingham Forest will not threaten the player's World Cup participation with England.,0.077,0.683,0.24,0.717,POSITIVE,positive
30/10/2022,Police say two men were pronounced dead at the scene following the incident on Sunday evening.,0.223,0.777,0,-0.6486,NEGATIVE,negative
30/10/2022,"The 1.9km (1.2 mile) long train, which is composed of 100 coaches, has completed a 25km journey.",0.014117406,0.91952854,0.06635409,0.979971826,POSITIVE,positive
30/10/2022,"A mother says having a prepayment meter installed has made her situation ""exponentially worse"".",0.9132895,0.0810229,0.005687581,0.999801934,NEGATIVE,negative
30/10/2022,Many of Monday's newspapers report details of an attack at a migrant centre in Dover.,0.193,0.807,0,-0.4767,NEGATIVE,negative
30/10/2022,Rishi Sunak's wife is a billionaire's daughter who has divided her life between three continents.,0.13902378,0.8261492,0.03482693,0.995416403,POSITIVE,positive
30/10/2022,An email sent from the home secretary's account could raise questions over how quickly she took action.,0.40251476,0.58519214,0.012293112,0.995567739,NEGATIVE,negative
30/10/2022,"King Charles is not going to the climate conference, but will host a pre-summit gathering in London.",0.072113566,0.88376236,0.044124022,0.994183362,POSITIVE,positive
30/10/2022,Witnesses describe the horror of being jammed in a crowd who had gone to celebrate Halloween.,0.70683414,0.27733594,0.015829895,0.985282898,NEGATIVE,negative
30/10/2022,The strikes planned for the next two weeks will not take place but action will resume on 12 November.,0.089,0.911,0,-0.1901,NEGATIVE,negative
30/10/2022,The president blames al-Shabab militants for being behind what he describes as a cowardly attack.,0.433,0.567,0,-0.8126,NEGATIVE,negative
31/10/2022,Fans allocated tickets to Strictly Come Dancing often queue from the early hours to ensure they get in.,0,0.867,0.133,0.3818,POSITIVE,positive
31/10/2022,Papua New Guinea secure a quarter-final against hosts England with an impressive 36-0 win which ends Wales' faint Rugby League World Cup hopes.,0,0.594,0.406,0.9062,POSITIVE,positive
31/10/2022,The images have been unearthed from National Trust for Scotland's Canna House archive.,0,0.784,0.216,0.5106,POSITIVE,positive
31/10/2022,Britishvolt could run out of money after the government refused to advance £30m in funding.,0.136,0.864,0,-0.296,NEGATIVE,negative
31/10/2022,Many customers with non-smart prepayment meters have not cashed in vouchers aimed at helping with bills.,0,0.872,0.128,0.296,POSITIVE,positive
31/10/2022,The Lincolnshire-based Woodland Trust is urging people not to dump pumpkins in the countryside.,0,0.686,0.314,0.6688,POSITIVE,positive
31/10/2022,Juventus midfielder Paul Pogba will miss France's World Cup defence in Qatar as he recovers from a knee operation.,0.084,0.842,0.074,-0.0516,NEGATIVE,negative
31/10/2022,"Playing in the Rugby League World Cup will be a ""pinch-me moment"" for experienced England forward Jodie Cunningham.",0,0.899,0.101,0.2023,POSITIVE,positive
31/10/2022,Watch highlights as Papua New Guinea set up a Rugby League World Cup quarter-final clash with England after beating Wales 36-0 on a wet night in Doncaster.,0.111,0.889,0,-0.4588,NEGATIVE,negative
31/10/2022,"Australia beat Ireland to boost their hopes of reaching the T20 World Cup semi-finals, and also hurt England's last four chances.",0.119,0.561,0.319,0.5719,POSITIVE,positive
31/10/2022,The stories of some of the victims who died in Saturday's tragic Halloween crush in South Korea.,0.447,0.553,0,-0.8591,NEGATIVE,negative
31/10/2022,Lula da Silva won the second-round run-off on 30 October.,0,0.709,0.291,0.5719,POSITIVE,positive
31/10/2022,West Ham striker Michail Antonio gives a unique analysis of himself on Match of the Day 2 after his side's 1-0 defeat by Manchester United.,0.112,0.784,0.104,-0.0516,NEGATIVE,negative
31/10/2022,"In the latest of our World Cup icons series, BBC Sport tells the story of Pele and his role in helping Brazil bring us the beautiful game in 1970.",0,0.816,0.184,0.7269,POSITIVE,positive
31/10/2022,People who were at the scene when a bridge in India's Gujarat state collapsed told the BBC what they saw.,0.104,0.896,0,-0.2732,NEGATIVE,negative
31/10/2022,The two parties have focused on very different issues. Katty Kay decodes their campaign messages.,0,0.71,0.29,0.6486,POSITIVE,positive
31/10/2022,The government has promised to reduce the number of people who use this route to come to the UK.,0,0.817,0.183,0.4215,POSITIVE,positive
31/10/2022,Russia says it's pulling out of the deal to allow Ukraine to export grain by sea. How much was shipped?,0,0.909,0.091,0.2263,POSITIVE,positive
31/10/2022,Missile attacks on key facilities across Ukraine on Monday cause power cuts and water shortages.,0.358,0.642,0,-0.6908,NEGATIVE,negative
31/10/2022,There were fears Britishvolt could run out of money after the government refused to advance funding.,0.263,0.737,0,-0.6124,NEGATIVE,negative
31/10/2022,"Jair Bolsonaro, who narrowly lost, has not spoken publicly since his election defeat.",0.325,0.675,0,-0.6486,NEGATIVE,negative
31/10/2022,The suspect is also charged assault and attempted murder of the top Democrat's husband in their home.,0.475,0.456,0.068,-0.8934,NEGATIVE,negative
31/10/2022,"Lucy Letby was asked several times to leave the family of a baby she allegedly killed, her trial hears.",0.263,0.737,0,-0.6908,NEGATIVE,negative
31/10/2022,Authorities say visitors will not be allowed out of the theme park until they show a negative Covid test.,0.179,0.821,0,-0.5719,NEGATIVE,negative
31/10/2022,"The Bristol Rovers manager would be unable to have a fair trial, a judge ruled.",0,0.839,0.161,0.3182,POSITIVE,positive
31/10/2022,People on a Swansea estate are reducing bills by sharing solar panels and storing the power.,0,0.833,0.167,0.4215,POSITIVE,positive
31/10/2022,"Ex-rugby star Mike Tindall, who is married to the King's niece, hopes to become king of the jungle.",0,0.859,0.141,0.4215,POSITIVE,positive
31/10/2022,Trustees planning a sculpture to the feminist Elsie Inglis said they should have been more transparent.,0,0.915,0.085,0.0772,POSITIVE,positive
31/10/2022,President Biden has rejected suggestions the US economy is weakening.,0.412,0.588,0,-0.6808,NEGATIVE,negative
31/10/2022,The government rules aim to contain the country's largest ever bird flu outbreak.,0.178,0.822,0,-0.3818,NEGATIVE,negative
31/10/2022,The tunnels in Edinburgh's Old Town have a grisly history - but Jamie Corstorphine finds them peaceful.,0,0.765,0.235,0.6486,POSITIVE,positive
31/10/2022,"Chirag, Dharmik, and Chetan were on the bridge in Morbi when it collapsed into the river.",0.123,0.877,0,-0.2732,NEGATIVE,negative
31/10/2022,"Sorrow, bewilderment and questions after one of South Korea's worst recent tragedies.",0.536,0.464,0,-0.886,NEGATIVE,negative
31/10/2022,Home secretary Suella Braverman is facing criticism over conditions at Manston migrant centre.,0.195,0.805,0,-0.4404,NEGATIVE,negative
31/10/2022,The items include a bedspread and pillowcases sewn by Elizabeth I and her ladies in waiting.,0.00652345,0.8953873,0.09808921,0.941913784,NEGATIVE,negative
31/10/2022,"Captain Courtney Lawes is ruled out of England's match with Argentina at Twickenham on Sunday, but Owen Farrell returns.",0.10457346,0.868891,0.026535658,0.989696622,POSITIVE,positive
31/10/2022,Images from Brazil as former president Lula beats incumbent Bolsonaro in the presidential election.,0.008847819,0.7435644,0.24758774,0.867640495,POSITIVE,positive
31/10/2022,Wales' national football teams could change their name to Cymru - the Welsh name for Wales - after this year's World Cup in Qatar.,0.030393533,0.9169866,0.05261982,0.945606232,NEGATIVE,negative
31/10/2022,The home secretary faces Labour claims she is unfit for office as she defends asylum policies.,0.8704514,0.12526987,0.004278654,0.999550164,NEGATIVE,negative
31/10/2022,The move means he cements his control over the company by becoming its sole director.,0.028620316,0.80047715,0.1709025,0.999040544,POSITIVE,positive
31/10/2022,"The messages, alongside other documents, are part of the probe into political decision-making.",0.099674396,0.87747705,0.022848556,0.972229362,POSITIVE,positive
31/10/2022,Americans will be reshaping Congress but the impact of this vote will be far-reaching. Here's why.,0.06483325,0.71196043,0.22320637,0.993680954,POSITIVE,positive
31/10/2022,Bilbao's Guggenheim Museum transformed the face and fate of Bilbao when it opened in 1997.,0.006169128,0.44909582,0.5447351,0.999662399,POSITIVE,positive
31/10/2022,Job interviews can now take place in VR worlds with a computer asking the questions.,0.07077207,0.76758796,0.16163999,0.968176544,NEGATIVE,negative
31/10/2022,The leftist who led Brazil in 2003-2011 makes a dramatic return - but unity may prove elusive.,0.12676258,0.74193513,0.13130228,0.992857218,POSITIVE,positive
01/11/2022,Ofcom is consulting on changes to telecoms rules that could see fax machines become obsolete.,0.136,0.864,0,-0.296,NEGATIVE,negative
01/11/2022,"Parts of Kyiv fall dark, despite power and water being restored after Russian attacks on Monday.",0.15,0.725,0.124,-0.128,NEGATIVE,negative
01/11/2022,Liverpool end Napoli's flawless Champions League record with victory at Anfield but still have to settle for second place in Group A.,0,0.821,0.179,0.5187,POSITIVE,positive
01/11/2022,"Andrew Leak carried out a ""despicable"" firebomb attack at a migrant centre before he was found dead.",0.45,0.55,0,-0.8689,NEGATIVE,negative
01/11/2022,"Tottenham go through to the Champions League last 16 as Group D winners after scoring in stoppage time to beat Marseille on a dramatic, frantic evening in France.",0.09,0.71,0.201,0.5574,POSITIVE,positive
01/11/2022,Critics say the change could make it harder for people to find reliable sources on the social media site.,0.109,0.891,0,-0.296,NEGATIVE,negative
01/11/2022,He neither acknowledges defeat nor congratulates his rival but vows to comply with the constitution.,0,0.889,0.111,0.1877,POSITIVE,positive
01/11/2022,Great Britain's women win silver in the team final at the 2022 Gymnastics World Championships in Liverpool.,0,0.558,0.442,0.9022,POSITIVE,positive
01/11/2022,Most papers focus on the pressure piling on Suella Braverman amid a row over the migrant crisis.,0.31,0.69,0,-0.743,NEGATIVE,negative
01/11/2022,Hat-trick scorer Amy Hardcastle says the record-breaking crowd inspired England to a 72-4 win over Brazil in their World Cup opener at Headingley.,0,0.741,0.259,0.7906,POSITIVE,positive
01/11/2022,England captain Jos Buttler hits a brilliant 73 to set up England's 20-run win in the T20 World Cup clash with New Zealand in Brisbane.,0,0.743,0.257,0.8225,POSITIVE,positive
01/11/2022,"England manager Sarina Wiegman says she ""would not like to comment"" on the reasons why goalkeeper Hannah Hampton has been left out of the squad again.",0.078,0.922,0,-0.2755,NEGATIVE,negative
01/11/2022,Rishi Sunak is coming under growing pressure to do a U-turn on attending the UN climate summit.,0.123,0.782,0.095,-0.128,NEGATIVE,negative
01/11/2022,The former health secretary is punished by his party after announcing he will join the reality show.,0.137,0.639,0.224,0.2263,POSITIVE,positive
01/11/2022,The 88-year-old grandmother with dementia died hours after a fellow resident allegedly attacked her.,0.375,0.625,0,-0.765,NEGATIVE,negative
01/11/2022,Ukrainian civilians and troops paint a picture of endurance and hardship as winter approaches.,0.161,0.839,0,-0.3182,NEGATIVE,negative
01/11/2022,Dave Smith couldn't believe it when he saw that a local shop was allowing people to take coats for free.,0,0.845,0.155,0.5106,POSITIVE,positive
01/11/2022,Paxton and Melanie have very different views on whether abortion should be banned or protected in the US.,0.137,0.731,0.132,-0.0258,NEGATIVE,negative
01/11/2022,It is the first central bank to start unwinding the emergency support brought in after the 2008 financial crisis.,0.264,0.63,0.106,-0.6124,NEGATIVE,negative
01/11/2022,"Police did almost nothing to stop a huge, unmanageable crowd from gathering.",0.156,0.715,0.129,-0.0869,NEGATIVE,negative
01/11/2022,Rangers set a new pointless record in the Champions League as Ajax consign them to a sixth straight defeat.,0.135,0.628,0.238,0.3182,POSITIVE,positive
01/11/2022,Takeoff was a member of the influential US rap trio who had hits like Bad and Boujee and Stir Fry.,0.141,0.643,0.217,0.2263,POSITIVE,positive
01/11/2022,Former Scottish Labour leader Kezia Dugdale's advice for Matt Hancock on appearing on I'm a Celebrity.,0.057126556,0.89641017,0.046463385,0.963636279,POSITIVE,positive
01/11/2022,"British officers deployed in Qatar for the World Cup will act as ""cultural interpreters"" between fans and local law enforcement, says Chief Constable Mark Roberts.",0.018699909,0.9028317,0.0784684,0.994108438,POSITIVE,positive
01/11/2022,"Shaima Dallali, who was elected in March, has been the subject of a code-of-conduct investigation.",0.15299557,0.83196235,0.015042122,0.986507893,NEGATIVE,negative
01/11/2022,"Former PM Benjamin Netanyahu is set for a dramatic return to power, forecasts say after polls close.",0.019499995,0.8370288,0.14347117,0.998401225,POSITIVE,positive
01/11/2022,Thousands of New Yorkers attend the 49th annual Village Halloween Parade.,0.00446465,0.7118927,0.28364265,0.999136627,POSITIVE,positive
01/11/2022,"With vanishingly few paydays until Christmas, readers tell us how they're cutting down on festive spending.",0.081,0.757,0.162,0.3612,POSITIVE,positive
01/11/2022,"Home Secretary Suella Braverman is facing criticism for describing the migrant situation as an ""invasion"".",0.172,0.828,0,-0.4404,NEGATIVE,negative
02/11/2022,Watch the moment Zimbabwe fielder Milton Shumba loses his trousers whilst attempting to stop a Netherlands boundary in the T20 World Cup in Australia.,0.176,0.824,0,-0.5423,NEGATIVE,negative
02/11/2022,"Sarah Willingham, CEO of Nightcap and former star of TV show Dragons' Den, shares her CEO Secret.",0,0.879,0.121,0.296,POSITIVE,positive
02/11/2022,"A man who fought to save a victim of the 2017 Manchester bombing says ""big mistakes"" were made.",0.312,0.543,0.145,-0.4019,NEGATIVE,negative
02/11/2022,Many papers focus on fury over Matt Hancock joining TV show I'm A Celebrity... Get Me Out Of Here!,0.19,0.81,0,-0.6114,NEGATIVE,negative
02/11/2022,The number of paid subscriptions to the dating app rose sharply in July to September.,0,0.915,0.085,0.0772,POSITIVE,positive
02/11/2022,Rosie Cooper delivers a stinging criticism of a TV series about the story behind a plot to kill her.,0.352,0.648,0,-0.8225,NEGATIVE,negative
02/11/2022,Lee Murthwaite is seeing a 400% increase in energy bills at the recording studio he owns.,0,0.747,0.253,0.5267,POSITIVE,positive
02/11/2022,"World temperatures are rising because of human activity, threatening every aspect of human life.",0.207,0.793,0,-0.5267,NEGATIVE,negative
02/11/2022,Harmonie-Rose has been training with an assistance dog to help her do tasks.,0,0.816,0.184,0.4019,POSITIVE,positive
02/11/2022,There were a number of claims made about the asylum system at Prime Minister's Questions.,0,0.909,0.091,0.0772,POSITIVE,positive
02/11/2022,Two Met PCs shared grossly offensive messages on WhatsApp with Sarah Everard's killer Wayne Couzens.,0.407,0.487,0.106,-0.7783,NEGATIVE,negative
02/11/2022,New research by BBC Panorama highlights the strained relationship between the road users.,0.184,0.816,0,-0.4019,NEGATIVE,negative
02/11/2022,"Amid economic uncertainty, Rishi Sunak's team are pausing to work out what to do next, writes Chris Mason.",0.124,0.876,0,-0.34,NEGATIVE,negative
02/11/2022,"Difficulties for some landlords to secure mortgages could mean less choice for tenants, MPs are told.",0.118,0.753,0.129,0.0516,POSITIVE,positive
02/11/2022,"The child likens an overcrowded facility in Kent to a prison, in a letter thrown over its fence.",0.18,0.82,0,-0.5106,NEGATIVE,negative
02/11/2022,The Late Late Show comedian claims he inadvertently used a joke originally performed by Ricky Gervais.,0,0.73,0.27,0.5859,POSITIVE,positive
02/11/2022,Military leaders are said to have talked about how and when they might use the weapons in Ukraine.,0.146,0.854,0,-0.4404,NEGATIVE,negative
02/11/2022,Disciplinary proceedings over charges resulting from racism allegations at Yorkshire will take place in public.,0.323,0.677,0,-0.7351,NEGATIVE,negative
02/11/2022,"PM Edi Rama tells the BBC the UK was singling out his country to excuse ""failed"" migration policies.",0,0.929,0.071,0.0772,POSITIVE,positive
02/11/2022,Just over 30 years ago Europe's premier club competition was relaunched as the Champions League. Bigger changes are on the way.,0,0.855,0.145,0.5267,POSITIVE,positive
02/11/2022,"In a trial, 25mg of psilocybin put patients in a dreamlike state, making therapy more likely to succeed.",0,0.812,0.188,0.5367,POSITIVE,positive
02/11/2022,British heavyweight Anthony Joshua says he is willing to fight Dillian Whyte in a rematch on his return to action next year.,0.115,0.885,0,-0.3818,NEGATIVE,negative
02/11/2022,"The singer reflects on how the band survived 30 years, and tells the stories behind their best songs.",0,0.681,0.319,0.8176,POSITIVE,positive
02/11/2022,"The group were moved out of an overcrowded facility in Kent but given nowhere to stay, the BBC is told.",0.4507258,0.5214535,0.027820691,0.991478026,NEGATIVE,negative
02/11/2022,BBC journalist Anne-Marie Dias Borges tells how her foster father invented the iconic claw hair clip.,0.029955048,0.8611839,0.10886098,0.997371435,POSITIVE,positive
02/11/2022,"Constituents react to their MP, ex-Health Secretary Matt Hancock, joining ITV's I'm A Celebrity.",0.050569005,0.84868014,0.10075086,0.93996346,POSITIVE,positive
02/11/2022,"Christie Harnett, Nadia Sharif and Emily Moore took their own lives within months of each other.",0.73935187,0.25254118,0.008106886,0.600535572,NEGATIVE,negative
02/11/2022,Why are Albanian migrants coming to the UK and how many have arrived?,0.31767404,0.6669716,0.015354308,0.992552042,NEGATIVE,negative
02/11/2022,Use our calculator to find out how much mortgage payments could go up for your household.,0.084661424,0.85937756,0.055960987,0.999361694,NEGATIVE,negative
02/11/2022,The director of Visit Halland says the region's hashtag is now filled with photos of the footballer.,0.014564508,0.81393164,0.17150384,0.997402072,NEGATIVE,negative
02/11/2022,Tottenham forward Son Heung-min is to have surgery to stabilise a fracture around his left eye which could rule him out of the World Cup.,0.58428603,0.40069222,0.015021703,0.969566047,NEGATIVE,negative
02/11/2022,Russia's invasion of Ukraine is making its future uncertain - but so too is its authoritarian past.,0.096,0.904,0,-0.1531,NEGATIVE,negative
02/11/2022,Wing Claudia MacDonald returns from injury and prop Hannah Botterman starts as England make two changes for their World Cup semi-final against Canada.,0.113,0.887,0,-0.4215,NEGATIVE,negative
02/11/2022,Rafael Nadal is beaten by Thomas Paul at Paris Masters while Britons Dan Evans and Jack Draper are also eliminated.,0.128,0.872,0,-0.4215,NEGATIVE,negative
02/11/2022,Denis Zakaria scores on his Chelsea debut as the Blues round off their successful Champions League Group E campaign with victory against Dinamo Zagreb.,0,0.745,0.255,0.802,POSITIVE,positive
03/11/2022,"The Bank of England raises interest rates to 3%, marking the biggest rise for 33 years.",0,0.833,0.167,0.4588,POSITIVE,positive
03/11/2022,"Emergency chiefs say they are ""truly sorry"" for failings that prevented John Atkinson's survival.",0.353,0.448,0.199,-0.4767,NEGATIVE,negative
03/11/2022,Mr Xi's vision is in stark contrast to what the West had hoped for from decades of trade and engagement.,0,0.691,0.309,0.765,POSITIVE,positive
03/11/2022,We hear from the BBC’s international editor about the difficulties of reporting from the frontline.,0.136,0.864,0,-0.296,NEGATIVE,negative
03/11/2022,The home secretary is facing a potentially major court battle over safety of women and children.,0.141,0.707,0.152,0.0516,POSITIVE,positive
03/11/2022,"Final results confirm a dramatic comeback for the former prime minister, backed by the far right.",0,0.927,0.073,0.0258,POSITIVE,positive
03/11/2022,"The cost of living is increasing at its fastest rate in 40 years, due to rising food and energy prices.",0,0.9,0.1,0.2732,POSITIVE,positive
03/11/2022,"The UK could be set for its longest recession since records began, the Bank of England has warned.",0.234,0.766,0,-0.5994,NEGATIVE,negative
03/11/2022,"Residents, businesses and migrants share their views on hotels being used to house asylum seekers.",0,0.864,0.136,0.296,POSITIVE,positive
03/11/2022,"The Bank of England's outlook for the UK is grim, but some things might not be as bad as first expected.",0.094,0.756,0.15,0.3453,POSITIVE,positive
03/11/2022,The alleged murder of 15-year-old Cassius Turvey has caused grief and anger across Australia.,0.513,0.487,0,-0.9118,NEGATIVE,negative
03/11/2022,Inquiry chairman Sir John Saunders says avoidable mistakes were made in the arena bombing aftermath.,0.152,0.848,0,-0.3612,NEGATIVE,negative
03/11/2022,Some papers cover a group of migrants mistakenly left stranded in central London without accommodation.,0.145,0.855,0,-0.296,NEGATIVE,negative
03/11/2022,"As food price inflation soars, front-line charities say they may have to cut down on vital services.",0.098,0.651,0.251,0.5106,POSITIVE,positive
03/11/2022,"An economic downturn would usually mean an easing of rates, but there's inflation to tackle too.",0,0.909,0.091,0.128,POSITIVE,positive
03/11/2022,Attitudes towards pre-owned goods are changing and sustainability advocates welcome the shift.,0,0.786,0.214,0.4588,POSITIVE,positive
03/11/2022,"Interest rates have seen their biggest jump for decades, so how could this affect you?",0,0.824,0.176,0.4588,POSITIVE,positive
03/11/2022,Candidates who falsely believe the last US election was stolen could be in charge in 2024.,0.176,0.824,0,-0.4939,NEGATIVE,negative
03/11/2022,The Bank of England is increasing its key interest rate to help curb inflation.,0,0.678,0.322,0.6908,POSITIVE,positive
03/11/2022,How could rising interest rates affect the housing market around the UK?,0,0.786,0.214,0.4588,POSITIVE,positive
03/11/2022,Why interest rates are so important - especially when they change.,0,0.599,0.401,0.656,POSITIVE,positive
03/11/2022,"A far-right MP denies telling a black colleague to ""go back to Africa"" as he talks about immigration.",0.157,0.843,0,-0.4215,NEGATIVE,negative
03/11/2022,Three people from Derby tell BBC News how they will be affected by the Bank of England base rate hike.,0.078,0.922,0,-0.1531,NEGATIVE,negative
03/11/2022,"With COP27 about to get under way, which nations have taken a lead and which have fallen behind since the last UN climate summit?",0.102,0.898,0,-0.3612,NEGATIVE,negative
03/11/2022,How closely have you been paying attention to what's been going on over the past seven days?,0.10549879,0.872002,0.02249924,0.971916556,NEGATIVE,negative
03/11/2022,The ousted former prime minister is wounded in the leg when a burst of gunfire hits his vehicle.,0.84661955,0.1502307,0.003149788,0.990029931,NEGATIVE,negative
03/11/2022,The set of six Art Deco-style stamps depict moments from the Nativity including the journey to Bethlehem.,0.006568524,0.89712024,0.096311174,0.83405441,POSITIVE,positive
03/11/2022,Use our calculator to find out how much mortgage payments could go up for your household.,0.084661424,0.85937756,0.055960987,0.999361694,NEGATIVE,negative
03/11/2022,"The Right Reverend Dr Steven Croft says his views on same-sex marriage were ""slow to change"".",0.30032298,0.65773296,0.041944057,0.999455154,NEGATIVE,negative
03/11/2022,Young voters turned out in big numbers in 2020. Will they show up again to impact the midterms?,0.005085178,0.37645262,0.61846226,0.917431593,POSITIVE,positive
03/11/2022,New voting rules have come in across the US ahead of midterm elections. What impact will they have?,0.037170514,0.92003393,0.04279563,0.578290522,POSITIVE,positive
03/11/2022,Jessica Gadirova finishes third in the women's all-around final to become the first British gymnast to win a medal in the event at the World Championships.,0,0.685,0.315,0.8779,POSITIVE,positive
03/11/2022,England get their Wheelchair Rugby League World Cup off to a winning start with a 38-8 win over Australia.,0,0.676,0.324,0.802,POSITIVE,positive
03/11/2022,"Teenager Alejandro Garnacho's outstanding goal sinks Real Sociedad, but Manchester United have to settle for second place in their Europa League group - and a knockout-round play-off.",0,0.788,0.212,0.7351,POSITIVE,positive
03/11/2022,Billy Vunipola is savouring his return to international rugby after fearing his England career may have been over.,0.179,0.821,0,-0.5719,NEGATIVE,negative
03/11/2022,"Big hitting from Muhammad Haris, Iftikhar Ahmed and Shadab Khan power Pakistan to a 33-run victory over South Africa as they keep their hopes of a semi-final place alive at the T20 World Cup in Sydney.",0,0.856,0.144,0.6597,POSITIVE,positive
03/11/2022,"Fifa writes to all 32 teams competing at the controversial World Cup in Qatar to tell them the time has come to ""focus on the football"".",0.067,0.933,0,-0.2023,NEGATIVE,negative
03/11/2022,Arsenal secure their place in the last 16 of the Europa League with a narrow victory over Zurich at Emirates Stadium.,0,0.888,0.112,0.34,POSITIVE,positive
03/11/2022,"In a Senate split 50-50 between two parties, every race counts. Here are eight to watch.",0,0.838,0.162,0.4019,POSITIVE,positive
03/11/2022,The 1865 US slavery ban doesn't cover everyone. Voters will decide whether to keep the exemptions.,0.375,0.625,0,-0.8555,NEGATIVE,negative
03/11/2022,"Turnout in US elections falls below other countries. We look 10,000 miles away for a possible solution.",0,0.867,0.133,0.3182,POSITIVE,positive
03/11/2022,"In a Senate split 50-50 between two parties, every race counts. Here are six to watch.",0,0.838,0.162,0.4019,POSITIVE,positive
03/11/2022,Some unlikely fighters are strengthening Somalia's arsenal in its war against al-Shabab.,0.295,0.52,0.185,-0.2263,NEGATIVE,negative
04/11/2022,"Elon Musk, the new owner of Twitter, makes the accusation as the tech firm makes sweeping job cuts.",0.208,0.792,0,-0.4939,NEGATIVE,negative
04/11/2022,"The summit in Egypt could be the world's best hope of progress on the climate issue, says Justin Rowlatt.",0,0.618,0.382,0.872,POSITIVE,positive
04/11/2022,"Walkouts on 5, 7, and 9 November are cancelled - but it is too late to stop disruption to services.",0.389,0.611,0,-0.7845,NEGATIVE,negative
04/11/2022,Small changes to our lifestyles and choices could limit our personal carbon footprint.,0.09858822,0.69260496,0.20880678,0.992839217,NEGATIVE,negative
04/11/2022,"Corporations, speculators and individuals have spent nearly $2bn (£1.75bn) on virtual plots.",0.18140514,0.74187374,0.07672114,0.995586276,NEGATIVE,negative
04/11/2022,The monarch will not be attending the UN climate summit COP27 which starts on Sunday.,0.31085765,0.6633504,0.02579196,0.995420873,NEGATIVE,negative
04/11/2022,"Liverpool manager Jurgen Klopp says players and managers are not politicians, amid continued scrutiny over the 2022 World Cup.",0.255197,0.6838149,0.060988158,0.994129777,NEGATIVE,negative
04/11/2022,A council says it was not told about the arrival of at least 55 migrants at a Devon hotel.,0.5095123,0.47926196,0.011225686,0.998924315,NEGATIVE,negative
04/11/2022,Aberdeen leapfrog Hibernian into third place after an end-to-end Scottish Premiership clash at Pittodrie.,0.014777682,0.89984685,0.08537557,0.95824182,POSITIVE,positive
04/11/2022,The social media giant says staff will be told on Friday whether they are to be laid off.,0.16386901,0.79024285,0.045888145,0.997742891,NEGATIVE,negative
04/11/2022,An ultra pro-Trump congresswoman and an anti-Trump Senate candidate are both Republicans in the same state.,0.32814893,0.635847,0.03600419,0.975403666,NEGATIVE,negative
04/11/2022,This is the first time members of the UK Youth Parliament have debated in the House of Commons since 2019.,0.008641858,0.9325835,0.058774646,0.995622456,POSITIVE,positive
04/11/2022,Russian murderers and drug dealers who have served their time face being sent to serve in Ukraine.,0.212,0.788,0,-0.6486,NEGATIVE,negative
04/11/2022,The £25bn nuclear project could be delayed or even axed as the government tries to cut spending.,0.31,0.69,0,-0.6486,NEGATIVE,negative
04/11/2022,Higher demand in winter could push up the wholesale gas price before households feel much benefit.,0.081,0.757,0.162,0.3612,POSITIVE,positive
04/11/2022,Sheffield Wednesday are the first side into the second round of the FA Cup with a comfortable 2-0 victory over Morecambe at Hillsborough.,0,0.864,0.136,0.5106,POSITIVE,positive
04/11/2022,Some train strikes have been cancelled but disruption is still expected.,0.448,0.552,0,-0.6705,NEGATIVE,negative
04/11/2022,Jeremy Bowen reports on the fight for a city that Kyiv is desperate to recapture from Russia's army.,0.246,0.754,0,-0.5994,NEGATIVE,negative
04/11/2022,Most papers report on the Bank of England hiking interest rates as the UK faces a two-year recession.,0.135,0.721,0.144,0.0516,POSITIVE,positive
04/11/2022,"They owe thousands of dollars, but these two US voters view debt forgiveness very differently.",0.172,0.688,0.14,-0.1531,NEGATIVE,negative
04/11/2022,"A British woman earlier told the BBC conditions on the boat were ""starting to deteriorate"".",0.8602543,0.13350321,0.006242439,0.999788821,NEGATIVE,negative
04/11/2022,Homeowners are worried about rising mortgage costs - but lenders must help those struggling.,0.281,0.531,0.188,-0.1901,NEGATIVE,negative
04/11/2022,Many see the upcoming elections as a test of the former president's influence on the Republican Party.,0,0.847,0.153,0.4019,POSITIVE,positive
04/11/2022,England face Papua New Guinea in the quarter-finals of the World Cup knowing they will have to overcome a physical and brutal challenge to progress.,0.14,0.719,0.14,-0.25,NEGATIVE,negative
04/11/2022,Josh Addo-Carr scores five tries as Australia reach the semi-finals of the World Cup with a resounding 48-4 win over Lebanon in Huddersfield.,0,0.803,0.197,0.5994,POSITIVE,positive
04/11/2022,Canada captain Sophie de Goede says she has never heard of a winning streak that has not come to an end.,0.127,0.873,0,-0.4168,NEGATIVE,negative
04/11/2022,"The rapper accuses Drake of using her ordeal in an alleged 2020 shooting for ""clout"" in a new track.",0.124,0.876,0,-0.34,NEGATIVE,negative
04/11/2022,An official inquiry concludes that she did not neglect her duties as prime minister.,0,0.84,0.16,0.357,POSITIVE,positive
04/11/2022,One in 292 million odds of winning have not deterred hopeful Americans from snapping up their tickets.,0.128,0.711,0.161,0.1774,POSITIVE,positive
04/11/2022,Welsh students say rising bills and inflation is leading to awkward conversations with housemates.,0.11,0.89,0,-0.1531,NEGATIVE,negative
04/11/2022,Attitudes towards pre-owned goods are changing and sustainability advocates welcome the shift.,0,0.786,0.214,0.4588,POSITIVE,positive
04/11/2022,Libraries are providing support and warmth as people struggle with the cost-of-living crisis.,0.303,0.427,0.27,-0.1779,NEGATIVE,negative
04/11/2022,Ukraine's President Volodymyr Zelensky says 4.5 million people are without power following Russian attacks.,0.182,0.818,0,-0.4404,NEGATIVE,negative
05/11/2022,A landlord is pinning energy bills to walls to show regulars why the cost of their pint has gone up.,0,0.896,0.104,0.2732,POSITIVE,positive
05/11/2022,Welsh students say rising bills and inflation is leading to awkward conversations with housemates.,0.11,0.89,0,-0.1531,NEGATIVE,negative
05/11/2022,"There are 1,245 head teachers in Wales but Reena Patel is one of only five from an ethnic minority.",0.1030339,0.84749115,0.049474902,0.90360415,POSITIVE,positive
05/11/2022,Western officials believe Russia is using Iranian drones to target Ukrainian infrastructure.,0.5071663,0.48623863,0.006595031,0.99214077,NEGATIVE,negative
05/11/2022,"The government estimates it will need £25-30bn to convert buildings to low-carbon heating, the BBC learns.",0.10007904,0.81476873,0.08515227,0.99709177,NEGATIVE,negative
05/11/2022,The prime minister will travel to the COP27 summit in Egypt on Sunday to discuss climate change.,0.011831094,0.9090145,0.07915439,0.987816632,POSITIVE,positive
05/11/2022,A BBC investigation finds that Ukrainian soldiers and pro-Ukrainian activists are being targeted on Telegram.,0.7067415,0.28704345,0.006215044,0.995066285,NEGATIVE,negative
05/11/2022,The front pages report the upheaval of Twitter under Elon Musk and consider Rishi Sunak's pledges as prime minister.,0.106089026,0.822365,0.07154598,0.898576915,POSITIVE,positive
05/11/2022,"Aaron Carter, famous as a child pop star, was the younger brother of Backstreet Boys' Nick Carter.",0.013814562,0.83794117,0.14824426,0.994740546,POSITIVE,positive
05/11/2022,"Immigration minister Robert Jenrick says the people behind the violence will be ""held to account"".",0.227,0.773,0,-0.6249,NEGATIVE,negative
05/11/2022,Fatemeh Amiri lost an eye and suffered severe injuries when a bomber struck a tuition centre in Kabul.,0.457,0.543,0,-0.8442,NEGATIVE,negative
05/11/2022,Tonton Zola Moukoko gained a cult following after featuring in Championship Manager 01/02.,0,0.645,0.355,0.6705,POSITIVE,positive
05/11/2022,"As another UN summit kicks off, experts say climate anxiety could help solve the problem.",0.221,0.553,0.226,0.0258,POSITIVE,positive
05/11/2022,Professional cleaner Auri from Finland cleans the homes of people in need.,0,0.866,0.134,0.1779,POSITIVE,positive
05/11/2022,A Ukrainian woman suffered months of poor treatment and conditions while pregnant in a Russian prison.,0.466,0.534,0,-0.8625,NEGATIVE,negative
05/11/2022,"With the energy price cap at an all-time high, can householders keep their spectacular displays switched on?",0,0.884,0.116,0.2732,POSITIVE,positive
05/11/2022,"Elizabeth Debicki is perfect as Diana, and John Major's portrayal is a revelation, says Katie Razzall.",0,0.791,0.209,0.5719,POSITIVE,positive
05/11/2022,The bank says it is investigating after customers reported they were unable to pay for their shopping.,0.08,0.92,0,-0.1027,NEGATIVE,negative
05/11/2022,Manchester City striker Erling Haaland says stepping up to take the penalty that gave his side victory over Fulham was 'one of the most nervous moments' of his life.,0.166,0.834,0,-0.659,NEGATIVE,negative
05/11/2022,Former RAF pilot Christopher Mace says his time in the services inspired the idea.,0,0.802,0.198,0.4939,POSITIVE,positive
05/11/2022,"People whose mortgage payments had risen more than 10% would get a grant, under the party's plan.",0,0.857,0.143,0.3612,POSITIVE,positive
05/11/2022,The party only has 14 MPs but hopes to make the most of hostility towards the government.,0.209,0.566,0.225,-0.1575,NEGATIVE,negative
05/11/2022,"One dead and several injured as powerful storms hit Texas, Oklahoma and Arkansas",0.354,0.505,0.141,-0.6369,NEGATIVE,negative
05/11/2022,"A selection of powerful images from all over the globe, taken in the past seven days.",0,0.833,0.167,0.4215,POSITIVE,positive
05/11/2022,Ireland underline their credentials as the world's number one side as they hold off a late South Africa fightback to take a deserved win.,0,0.797,0.203,0.6249,POSITIVE,positive
05/11/2022,"England produce a ""royal performance"" in front of the Princess of Wales to reach the semi-finals of the World Cup.",0,0.942,0.058,0.0258,POSITIVE,positive
05/11/2022,New Zealand extend their winning sequence against Wales to 33 games with a thrilling 55-23 victory in the Autumn Nations Series opening game in Cardiff.,0,0.719,0.281,0.802,POSITIVE,positive
05/11/2022,Chantelle Cameron becomes the undisputed light-welterweight champion after a unanimous decision victory over Jessica McCaskill,0,0.769,0.231,0.5994,POSITIVE,positive
05/11/2022,"Nick Kyrgios settles legal case with spectator he accused of being ""drunk out of her mind"" during the Wimbledon final.",0.199,0.736,0.065,-0.4767,NEGATIVE,negative
05/11/2022,"There are signs tackling global warming has moved down the government's agenda, writes Laura Kuenssberg.",0,0.897,0.103,0.1531,POSITIVE,positive
05/11/2022,The NHS is braced for the walkout by Royal College of Nursing members in a dispute over pay.,0.314,0.686,0,-0.6597,NEGATIVE,negative
05/11/2022,A senior Buddhist monk reveals the strength needed to follow a disciplined way of life.,0,0.789,0.211,0.4939,POSITIVE,positive
06/11/2022,The little-known social network's user base has swelled after Elon Musk's takeover of Twitter.,0.011030017,0.28362638,0.7053436,0.912583709,NEGATIVE,negative
06/11/2022,"Kieran Trippier has to start for England in the World Cup against Iran, according to former Three Lions striker Alan Shearer.",0.06358502,0.90358514,0.032829855,0.988720715,POSITIVE,positive
06/11/2022,"Democrats have faltered in their messaging on the economy, while Republicans have hammered them.",0.7529247,0.23695405,0.010121293,0.994734526,NEGATIVE,negative
06/11/2022,A selection of striking images from our readers around the world.,0.00194321,0.16580057,0.83225626,0.999874711,POSITIVE,positive
06/11/2022,A landlord is pinning energy bills to walls to show regulars why the cost of their pint has gone up.,0,0.896,0.104,0.2732,POSITIVE,positive
06/11/2022,Most train companies will operate limited services on Monday despite strikes being called off.,0.119,0.75,0.132,0.0541,POSITIVE,positive
06/11/2022,"Inflation is voters' top issue, but Democrats hope anger over abortion bans will boost turnout.",0.203,0.443,0.354,0.4118,POSITIVE,positive
06/11/2022,"Aston Villa fans hope Unai Emery's appointment could spark a revival after they beat Manchester United, who hope their ""unacceptable"" display is an off day.",0,0.656,0.344,0.8591,POSITIVE,positive
06/11/2022,Who reminds Garth Crooks of Son Heung-min? Whose finishing is getting better? And who could England use in Qatar? It's the team of the week.,0,0.875,0.125,0.533,POSITIVE,positive
06/11/2022,Should Gareth Southgate stick with Raheem Sterling in England's first game of the World Cup against Iran despite his poor form for Chelsea?,0,0.896,0.104,0.3724,POSITIVE,positive
06/11/2022,"England head coach Eddie Jones does not see ""really strong problems"" despite a disappointing defeat by Argentina at Twickenham.",0.236,0.56,0.204,-0.1997,NEGATIVE,negative
06/11/2022,The front pages cover on a mix of stories including claims British businesses and officials are being targeted by cyber criminals.,0.163,0.837,0,-0.5719,NEGATIVE,negative
06/11/2022,Controversially Twitter says blue-tick status will be open to those who pay a monthly $7.99.,0.226,0.774,0,-0.3612,NEGATIVE,negative
06/11/2022,Former energy ministers and experts highlight mistakes they say are partly to blame for steep bills.,0.219,0.568,0.213,-0.0314,NEGATIVE,negative
06/11/2022,The UN's 27th annual climate conference opens in Egypt with world leaders attending on Monday.,0.005843647,0.86913216,0.12502424,0.997710705,POSITIVE,positive
06/11/2022,"The holiday will fall on Monday, 8 May, two days after the coronation of King Charles III.",0,0.847,0.153,0.4019,POSITIVE,positive
06/11/2022,The government's reversal of the 1.25p increase in National Insurance has come into effect.,0,0.85,0.15,0.3182,POSITIVE,positive
06/11/2022,"Match of the Day's Gary Lineker, Jermaine Jenas and Danny Murphy analyse midfielder James Maddison's display in Leicester's 2-0 win over Everton.",0,0.847,0.153,0.5859,POSITIVE,positive
06/11/2022,"Liverpool's win over Tottenham must serve as a template for the rest of the season, writes BBC Sport's chief football writer Phil McNulty.",0,0.847,0.153,0.5859,POSITIVE,positive
06/11/2022,Millions of Ukrainians have intermittently lost electricity and water after Russian air strikes.,0.304,0.696,0,-0.5859,NEGATIVE,negative
06/11/2022,The PM will tell world leaders at the COP27 summit to deliver on promises to tackle global warming.,0,0.792,0.208,0.4939,POSITIVE,positive
06/11/2022,"Rescue charities brand the actions of Italy's new right-wing government ""illegal"".",0,0.581,0.419,0.7579,POSITIVE,positive
06/11/2022,"Rishi Sunak knew of a complaint against Sir Gavin before appointing him to cabinet, but had not seen the messages.",0.082,0.918,0,-0.1531,NEGATIVE,negative
06/11/2022,The style and fashion of football casuals is celebrated in a new exhibition in Liverpool.,0,0.778,0.222,0.5719,POSITIVE,positive
06/11/2022,The comedian's comeback was announced during an ad break in Sunday's I'm A Celebrity launch episode.,0.002930377,0.7227323,0.27433738,0.975610793,NEGATIVE,negative
07/11/2022,Pakistan is calling on Western nations to help after floods linked to climate change left millions homeless.,0,0.856,0.144,0.4019,POSITIVE,positive
07/11/2022,Wales keep their Wheelchair Rugby League World Cup hopes alive by beating debutants USA 50-32.,0.147,0.588,0.265,0.34,POSITIVE,positive
07/11/2022,Expensive promises are being made in Egypt but budgets are being squeezed back in the UK.,0,0.893,0.107,0.2023,POSITIVE,positive
07/11/2022,"Pupils needing language support rises by 10% in post-pandemic school starters, BBC analysis finds.",0,0.828,0.172,0.4019,POSITIVE,positive
07/11/2022,This Black Friday the online marketplace is promoting used items to avoid unwanted spending and waste.,0.322,0.561,0.117,-0.5267,NEGATIVE,negative
07/11/2022,Southampton are given permission to speak to Luton Town boss Nathan Jones about their managerial vacancy after sacking Ralph Hasenhuttl.,0.039056864,0.8869934,0.07394973,0.928508699,POSITIVE,positive
07/11/2022,Elon Musk's first week-and-a-half at Twitter has been a rollercoaster of big changes.,0.026485948,0.45240733,0.5211067,0.995437443,POSITIVE,positive
07/11/2022,Officials have called on voters to be patient as the results of the 8 November midterm are certified.,0.02532617,0.8988906,0.075783215,0.953824639,NEGATIVE,negative
07/11/2022,"Who is Sriram Krishnan, the India-born tech expert who is reportedly in Elon Musk's ""inner circle""?",0.040527705,0.9177596,0.041712664,0.963250339,POSITIVE,positive
07/11/2022,Great Britain's 'underdogs' are drawing on past success - and coffee and humour - to inspire them at the Billie Jean King Cup Finals in Glasgow.,0,0.578,0.422,0.9393,POSITIVE,positive
07/11/2022,"The symbol will be used on personal letterheads, cards and gifts, Buckingham Palace says.",0.01787487,0.9027919,0.0793332,0.982239246,POSITIVE,positive
07/11/2022,The senior minister is already facing a probe over expletive-laden texts to the ex-chief whip.,0.57319796,0.41787788,0.00892416,0.993243039,NEGATIVE,negative
07/11/2022,"Rishi Sunak tells the COP27 summit in Egypt a greener planet is possible and there ""is room for hope"".",0.002981338,0.14507897,0.8519397,0.916040003,NEGATIVE,negative
07/11/2022,Residents described the heartache of not knowing where their family members are buried.,0.8138236,0.17529586,0.01088053,0.850864172,NEGATIVE,negative
07/11/2022,"How to stay in touch with live election results on TV, radio, online, and on social media.",0.020380743,0.86715466,0.11246459,0.998633921,POSITIVE,positive
07/11/2022,"The US holds midterm elections on 8 November, but who's in the running and what could the results mean?",0.056203753,0.9217098,0.02208643,0.997618735,NEGATIVE,negative
07/11/2022,Three second-half goals give Ipswich victory over seventh-tier Bracknell Town to set up a second-round home tie against Buxton in the FA Cup.,0.002492624,0.5048646,0.4926428,0.999392033,POSITIVE,positive
07/11/2022,A group of African Americans wants to stop the return of some Benin Bronzes to Nigeria.,0.136,0.864,0,-0.296,NEGATIVE,negative
07/11/2022,"Cost, travel, rooms - what can supporters expect from the first World Cup in the Middle East?",0,0.838,0.162,0.4404,POSITIVE,positive
07/11/2022,"Liverpool's owners Fenway Sports Group say they ""would consider new shareholders"" following reports the club has been put up for sale.",0.057053216,0.9076155,0.03533126,0.996038198,NEGATIVE,negative
07/11/2022,First trains will run later on many lines - as Avanti West Coast says services are limited all day.,0.101,0.899,0,-0.2263,NEGATIVE,negative
07/11/2022,Monday's front pages focus on developments at COP27 and criticism of Matt Hancock's reality TV appearance.,0.162,0.838,0,-0.4404,NEGATIVE,negative
07/11/2022,"Backstreet Boys star Nick Carter blames ""addiction and mental illness"" for the death of his sibling.",0.417,0.583,0,-0.8519,NEGATIVE,negative
07/11/2022,"The prince, also joined by Declan Rice, is aiming to highlight the importance of supporting mental wellbeing.",0,0.642,0.358,0.7783,POSITIVE,positive
07/11/2022,It is hoped the blood could revolutionise care for people who need regular donations.,0,0.674,0.326,0.7003,POSITIVE,positive
07/11/2022,"A quarter of those asked in a survey had less than £100 in savings, exposing them to unexpected bills.",0.116,0.884,0,-0.2732,NEGATIVE,negative
07/11/2022,BBC correspondents look at the areas where any cuts could fall.,0.18,0.82,0,-0.296,NEGATIVE,negative
07/11/2022,A year on from COP26 in Glasgow what progress is Scotland making on its climate change targets?,0,0.843,0.157,0.4215,POSITIVE,positive
07/11/2022,This year's climate summit comes amid spiralling energy costs and diplomatic tensions.,0.182,0.676,0.142,-0.1531,NEGATIVE,negative
07/11/2022,The BBC's Marianna Spring investigates what voters are being recommended online at a turbulent time for US politics.,0,0.899,0.101,0.2023,POSITIVE,positive
07/11/2022,Ex-Yorkshire chairman Roger Hutton says he will not take part in disciplinary proceedings over charges resulting from racism allegations at the county.,0.237,0.763,0,-0.7351,NEGATIVE,negative
07/11/2022,"At COP27, Pakistan calls for help after floods linked to climate change left millions homeless.",0,0.838,0.162,0.4019,POSITIVE,positive
07/11/2022,"If Don Bolduc snatches the New Hampshire Senate seat off Democrats, their strategy will be questioned.",0.085,0.915,0,-0.1027,NEGATIVE,negative
07/11/2022,Most of the millions of Americans voting this week are pessimistic about the future. Some explain why.,0.135,0.865,0,-0.3612,NEGATIVE,negative
07/11/2022,"The UK hosted a major global climate summit in 2021, but is it on track to meet its own commitments?",0,0.911,0.089,0.1901,POSITIVE,positive
07/11/2022,Kremenchuk is among the worst-hit cities and Ukrainians say Russia's tactics only make them angrier.,0.191,0.809,0,-0.5106,NEGATIVE,negative
07/11/2022,"The group says its supporters have been arrested nearly 2,000 times since April.",0.182,0.647,0.171,-0.0516,NEGATIVE,negative
07/11/2022,"Match of the Day 2's Mark Chapman, Alan Shearer and Micah Richards discuss why the versatile Magpies defender Kieran Trippier should start for England at the World Cup.",0,0.951,0.049,0.1027,POSITIVE,positive
07/11/2022,"Rishi Sunak says there's no ""simple solution"" to illegal migration, after meeting President Macron.",0.304,0.576,0.12,-0.5423,NEGATIVE,negative
08/11/2022,Brentford suffer a shock Carabao Cup exit as League Two Gillingham edge penalty shootout 6-5 to reach the fourth round.,0.361,0.595,0.044,-0.8402,NEGATIVE,negative
08/11/2022,Record rainfall in a country used to sun is making many people low and anxious.,0.255,0.745,0,-0.4767,NEGATIVE,negative
08/11/2022,"Scientists say climate change is making more than half of all infectious diseases worse, here's why.",0.171,0.829,0,-0.4767,NEGATIVE,negative
08/11/2022,Sarah McMullan was admitted to A&E with sepsis weeks after she helped highlight the deadly condition.,0,0.787,0.213,0.4215,POSITIVE,positive
08/11/2022,"The cost of living is one factor behind a wave of aggression towards retail workers, a charity says.",0.116,0.737,0.147,0.1531,POSITIVE,positive
08/11/2022,"The Gulf state has been criticised for its stance on same-sex relationships, human rights record and treatment of migrant workers.",0.128,0.872,0,-0.4215,NEGATIVE,negative
08/11/2022,"Carry On Star, whose lecherous comic performances overshadowed his ability as a classical actor, dies at 98.",0,0.867,0.133,0.3182,POSITIVE,positive
08/11/2022,Qatar has been criticised for its same-sex relationships ban and its treatment of migrant workers.,0.33,0.67,0,-0.7506,NEGATIVE,negative
08/11/2022,Two Edinburgh hairdressers are taking steps to try to help people who dread going to a salon.,0.152,0.711,0.137,-0.0772,NEGATIVE,negative
08/11/2022,Staff who've been in the NHS for a short time say they have seen enough to know change is needed.,0.17300402,0.72490376,0.10209218,0.619710267,POSITIVE,positive
08/11/2022,Gary O'Neil's Bournemouth cruise to victory over Everton in a meeting of much-changed Premier League sides in the Carabao Cup.,0.00320022,0.48671404,0.51008576,0.999588072,POSITIVE,positive
08/11/2022,"One of the world's biggest football clubs is at the centre of takeover speculation, with a deal potentially fetching £4billion.",0.03412762,0.65716285,0.3087096,0.549141407,NEGATIVE,negative
08/11/2022,The FBI says ex-social media star Hushpuppi is one of the word's most high-profile money launderers.,0.5812186,0.40824887,0.01053255,0.926598549,NEGATIVE,negative
08/11/2022,"As America prepares to go to the polls, we take you through how the drama might unfold on the night",0.07819469,0.8801451,0.041660234,0.99390763,POSITIVE,positive
08/11/2022,Jake Sullivan reportedly held talks with Kremlin aides to guard against nuclear escalation in Ukraine.,0.12811407,0.85160846,0.020277454,0.797967672,NEGATIVE,negative
08/11/2022,"The former health secretary tells viewers they will see the ""human side of the guy behind the podium"".",0.16994728,0.7547562,0.0752965,0.999453843,POSITIVE,positive
08/11/2022,"Footballer Benjamin Mendy told a woman her boyfriend would be ""OK"" if they had sex, his trial hears.",0.24920186,0.7218387,0.028959488,0.987133265,NEGATIVE,negative
08/11/2022,"The cast arrive for the London premiere, the night before the show is released on Netflix.",0.002410823,0.83838344,0.15920575,0.506668091,POSITIVE,positive
08/11/2022,"ExxonMobil says it is using its flares, which have been spotted by people from miles away.",0.13524398,0.76557374,0.099182285,0.990098655,NEGATIVE,negative
08/11/2022,Great Britain's uphill task at the Billie Jean King Cup Finals becomes even harder after they lose their opening tie against Kazakhstan in Glasgow.,0.094,0.764,0.142,0.34,POSITIVE,positive
08/11/2022,Former Sussex Police detective Dominic O'Brien is jailed for sexually assaulting a 16-year-old.,0.394,0.606,0,-0.7579,NEGATIVE,negative
08/11/2022,"England's players will ""100%"" trust the security advice around travelling to Pakistan for next month's Test series, says captain Ben Stokes.",0,0.769,0.231,0.6908,POSITIVE,positive
08/11/2022,All UK households are getting £400 off their winter energy bill and many on low incomes get extra help.,0.092,0.699,0.21,0.4019,POSITIVE,positive
08/11/2022,"Prop Bryony Cleall says she felt she had let her ""nearest and dearest"" down when she did not make the England World Cup squad.",0,0.865,0.135,0.5574,POSITIVE,positive
08/11/2022,Watch the best shots as Wimbledon champion Elena Rybakina of Kazakhstan beats Great Britain's Harriet Dart at the Billie Jean King Cup Finals in Glasgow.,0,0.643,0.357,0.9217,POSITIVE,positive
08/11/2022,National rail strikes have been cancelled but there has still been disruption.,0.419,0.581,0,-0.6705,NEGATIVE,negative
08/11/2022,Tens of millions of Americans have voted and counting starts soon. Who will win power and what will they do with it?,0,0.847,0.153,0.5859,POSITIVE,positive
08/11/2022,"Sarah Barry, whose son Jack was stabbed to death, says she never knew he also carried a knife.",0.312,0.688,0,-0.7783,NEGATIVE,negative
08/11/2022,"The group says its supporters have been arrested nearly 2,000 times since April.",0.182,0.647,0.171,-0.0516,NEGATIVE,negative
08/11/2022,"Sir Gavin is facing investigations into his conduct, but the MP insists he will clear his name.",0,0.825,0.175,0.5267,POSITIVE,positive
08/11/2022,"Kherson, in southern Ukraine, is seen as a vital city for Ukraine to capture and for Russia to defend.",0,0.885,0.115,0.296,POSITIVE,positive
08/11/2022,Funding is increasing - but costs such as pay and energy are rising fast.,0.105,0.721,0.174,0.2617,POSITIVE,positive
08/11/2022,People on low incomes who receive certain benefits will start getting their second instalment of £324.,0.106,0.657,0.237,0.3818,POSITIVE,positive
08/11/2022,"Pembrolizumab will be offered to more women in England, to fight aggressive triple-negative tumours.",0.259,0.741,0,-0.4939,NEGATIVE,negative
08/11/2022,Ex-One Direction star writes to Rishi Sunak giving his backing to a campaign for free school meals.,0,0.657,0.343,0.7003,POSITIVE,positive
08/11/2022,"Princess Märtha Louise and her fiancé, shaman Durek Verrett, have attracted criticism in Norway.",0.164,0.678,0.158,-0.0258,NEGATIVE,negative
08/11/2022,Progress is being made on systems to make hydrogen more economical to store and transport.,0,0.833,0.167,0.4215,POSITIVE,positive
08/11/2022,"Giving up means ""consigning us to a watery grave"" Bahamas PM tells UN climate summit COP27.",0.144,0.722,0.133,-0.0516,NEGATIVE,negative
08/11/2022,The Fenix Trophy - a continental prize for semi-professional and amateur clubs - is taking European football in a new direction.,0,0.829,0.171,0.5106,POSITIVE,positive
08/11/2022,The Supreme Court cleared three men of gang rape and murder in a case that made headlines in 2012.,0.331,0.493,0.176,-0.7506,NEGATIVE,negative
08/11/2022,The final polls are out - who will win power and what will they do with it?,0,0.798,0.202,0.5859,POSITIVE,positive
08/11/2022,"A Qatar World Cup ambassador calling homosexuality ""damage in the mind"" is ""harmful and unacceptable"", says Human Rights Watch.",0.158,0.842,0,-0.4939,NEGATIVE,negative
08/11/2022,"Younger audiences could see the new royal drama as a history lesson and not fiction, experts warn.",0,0.92,0.08,0.0762,POSITIVE,positive
08/11/2022,Warnings from the COP27 summit and meetings between Rishi Sunak and other leaders lead the papers.,0.128,0.872,0,-0.296,NEGATIVE,negative
08/11/2022,The top brass have been sharply criticised over the war by Ramzan Kadyrov and Yevgeny Prigozhin.,0.312,0.605,0.084,-0.7096,NEGATIVE,negative
09/11/2022,"Analysis of key races, issues and exit poll findings in the US midterm elections.",0.08333661,0.8862851,0.030378293,0.979212761,POSITIVE,positive
09/11/2022,"These candidates have enormous power, as many aspects of American life are decided at the state level.",0.06540105,0.60081,0.3337889,0.999814093,POSITIVE,positive
09/11/2022,Officials have called on voters to be patient as the results of the 8 November midterm are certified.,0.02532617,0.8988906,0.075783215,0.953824639,NEGATIVE,negative
09/11/2022,Votes are still being counted across the US but here are some key takeaways.,0.03159798,0.91649646,0.051905546,0.968612134,POSITIVE,positive
09/11/2022,Joseph Chahayed will continue to work in his California shop despite the windfall from the $2bn ticket.,0.008810045,0.54008055,0.4511094,0.923325896,POSITIVE,positive
09/11/2022,Rising prices affect parents' shopping habits as sales of Christmas toys are forecast to be hit.,0.731784,0.25590554,0.01231048,0.993684113,NEGATIVE,negative
09/11/2022,"The Democrats currently control all three branches of government, but that could change after the US midterms.",0.053530898,0.8842515,0.06221769,0.939266086,NEGATIVE,negative
09/11/2022,"Russia is retreating from Kherson, the only regional capital it captured during the invasion.",0.32337555,0.65963036,0.01699412,0.999140501,NEGATIVE,negative
09/11/2022,"The Irish rock group described Roberts as ""the guy who summed up the sense of who The Rats are"".",0.09700887,0.8503053,0.05268585,0.998838484,POSITIVE,positive
09/11/2022,"The PM says he was not aware of ""specific concerns"" about Sir Gavin's conduct in previous roles.",0.32756218,0.6515049,0.020932905,0.999257863,NEGATIVE,negative
09/11/2022,Get up to speed with everything you need to know this election season.,0.06895901,0.7982792,0.13276178,0.998718858,POSITIVE,positive
09/11/2022,Staff who've been in the NHS for a short time say they have seen enough to know change is needed.,0.17300402,0.72490376,0.10209218,0.619710267,POSITIVE,positive
09/11/2022,Watch Christian Fraser talk to journalists in the BBC's Washington DC newsroom on election night.,0.04289296,0.91776764,0.039339412,0.929538071,POSITIVE,positive
09/11/2022,The veteran election night commentator co-invented the swingometer and pioneered exit polls.,0.02584051,0.8441584,0.1300011,0.985181332,POSITIVE,positive
09/11/2022,"As a teenager in Jamaica, Neil Flanigan joined the Armed Forces after seeing an advert in a paper.",0.09029075,0.86916995,0.040539287,0.783631265,POSITIVE,positive
09/11/2022,"The discovery of 24 statues thought to be around 2,300 years old may ""rewrite history"", an expert says.",0.044496536,0.8310071,0.124496296,0.993567646,NEGATIVE,negative
09/11/2022,Several false and unsubstantiated rumours have circulated online during the US midterm elections.,0.7378104,0.25618204,0.006007562,0.995588064,NEGATIVE,negative
09/11/2022,Holly Aitchison and Emily Scarratt will form England's centre partnership for the first time at this World Cup in Saturday's final against hosts and holders New Zealand.,0.009512925,0.9369747,0.053512402,0.99965179,POSITIVE,positive
09/11/2022,The moments you may have missed from around the US as ballots are counted and victors emerge.,0.121,0.879,0,-0.296,NEGATIVE,negative
09/11/2022,"The singer says his mother was in hospital during the pandemic, and he thought she was going to die.",0.178,0.822,0,-0.5994,NEGATIVE,negative
09/11/2022,Walkout by Royal College of Nursing members in more than half of services expected by end of year.,0.119,0.881,0,-0.3182,NEGATIVE,negative
09/11/2022,"With union expected to announce vote in favour of a UK walkout, what is the dispute about?",0.239,0.622,0.139,-0.2732,NEGATIVE,negative
09/11/2022,Households with energy smart meters who get into debt are being remotely switched on to prepayment meters.,0.117,0.657,0.225,0.3182,POSITIVE,positive
09/11/2022,"The number of suspects charged for burglaries has halved in seven years, BBC analysis shows.",0.24,0.686,0.074,-0.4404,NEGATIVE,negative
09/11/2022,"The city's residents feel mounting dread, wondering what the occupiers will do as they leave.",0.244,0.756,0,-0.4939,NEGATIVE,negative
09/11/2022,"The actress says she had tried unsuccessfully to get pregnant and that ""the ship has sailed"".",0.153,0.847,0,-0.4019,NEGATIVE,negative
09/11/2022,"Home energy assessors find ""performance gaps"" in some homes - as COP27 focuses on cutting emissions.",0.09,0.783,0.127,0.1531,POSITIVE,positive
09/11/2022,"Hundreds of thousands of workers have walked out, or threatened to, causing widespread disruption.",0.314,0.686,0,-0.6705,NEGATIVE,negative
09/11/2022,"Votes are still being counted, but Republicans are currently favoured to win the House of Representatives.",0,0.611,0.389,0.872,POSITIVE,positive
09/11/2022,Ionut-Valentin Boboc and Jacob-Bebe Chers are accused of a double murder in Bristol in 2021.,0.365,0.635,0,-0.7845,NEGATIVE,negative
09/11/2022,"The 25-year-old campaigned on gun violence, climate change and expanded healthcare - galvanising young voters.",0.351,0.649,0,-0.7579,NEGATIVE,negative
09/11/2022,"Millions of voters across the US are watching the results, feeling a myriad of emotions.",0,0.897,0.103,0.128,POSITIVE,positive
09/11/2022,The ex-president says Florida's governor would be wrong to challenge him for the Republican nomination.,0.178,0.747,0.075,-0.4215,NEGATIVE,negative
09/11/2022,"As candidates fought for election, our reporters were across the US to gauge the voters' mood.",0.133,0.867,0,-0.3182,NEGATIVE,negative
09/11/2022,Four states have voted on abortion rights - an issue close to the top of voters' priorities.,0,0.893,0.107,0.2023,POSITIVE,positive
09/11/2022,Customers are told they may not be offered refunds as thousands of orders are cancelled.,0.125,0.875,0,-0.25,NEGATIVE,negative
09/11/2022,The former president's political brand is now being questioned by those who used to support him.,0.077,0.773,0.149,0.3182,POSITIVE,positive
09/11/2022,"Cries of ""this country was built on the blood of slaves"" were heard during the incident in York.",0.137,0.863,0,-0.4019,NEGATIVE,negative
09/11/2022,"Simon Lingard died after his unit was attacked amid the conflict, his family confirm.",0.447,0.553,0,-0.836,NEGATIVE,negative
09/11/2022,Police say they are seizing 3D printed weapons in greater numbers in the UK.,0.167,0.69,0.144,-0.1027,NEGATIVE,negative
09/11/2022,Kitty Baxter was evacuated on the first day of the war.,0.281,0.719,0,-0.5994,NEGATIVE,negative
09/11/2022,Valeriya says she is thankful her host gave her family the chance to live independently in the UK.,0,0.737,0.263,0.6908,POSITIVE,positive
09/11/2022,Rishi Sunak clashes with Sir Keir Starmer at PMQs over Sir Gavin Williamson's resignation.,0.145,0.855,0,-0.296,NEGATIVE,negative
09/11/2022,Demonstrators in Amsterdam stopped private jets taking off ahead of the UN Climate Change Conference.,0.119,0.881,0,-0.2263,NEGATIVE,negative
09/11/2022,"Watch highlights as Leah Burke stars, scoring a hat-trick of tries, to help England beat Papua New Guinea 42-4, maintaining their 100% record so far in the Rugby League World Cup.",0,0.915,0.085,0.4019,POSITIVE,positive
09/11/2022,Caoimhin Kelleher saves three spot-kicks as EFL Cup holders Liverpool need a penalty shootout to beat League One Derby County at Anfield.,0.13,0.87,0,-0.4588,NEGATIVE,negative
09/11/2022,"Robert Page names his 26-man squad for Wales' first World Cup in 64 years, with midfielder Joe Allen included despite being a major injury doubt.",0.093,0.82,0.087,-0.0433,NEGATIVE,negative
09/11/2022,Former India captain Virat Kohli is going under the radar but his record in Adelaide shows England should fear him as much as ever.,0.158,0.842,0,-0.6486,NEGATIVE,negative
09/11/2022,Premier League leaders Arsenal are knocked out of the EFL Cup as Brighton gain a shock away victory.,0.124,0.714,0.162,0.2023,POSITIVE,positive
09/11/2022,India wants to embrace an environment-friendly lifestyle to fight climate change - but what about its economy?,0.103,0.802,0.095,-0.0387,NEGATIVE,negative
09/11/2022,Economic concerns and Joe Biden's disapproval rating failed to deliver the results that Republicans hoped for.,0.166,0.704,0.131,-0.1779,NEGATIVE,negative
09/11/2022,"Harry Kane was replaced after an hour of Tottenham's EFL Cup defeat to Nottingham Forest as he was tired, says Antonio Conte.",0.228,0.772,0,-0.7096,NEGATIVE,negative
09/11/2022,Gavin Williamson's resignation over bullying claims and Matt Hancock's I'm A Celeb debut lead the papers.,0.319,0.681,0,-0.7269,NEGATIVE,negative
09/11/2022,The ex-president says Florida's governor would be making a mistake by challenging him for the Republican nomination.,0.133,0.778,0.089,-0.2023,NEGATIVE,negative
09/11/2022,Championship side Blackburn Rovers reach the last 16 of the EFL Cup as they beat West Ham 10-9 in an epic shootout.,0,0.833,0.167,0.4588,POSITIVE,positive
10/11/2022,Colorado representative Lauren Boebert was adored by the Republican base - but is now fighting for her political life.,0.154,0.757,0.09,-0.3291,NEGATIVE,negative
10/11/2022,Data shared exclusively with the BBC show large numbers of oil and gas lobbyists attending COP27.,0,0.862,0.138,0.34,POSITIVE,positive
10/11/2022,Antonio Guterres apologises after being given a speech intended for an event for young people at COP27.,0,0.893,0.107,0.2023,POSITIVE,positive
10/11/2022,"The measure failed after its sponsor withdrew support, saying that it could actually encourage slavery.",0.323,0.438,0.239,-0.4767,NEGATIVE,negative
10/11/2022,"Indigenous people warn of risks to the Okavango Delta, and an ex-bishop calls on COP to take action.",0.179,0.821,0,-0.3612,NEGATIVE,negative
10/11/2022,The charity says the cost-of-living crisis is putting more young people at risk of having no home.,0.347,0.537,0.116,-0.6808,NEGATIVE,negative
10/11/2022,Three of the last generation of World War Two veterans share recollections of the deadliest war in history.,0.312,0.6,0.088,-0.765,NEGATIVE,negative
10/11/2022,"As world leaders prepare to meet for the G20 summit in Bali, what is likely to be on the agenda?",0.01517171,0.9346913,0.05013693,0.676743269,POSITIVE,positive
10/11/2022,The first ever national walkout by nurses and the results of the US midterms lead the papers.,0.126,0.874,0,-0.3182,NEGATIVE,negative
10/11/2022,Great Britain pull off a huge upset to reach the Billie Jean King Cup semi-finals for the first time in 41 years.,0.096,0.627,0.277,0.5994,POSITIVE,positive
10/11/2022,"John Lewis says the cost-of-living crisis was ""front of mind"" as it joins other big brands launching festive campaigns.",0.17,0.705,0.124,-0.2732,NEGATIVE,negative
10/11/2022,Nurses have voted to strike. How much do they earn at the moment?,0.111,0.889,0,-0.128,NEGATIVE,negative
10/11/2022,Why England's victory over India ranks among their greatest white-ball wins and spoils the India-Pakistan finale the rest of the world was waiting for.,0,0.736,0.264,0.836,POSITIVE,positive
10/11/2022,"Home energy assessors find ""performance gaps"" in some homes - as COP27 focuses on cutting emissions.",0.09,0.783,0.127,0.1531,POSITIVE,positive
10/11/2022,A growing number of older renters are struggling as rents rise and the cost of living increases.,0.149,0.691,0.16,-0.2023,NEGATIVE,negative
10/11/2022,"The Britain's Got Talent judge apologises for making ""disrespectful comments"" about two hopefuls.",0,0.705,0.295,0.5574,POSITIVE,positive
10/11/2022,The studio behind God of War: Ragnarok on its hopes for more accessible blockbuster games in future.,0.15,0.5,0.349,0.6344,POSITIVE,positive
10/11/2022,"A Labour government would ease planning rules for new onshore wind farms, Sir Kier Starmer says.",0,0.848,0.152,0.3612,POSITIVE,positive
10/11/2022,BBC analysis shows delays have doubled in past four years with experts warning lives are at risk.,0.231,0.769,0,-0.5423,NEGATIVE,negative
10/11/2022,Some fellow I'm A Celebrity stars appeared uncomfortable with the ex-health secretary being in the jungle.,0.157,0.843,0,-0.3818,NEGATIVE,negative
10/11/2022,The new order means the Infowars host has to pay $1.44bn after branding the school shooting a hoax.,0.189,0.811,0,-0.3612,NEGATIVE,negative
10/11/2022,Royal College of Nursing want a 17% pay increase and voted to take strike action across the UK.,0.149,0.667,0.185,0.1779,POSITIVE,positive
10/11/2022,An I'm a Celebrity campmate challenges the MP about his behaviour which led to his resignation.,0.133,0.788,0.079,-0.2263,NEGATIVE,negative
10/11/2022,The Grenfell Tower fire public inquiry comes to an end as who is to blame will now be decided.,0.22,0.78,0,-0.5859,NEGATIVE,negative
10/11/2022,Kyiv reports rapid advances of seven kilometres after Moscow said it would leave the key city.,0.074,0.926,0,-0.0516,NEGATIVE,negative
10/11/2022,Manchester United reach the Carabao Cup fourth round with an entertaining victory over Aston Villa at Old Trafford.,0,0.688,0.312,0.7003,POSITIVE,positive
10/11/2022,A blistering partnership between openers Jos Buttler and Alex Hales secures a sensational 10-wicket demolition of India and sends England into the Men's T20 World Cup final.,0,0.913,0.087,0.3182,POSITIVE,positive
10/11/2022,Nitnem Gutkas are issued by the UK Defence Sikh Network at a ceremony in London.,0,0.903,0.097,0.1027,POSITIVE,positive
10/11/2022,Migrant communities around the world lift trade between their new and former countries.,0.006655937,0.63751274,0.35583138,0.999108732,POSITIVE,positive
10/11/2022,"The veteran served at ever major Allied landing: North Africa, Italy, Normandy.",0.04031987,0.8921275,0.06755263,0.998387098,POSITIVE,positive
10/11/2022,Marie’s job on D-Day was to pass messages from the troops on the beaches to the leaders.,0.22143151,0.74213916,0.03642933,0.915066719,POSITIVE,positive
10/11/2022,"Who, when, where - everything you need to know about Saturday's Rugby World Cup final between New Zealand and England.",0.03889909,0.90908456,0.052016307,0.544422567,NEGATIVE,negative
10/11/2022,"Manchester City will host holders Liverpool in the fourth round of the Carabao Cup, plus full draw.",0.014923333,0.8997541,0.08532252,0.999477565,POSITIVE,positive
10/11/2022,Control of Congress remains in the balance as the final results of the 2022 midterms trickle in.,0.038121056,0.92567575,0.036203153,0.986566961,NEGATIVE,negative
10/11/2022,"""I learnt not to believe a word the Russians say,"" one resident tells the BBC's Jeremy Bowen.",0.45908904,0.5102337,0.03067722,0.969674468,NEGATIVE,negative
10/11/2022,"More than a million people in the UK watched the new series on its first day of release, Barb says.",0.002379318,0.22240023,0.77522045,0.994346797,POSITIVE,positive
10/11/2022,"James Maddison, Marcus Rashford and Callum Wilson are included in England's 26-man Fifa World Cup squad for Qatar.",0.00520548,0.922624,0.07217052,0.998529911,POSITIVE,positive
10/11/2022,The BBC is looking to gather first-hand accounts of World War Two. Please get in touch.,0.193,0.693,0.114,-0.3818,NEGATIVE,negative
10/11/2022,"Letitia Wright, Danai Gurira and Lupita Nyong’o talk emotions and filming the Black Panther sequel.",0.013140595,0.92875224,0.058107175,0.978003979,POSITIVE,positive
10/11/2022,"The LA pop trio were dropped by their record label, then one of their biggest fans stepped in.",0.17139105,0.7296363,0.0989727,0.928238988,NEGATIVE,negative
11/11/2022,The inside story of England's recovery at the T20 World Cup in Australia which has led to a place in Sunday's final against Pakistan.,0.004269181,0.80891234,0.18681854,0.99905616,POSITIVE,positive
11/11/2022,The US president also defends his country's climate leadership at the UN summit COP27.,0.015847223,0.5510086,0.43314412,0.852679133,POSITIVE,positive
11/11/2022,The former health secretary was being grilled by campmates about his actions during the pandemic.,0.45460853,0.5300276,0.015363794,0.996495664,NEGATIVE,negative
11/11/2022,"Local elections were also held across the country on Tuesday, some with unusual tiebreaker methods.",0.05616768,0.90015054,0.043681838,0.646329165,POSITIVE,positive
11/11/2022,"Conroy voiced Batman in animated TV shows, feature films and video games for nearly 30 years.",0.010101742,0.7155575,0.2743407,0.996055484,POSITIVE,positive
11/11/2022,"The former chancellor says he told the then PM to ""slow down"" after September's ill-fated mini-budget.",0.3881764,0.5878933,0.023930274,0.999664664,NEGATIVE,negative
11/11/2022,"Sam Bankman-Fried also stepped down as chief executive, capping a tumultuous week for the firm.",0.3154536,0.6560236,0.028522732,0.994160354,NEGATIVE,negative
11/11/2022,"Analysis of key races, issues and exit poll findings in the US midterm elections.",0.08333661,0.8862851,0.030378293,0.979212761,POSITIVE,positive
11/11/2022,"Marjorie Rigby, 102, did not know what happened to her stillborn daughter.",0.43339995,0.55278903,0.013811043,0.997829139,NEGATIVE,negative
11/11/2022,Fans have tracked his progress for 25 years - now the anime hero has won the Pokemon World Championship.,0,0.519,0.481,0.9186,POSITIVE,positive
11/11/2022,Watch highlights as defending champions Australia earn a hard-fought 16-14 win over New Zealand to reach their 15th consecutive Rugby League World Cup final.,0,0.707,0.293,0.8074,POSITIVE,positive
11/11/2022,"Parts of the UK experienced the warmest November night on record, but what's behind the mild weather?",0,0.896,0.104,0.2144,POSITIVE,positive
11/11/2022,"Three days after the US voted, most of America is ready to switch off from politics. That's not an option in Georgia.",0,0.894,0.106,0.3612,POSITIVE,positive
11/11/2022,The TV anchor turned Trump-backed candidate is good at delivering a message. But does she believe in it?,0,0.891,0.109,0.2382,POSITIVE,positive
11/11/2022,"The former home secretary signed a restriction preventing their disclosure ""without consultation"".",0.262,0.738,0,-0.296,NEGATIVE,negative
11/11/2022,Britain's Jack Draper loses in four sets to the USA's Brandon Nakashima in final four of Next Gen ATP Tour Finals.,0.103,0.897,0,-0.3182,NEGATIVE,negative
11/11/2022,Moscow's pullback from Kherson caps a stunning three-month change of fortune for the Ukrainians.,0,0.822,0.178,0.3818,POSITIVE,positive
11/11/2022,Kevin Magnussen causes a sensation at the Sao Paulo Grand Prix by qualifying his Haas car on pole position for Saturday's sprint race.,0,0.875,0.125,0.4588,POSITIVE,positive
11/11/2022,Substitute Jess Park scores on her England debut as they comfortably beat Japan in a friendly in Spain.,0,0.714,0.286,0.7184,POSITIVE,positive
11/11/2022,"There are question marks over some high-profile legislation, including on online safety and renters' reform.",0,0.833,0.167,0.4215,POSITIVE,positive
11/11/2022,The BBC's Steve Rosenberg on the mood in Russia following its army's withdrawal from Kherson.,0,0.927,0.073,0.0258,POSITIVE,positive
11/11/2022,"An official says Ukraine's troops are ""almost fully in control"" after Russia completed its retreat.",0,0.886,0.114,0.2023,POSITIVE,positive
11/11/2022,A mother-of-two who relies on a food bank to feed her family says she feels guilty asking for help.,0.137,0.732,0.132,-0.0258,NEGATIVE,negative
11/11/2022,A number of executives walked out after a turbulent launch of new Twitter features.,0,0.894,0.106,0.0772,POSITIVE,positive
11/11/2022,The makers of smart thermostats says the devices can cut energy bills but the evidence is not conclusive.,0.078,0.752,0.17,0.2144,POSITIVE,positive
11/11/2022,Anti-terrorist officials take over the inquiry after two officers are attacked near a railway station.,0.188,0.812,0,-0.4588,NEGATIVE,negative
11/11/2022,BBC correspondents share what could come up in the economic plan and what it could mean for you.,0,0.885,0.115,0.296,POSITIVE,positive
11/11/2022,"Florida used to be a swing state but no longer. Led by its governor, victory was comprehensive. How?",0.138,0.739,0.123,-0.0772,NEGATIVE,negative
11/11/2022,"Suspect Rajwinder Singh, who fled Australia four years ago, is now believed to be in India.",0.128,0.872,0,-0.296,NEGATIVE,negative
11/11/2022,An interview with ex-chancellor Kwasi Kwarteng and leaked remarks from TV's David Walliams lead the papers.,0.133,0.867,0,-0.3182,NEGATIVE,negative
11/11/2022,Brazil have won football's biggest prize a record five times but still harbour their own stories of World Cup hurt.,0.183,0.637,0.179,-0.2732,NEGATIVE,negative
11/11/2022,"The UK could be set for its longest recession since records began, the Bank of England has warned.",0.234,0.766,0,-0.5994,NEGATIVE,negative
11/11/2022,"From rejuvenated stars to dynamic wingers, BBC Sport looks at why optimism is growing about England's Rugby League World Cup hopes.",0,0.616,0.384,0.8625,POSITIVE,positive
11/11/2022,"Royal honours for arts and sciences are announced, with four of six new members from ethnic minorities.",0,0.833,0.167,0.4939,POSITIVE,positive
11/11/2022,The Federal Trade Commission says developments at Twitter could risk it violating regulatory orders.,0.318,0.682,0,-0.6808,NEGATIVE,negative
11/11/2022,David Smith pleads guilty to collecting intelligence and leaking secret documents while in Berlin.,0.156,0.67,0.173,0.0772,POSITIVE,positive
11/11/2022,Two councils fail to block asylum seekers being relocated to large hotels in their areas.,0.33,0.67,0,-0.7506,NEGATIVE,negative
11/11/2022,It comes after the Bank of England warned the UK is facing a two-year financial slump.,0.13,0.87,0,-0.2732,NEGATIVE,negative
12/11/2022,"Fans packed into an Atlanta stadium in a ""celebration of life"" ceremony for the 28-year-old musician.",0.005812952,0.58027416,0.41391286,0.999591053,POSITIVE,positive
12/11/2022,Jeremy Hunt will reveal on Thursday how he will plug an estimated £55bn gap between revenue and spending.,0.074801244,0.833488,0.09171085,0.989082694,NEGATIVE,negative
12/11/2022,"This year's event was particularly poignant for the royals, as it also paid tribute to Queen Elizabeth II.",0.001253467,0.07390822,0.9248383,0.99960345,POSITIVE,positive
12/11/2022,Host and Indonesian president Joko Widodo wants to play dealmaker at the G20. Can he pull it off?,0,0.876,0.124,0.34,POSITIVE,positive
12/11/2022,Arsenal move five points clear at the top of the Premier League as Martin Odegaard's second-half double proves enough to beat Wolves at Molineux.,0,0.833,0.167,0.5267,POSITIVE,positive
12/11/2022,"Extra dates are being added to his comeback tour, with some resale sites pricing tickets at £1,100.",0.006748263,0.8711997,0.12205192,0.960758567,POSITIVE,positive
12/11/2022,The star says she did not get the recognition she deserved in the 1970s due to music industry sexism.,0.8589549,0.13588865,0.005156448,0.999791086,NEGATIVE,negative
12/11/2022,"Blue tick accounts impersonating major brands, politicians and celebrities have appeared on the platform.",0.61407715,0.37288386,0.013038987,0.974510729,NEGATIVE,negative
12/11/2022,Experts are using diggers and a purpose-built scanner to remove radioactive particles from the Fife coastline.,0.07065424,0.8658611,0.06348464,0.994984865,NEGATIVE,negative
12/11/2022,The African migrants living in squalor and picking produce for gangmasters in Italy.,0.74687076,0.24605028,0.007078996,0.986109316,NEGATIVE,negative
12/11/2022,England captain Jos Buttler says he has been dreaming about lifting the T20 World Cup trophy before Sunday's final against Pakistan in Melbourne.,0.036282215,0.7949333,0.16878445,0.987206697,POSITIVE,positive
12/11/2022,"More than 100 migrants came ashore on Saturday, say eyewitnesses, meaning the 40,000 mark is surpassed.",0.16608389,0.7756819,0.058234233,0.990627527,POSITIVE,positive
12/11/2022,The BBC's analysis editor looks at whether the UN's target to limit global warming can still be reached.,0,0.842,0.158,0.25,POSITIVE,positive
12/11/2022,Changes to our planet's shine is just one of the stranger side effects of rising temperatures.,0.43335024,0.4961231,0.070526645,0.88705653,NEGATIVE,negative
12/11/2022,"Pakistan batter Shan Masood has lived, been educated and played in England. On Sunday he will try to end their T20 World Cup dream.",0,0.833,0.167,0.5267,POSITIVE,positive
12/11/2022,George Russell catches and passes Max Verstappen to take Mercedes' first win of 2022 in a thrilling sprint race at the Sao Paulo Grand Prix.,0,0.68,0.32,0.872,POSITIVE,positive
12/11/2022,England coach Eddie Jones says New Zealand are vulnerable as he prepares to face the three-time world champions for the first time since 2019,0.07,0.806,0.125,0.3612,POSITIVE,positive
12/11/2022,Google engineer develops technology to help identify Holocaust victims in archive photos.,0.153,0.667,0.18,0.1027,POSITIVE,positive
12/11/2022,"How the BBC uncovered gas flaring in an Iraqi oil field, where locals are showing a high rate of cancer.",0.196,0.804,0,-0.6597,NEGATIVE,negative
12/11/2022,"The impact of the ""disastrous"" mini-budget and the spending cut plus tax rises plans to fix it lead the Sunday papers.",0.095,0.905,0,-0.2732,NEGATIVE,negative
12/11/2022,"Mehran Karimi Nasseri, who inspired a Hollywood film, died in Charles de Gaulle airport on Saturday.",0.182,0.657,0.162,-0.1027,NEGATIVE,negative
12/11/2022,A local project is undertaking work to dignify the ceremonies of those who die alone.,0.299,0.558,0.142,-0.4767,NEGATIVE,negative
12/11/2022,Footage shows the two planes colliding at a commemorative air show near Dallas in Texas.,0.103,0.897,0,-0.128,NEGATIVE,negative
12/11/2022,The monarch will use part of his private income to fund the single payment on top of his staffs' salaries.,0,0.913,0.087,0.2023,POSITIVE,positive
12/11/2022,A newspaper reports allegations Dominic Raab mistreated staff during a past stint as justice secretary.,0,0.779,0.221,0.5267,POSITIVE,positive
12/11/2022,"Another Rugby League World Cup, another gut-wrenching failure for England - but where did it all go wrong for Shaun Wane's side?",0.249,0.751,0,-0.743,NEGATIVE,negative
12/11/2022,The guitarist left before the punk pioneers found fame but went on to join Public Image Limited.,0.111,0.664,0.225,0.34,POSITIVE,positive
12/11/2022,Jubilant scenes are continuing after Ukraine took back the city of Kherson from Russia.,0,0.765,0.235,0.6124,POSITIVE,positive
12/11/2022,"Despite defeat by New Zealand, England can take pride after featuring in a game-changing Rugby World Cup final.",0,0.755,0.245,0.5967,POSITIVE,positive
12/11/2022,Matt Hancock's Covid grilling on I'm a Celebrity and civil servants avoiding the justice secretary are among Saturday's front page stories.,0.101,0.756,0.143,0.25,POSITIVE,positive
13/11/2022,Mahendran and Deepa tied the knot at the Institute of Mental Health in Chennai city last month.,0.008033948,0.9375603,0.054405708,0.990823627,POSITIVE,positive
13/11/2022,"Ukraine moves quickly to maintain order in Kherson, facing Russian troops across the Dnipro river.",0.13173436,0.82541496,0.04285066,0.997861207,POSITIVE,positive
13/11/2022,The blast happened in a busy shopping area in the heart of the Turkish city.,0.7728701,0.22058508,0.006544749,0.972384691,POSITIVE,positive
13/11/2022,Donald Trump and Mitch McConnell get heat from colleagues after the Democrats keep control of the Senate.,0.048150897,0.86075366,0.09109544,0.975573599,POSITIVE,positive
13/11/2022,The home secretary will finalise a deal with the French to try to curb Channel crossings in small boats.,0.031787906,0.9076009,0.060611237,0.963947117,POSITIVE,positive
13/11/2022,"Gwent Police is investigated after ""abhorrent"" messages between serving and retired officers emerged.",0.7510941,0.24200234,0.006903528,0.990377128,NEGATIVE,negative
13/11/2022,The BBC's Jeremy Bowen reports from the city newly liberated from Russian control.,0.059697147,0.86496884,0.075333975,0.983895898,POSITIVE,positive
13/11/2022,The UK's singles chart turns 70 this week - but the countdown has not always gone smoothly.,0.3568225,0.5823729,0.06080461,0.999533534,NEGATIVE,negative
13/11/2022,"The hosts of the podcast, downloaded more than 430m times, hint there's something else to come.",0.008919082,0.38852274,0.60255814,0.985703647,POSITIVE,positive
13/11/2022,Investigations will begin after a construction worker died at the Hinkley Point C nuclear power station site.,0.205,0.795,0,-0.5574,NEGATIVE,negative
13/11/2022,Unified champion Natasha Jonas outclasses Marie-Eve Dicaire in Manchester to add the IBF title to her WBC and WBO light-middleweight belts.,0,0.745,0.255,0.7579,POSITIVE,positive
13/11/2022,The chancellor also tells the BBC he wants to make sure any recession is as short and shallow as possible.,0.121,0.779,0.1,-0.128,NEGATIVE,negative
13/11/2022,George Russell takes a maiden grand prix victory - and a first for Mercedes in 2022 - as Max Verstappen was penalised for a collision with Lewis Hamilton in Sao Paulo.,0.085,0.814,0.102,0.128,POSITIVE,positive
13/11/2022,Homeowners are worried about rising mortgage costs - but lenders must help those struggling.,0.281,0.531,0.188,-0.1901,NEGATIVE,negative
13/11/2022,"The UK could be set for its longest recession since records began, the Bank of England has warned.",0.234,0.766,0,-0.5994,NEGATIVE,negative
13/11/2022,BBC Analysis Editor Ros Atkins looks at the years of corruption allegations around Fifa awarding the 2022 World Cup to Qatar.,0,0.873,0.127,0.4404,POSITIVE,positive
13/11/2022,"In becoming double world champions by winning the 2022 T20 World Cup, England have secured their legacy as an all-time great side.",0,0.57,0.43,0.9274,POSITIVE,positive
13/11/2022,Manchester United snatch a dramatic winner through Alejandro Garnacho as they beat Fulham in a thrilling final Premier League match before the World Cup.,0,0.662,0.338,0.8658,POSITIVE,positive
13/11/2022,Why have some people never had Covid and can that lead to better vaccines?,0,0.818,0.182,0.4404,POSITIVE,positive
13/11/2022,"Match of the Day's Alan Shearer tells fellow pundit Ian Wright and Gary Lineker how a ""magnificent"" Brentford outperformed Manchester City during their dramatic 2-1 win.",0,0.863,0.137,0.5859,POSITIVE,positive
13/11/2022,Judge Shirley Ballas says the sportsman has become one of the nation's favourite entertainers.,0,0.867,0.133,0.25,POSITIVE,positive
13/11/2022,Thousands of veterans march past the Cenotaph in a ceremony to remember the nation's war dead.,0.387,0.613,0,-0.8481,NEGATIVE,negative
13/11/2022,A pet owner tells of his struggle to afford to keep his cats well fed.,0.14,0.732,0.128,-0.0516,NEGATIVE,negative
13/11/2022,Brian Hough was only 18 when he fought in the Korean War but 70 years on he's trying to keep the memory of fallen soldiers alive.,0.224,0.672,0.104,-0.4497,NEGATIVE,negative
13/11/2022,"Cristiano Ronaldo says he feels ""betrayed"" by Manchester United and that he is being forced out of the club.",0.132,0.746,0.123,-0.0516,NEGATIVE,negative
13/11/2022,"As the Premier League takes its World Cup break, BBC Sport looks at the state of play and who could come out flying on Boxing Day.",0,0.912,0.088,0.34,POSITIVE,positive
13/11/2022,"A woman is in a stable condition in hospital after being injured in a Manchester hotel, police say.",0.151,0.726,0.123,-0.128,NEGATIVE,negative
13/11/2022,Chancellor Jeremy Hunt's key message this week will be about restoring stability and controlling price rises.,0,0.872,0.128,0.296,POSITIVE,positive
13/11/2022,Scotland fail to end a 117-year wait for a first ever win against New Zealand as the beleaguered All Blacks fight back to win a thriller at Murrayfield.,0.174,0.57,0.256,0.4404,POSITIVE,positive
13/11/2022,Neil Robertson and John Higgins are beaten on another day of shocks in the UK Championship first round.,0.232,0.644,0.124,-0.3612,NEGATIVE,negative
13/11/2022,Reg and Huguette reunite almost 80 years after a brief encounter when they shared a jam sandwich.,0,0.854,0.146,0.34,POSITIVE,positive
13/11/2022,"Watch highlights as Ben Stokes, Sam Curran and Adil Rashid star in helping England claim their second T20 World Cup title with a five-wicket victory over Pakistan in the final.",0,0.927,0.073,0.296,POSITIVE,positive
13/11/2022,Swiss migrant workers' children want an apology for a policy they say tore whole families apart.,0,0.839,0.161,0.128,POSITIVE,positive
13/11/2022,"As the wildlife frontline becomes more dangerous, southern African nations want an end to the ivory ban.",0.314,0.628,0.058,-0.7713,NEGATIVE,negative
13/11/2022,England centre Tara-Jane Stanley says they are no longer starstruck by facing the southern hemisphere giants at the Rugby League World Cup.,0.095,0.905,0,-0.296,NEGATIVE,negative
14/11/2022,A mother-of-three says she can't see any option than selling her house due to mortgage rates rising.,0.60677433,0.37404895,0.019176697,0.9988392,NEGATIVE,negative
14/11/2022,The young authors connecting with their followers via weekly digital updates.,0.002047747,0.3474364,0.6505159,0.950246096,POSITIVE,positive
14/11/2022,"England's women's players need to turn professional if they are to close the gap on New Zealand and Australia, says departing head coach Craig Richards.",0.06710557,0.83368105,0.09921336,0.952364683,NEGATIVE,negative
14/11/2022,"England all-rounder Sam Curran could become ""one of the white-ball greats"", according to coach Matthew Mott.",0.003319272,0.30150315,0.6951776,0.999266922,POSITIVE,positive
14/11/2022,"Watch the BBC's Stephanie Hegarty explain the past, present and future of global population.",0.0309459,0.86219543,0.10685863,0.997804701,POSITIVE,positive
14/11/2022,Ukraine tells UN climate summit it will use evidence of environmental crimes to sue Russia.,0.58828706,0.4037512,0.007961687,0.980805755,NEGATIVE,negative
14/11/2022,"The BBC's Stephanie Hegarty explains the past, present and future of global population.",0.027806338,0.83191514,0.14027852,0.996326506,POSITIVE,positive
14/11/2022,"The UK will pay France £8m more a year to increase patrols, with greater co-operation also promised.",0.067,0.572,0.361,0.7322,POSITIVE,positive
14/11/2022,"Six-year-old Cohen survives off the machines in his home and his mum's energy bills could rise to more than £3,000 a year.",0,0.905,0.095,0.2732,POSITIVE,positive
14/11/2022,The mum of an 18-year-old backs new findings which suggests on-site drug testing makes events safer.,0.067,0.778,0.156,0.3818,POSITIVE,positive
14/11/2022,"Russian activist Vladimir Kara-Murza, charged with treason, writes to the BBC from his jail cell.",0.266,0.734,0,-0.5719,NEGATIVE,negative
14/11/2022,With the UK facing a cost-of-living crisis the government is set to unveil tax and spending plans.,0.215,0.785,0,-0.6249,NEGATIVE,negative
14/11/2022,"Josh Pesticcio, 24, says he was ""brutally attacked"" by club doorman on the Spanish island of Majorca.",0.318,0.682,0,-0.7906,NEGATIVE,negative
14/11/2022,"After saying that he feels betrayed by Manchester United, what comes next for Cristiano Ronaldo?",0.202,0.657,0.141,-0.296,NEGATIVE,negative
14/11/2022,Since Russia's retreat from the region memes of the fruit have been widely shared online.,0,0.756,0.244,0.4939,POSITIVE,positive
14/11/2022,George Eustice helped negotiate the free trade agreement with Australia while environment secretary.,0,0.629,0.371,0.7579,POSITIVE,positive
14/11/2022,Samuel from Bristol struggles to feed and bathe his two young sons amid the cost of living crisis.,0.292,0.708,0,-0.765,NEGATIVE,negative
14/11/2022,"The Grammy-winning musician, 85, is known for hits such as ""Killing Me Softly with His Song"".",0.227,0.773,0,-0.6597,NEGATIVE,negative
14/11/2022,"Locals are returning to Istiklal Street, the busy thoroughfare where six were killed on Sunday.",0.243,0.757,0,-0.6705,NEGATIVE,negative
14/11/2022,Mr Cleverly says LGBT fans travelling to the Middle Eastern nation should respect its laws.,0,0.67,0.33,0.7506,POSITIVE,positive
14/11/2022,"The King requests extra stand-ins, as Prince Andrew and Prince Harry are no longer working royals.",0.128,0.872,0,-0.296,NEGATIVE,negative
14/11/2022,"The TV host, 72, is stable and receiving treatment being injured in a fire at his California garage.",0.239,0.657,0.103,-0.4404,NEGATIVE,negative
14/11/2022,Government plans to hike taxes while cutting spending and problems facing the health service lead the front pages.,0.208,0.792,0,-0.4939,NEGATIVE,negative
14/11/2022,"Manchester United forward Cristiano Ronaldo says the club's owners, the Glazer family, ""don't care about the club"" on the sporting side.",0.108,0.778,0.115,0.0444,POSITIVE,positive
14/11/2022,Ronnie O'Sullivan says he feels 'unbreakable' after beating Wales' Matthew Stevens 6-2 in the first-round of the UK Championship in York.,0.12,0.763,0.116,-0.0258,NEGATIVE,negative
14/11/2022,The leaders of the US and China strike a conciliatory tone in their first in-person talks for years.,0.086,0.914,0,-0.128,NEGATIVE,negative
14/11/2022,"Match of the Day 2's Jermaine Jenas and Jermain Defoe discuss Cristiano Ronaldo's future at Manchester United after he said in an interview he felt ""betrayed"" by the club.",0,0.909,0.091,0.4215,POSITIVE,positive
14/11/2022,Watch highlights as England's hopes of reaching a first Women's Rugby League World Cup were dashed by a 20-6 loss to a powerful New Zealand team in York.,0.075,0.684,0.241,0.6249,POSITIVE,positive
14/11/2022,Scotland survive a stunning reply from Deyna Castellanos to beat Venezuela in their first full international since their World Cup play-off defeat.,0.122,0.772,0.106,-0.1027,NEGATIVE,negative
14/11/2022,New research shows the BBC may have launched in London but Manchester played a big role in many early shows.,0,0.796,0.204,0.5187,POSITIVE,positive
14/11/2022,A bigger rebate under the Warm Home Discount begins but concerns remain some are missing out.,0.162,0.754,0.084,-0.3291,NEGATIVE,negative
14/11/2022,"With the World Cup set to begin in Qatar, BBC sports editor Dan Roan looks at why the tournament is so controversial.",0.101,0.899,0,-0.3327,NEGATIVE,negative
15/11/2022,"The ex-first lady tells the BBC about her negative thoughts about her appearance and ""fearful mind"".",0.33,0.67,0,-0.7845,NEGATIVE,negative
15/11/2022,Dahir's brother died of hunger. Now two of his sisters are fighting sickness and malnutrition in Somalia.,0.367,0.633,0,-0.7964,NEGATIVE,negative
15/11/2022,Experts have complained for decades that millions are living in sub-standard or dangerous accommodation.,0.326,0.674,0,-0.7003,NEGATIVE,negative
15/11/2022,"Kyiv and other cities are targeted, days after Russia's damaging withdrawal from Kherson.",0.214,0.714,0.071,-0.4939,NEGATIVE,negative
15/11/2022,A friend of Grand Theft Auto creators the Houser brothers says Hollywood wasted its one chance.,0.143,0.491,0.366,0.6124,POSITIVE,positive
15/11/2022,The BBC's Quentin Sommerville is with more than a dozen doctors and nurses who work and live together under fire.,0.118,0.882,0,-0.34,NEGATIVE,negative
15/11/2022,"The world is still growing, but not as fast as when the six- and seven-billionth babies were born.",0,0.926,0.074,0.09,POSITIVE,positive
15/11/2022,"WBC heavyweight champion Tyson Fury says he ""needs"" to fight fellow Briton Anthony Joshua before he retires.",0.26,0.579,0.161,-0.34,NEGATIVE,negative
15/11/2022,With the UK facing a cost-of-living crisis the government is set to unveil tax and spending plans.,0.215,0.785,0,-0.6249,NEGATIVE,negative
15/11/2022,"The cost of living is increasing at its fastest rate in 40 years, due to rising food and energy prices.",0,0.9,0.1,0.2732,POSITIVE,positive
15/11/2022,Unions to meet Health Secretary Steve Barclay as NHS managers warn strikes will be damaging to patients.,0.34,0.66,0,-0.7351,NEGATIVE,negative
15/11/2022,Trump-backed election deniers who wanted to influence the rules of future votes were mostly defeated.,0.286,0.714,0,-0.6369,NEGATIVE,negative
15/11/2022,Beyoncé is now tied with her husband Jay-Z as the most-nominated artist in Grammy Award history.,0,0.811,0.189,0.5423,POSITIVE,positive
15/11/2022,European champions England complete their historic 2022 unbeaten following a 1-1 friendly draw with Norway in Murcia.,0,0.68,0.32,0.765,POSITIVE,positive
15/11/2022,Watch as Kenyan journalist Alvin Kaunda's reporting is interrupted by an inquisitive trunk.,0.148,0.738,0.114,-0.128,NEGATIVE,negative
15/11/2022,The RRS Sir David Attenborough is poised to return to Antarctica later this month.,0,0.867,0.133,0.25,POSITIVE,positive
15/11/2022,The RFL confirm England head coach Craig Richards has left his role following his side's 20-6 Women's World Cup semi-final defeat by New Zealand on Monday.,0.107,0.893,0,-0.4588,NEGATIVE,negative
15/11/2022,Tuesday's front pages speculate on the government's spending plans ahead of Thursday's Autumn Statement.,0.103933476,0.8687867,0.027279872,0.937318742,NEGATIVE,negative
15/11/2022,"A play based on transcripts from the case will not belittle the two women involved, its writer says.",0,0.757,0.243,0.5867,POSITIVE,positive
15/11/2022,The G20 is expected to unveil a climate deal to speed up Indonesia's transition to clean energy.,0,0.745,0.255,0.5859,POSITIVE,positive
15/11/2022,The cargo salvage industry has a key role in global trade by dealing with unwanted containers.,0.119,0.881,0,-0.2263,NEGATIVE,negative
15/11/2022,Sarah McFadden scores a famous winner as Northern Ireland round out a historic 2022 with a 1-0 win over Italy at Seaview.,0,0.691,0.309,0.8225,POSITIVE,positive
15/11/2022,"Young campaigners say they are calling out ""greenwashing"" at COP27 from the inside.",0.16945635,0.7518013,0.078742355,0.996837139,NEGATIVE,negative
15/11/2022,"Before the 2022 World Cup, BBC Sport relives 10 goals that tell the story of the 2002 tournament - featuring memorable strikes from David Beckham, Ronaldo and Michael Ballack.",0.085,0.915,0,-0.3612,NEGATIVE,negative
15/11/2022,The England squad has arrived in Qatar for the Fifa World Cup ready to test themselves at the 'pinnacle of world football',0,0.894,0.106,0.3612,POSITIVE,positive
15/11/2022,The BBC spoke to former Trump voters and asked whether or not he still has their support.,0,0.856,0.144,0.4019,POSITIVE,positive
15/11/2022,An Indian court grants bail to Jacqueline Fernandez who is being investigated in a case of money laundering.,0,0.894,0.106,0.2263,POSITIVE,positive
15/11/2022,The cosmetics giant will purchase the designer fashion brand for £2.4bn.,0.043353505,0.8625678,0.09407862,0.513334453,POSITIVE,positive
15/11/2022,"The prime minister will call for a ""frank and constructive relationship"" between the UK and China.",0.014564339,0.7367377,0.24869788,0.99918884,POSITIVE,positive
15/11/2022,Parliament's standards chief Kathryn Stone says she cannot investigate as the MP did not break any rules.,0.4062225,0.57677907,0.016998416,0.998693168,NEGATIVE,negative
15/11/2022,The Republican congressman is on track to replace Nancy Pelosi as Speaker of the House.,0.009466917,0.95093924,0.039593913,0.995515883,POSITIVE,positive
16/11/2022,"Ronnie O'Sullivan dismisses Shaun Murphy's criticism of his attitude towards snooker, saying it is ""water off my back"".",0.146,0.854,0,-0.4404,NEGATIVE,negative
16/11/2022,"Scorching heat, lack of shade, £12.50 pints and huge screens - this is what it's like inside a World Cup fan park in Qatar.",0.084,0.657,0.259,0.5859,POSITIVE,positive
16/11/2022,"Watch Kyren Wilson's ""unbelievable"" pot during his second-round match against Mark Allen at the UK Snooker Championship.",0,0.847,0.153,0.4404,POSITIVE,positive
16/11/2022,"Head coach Steve Clarke says ""some things worked and some things didn't"" after Scotland fell to a disappointing 2-1 friendly defeat in Turkey.",0.218,0.669,0.113,-0.4588,NEGATIVE,negative
16/11/2022,Canadian Prime Minister Justin Trudeau and several other celebrities shared the claim on social media this week.,0,0.87,0.13,0.34,POSITIVE,positive
16/11/2022,"Last night, a missile landed in Poland, killing two people - the BBC's open source investigations team has been searching for clues.",0.188,0.812,0,-0.6597,NEGATIVE,negative
16/11/2022,Young people ask their parents what happened 50 years ago when Asians were expelled from Uganda.,0.118,0.882,0,-0.25,NEGATIVE,negative
16/11/2022,"Almost nine months after Putin unleashed war on Ukraine, Russian forces have suffered repeated setbacks.",0.353,0.647,0,-0.7964,NEGATIVE,negative
16/11/2022,"Cristiano Ronaldo says he was close to joining Manchester City before following his ""heart"" by re-joining Manchester United.",0,0.859,0.141,0.4215,POSITIVE,positive
16/11/2022,Relatives of migrants working on building projects say safety failures led to their deaths.,0.169,0.674,0.157,-0.0516,NEGATIVE,negative
16/11/2022,"A climate-change resistant Red Sea reef is being flooded with toxic wastewater, leaked documents show.",0.15,0.85,0,-0.3182,NEGATIVE,negative
16/11/2022,Some teachers have already voted in favour of strike action over demands for higher pay.,0.163,0.674,0.163,0.25,POSITIVE,positive
16/11/2022,BBC Sport provides a day-by-day guide to who is playing when and where you can watch the match in the 2022 World Cup in Qatar.,0,0.927,0.073,0.2023,POSITIVE,positive
16/11/2022,The Brazilian president-elect attracts huge emotional crowds at COP27 but faces opposition at home.,0,0.696,0.304,0.4215,POSITIVE,positive
16/11/2022,"Jos Buttler says England's ""competitive juices will get going"" despite starting a series in Australia only four days after winning the T20 World Cup.",0,0.805,0.195,0.6249,POSITIVE,positive
16/11/2022,Experts in women's sport are highlighting that most kit and technology is designed for the male body.,0.04540831,0.7597804,0.19481118,0.997738719,POSITIVE,positive
16/11/2022,"As young people are hit by the rising cost of living, how are they coping?",0.7308832,0.25864246,0.010474405,0.998452902,NEGATIVE,negative
16/11/2022,China's president was filmed rebuking his Canadian counterpart over alleged leaks of their meeting.,0.37653476,0.6045767,0.018888569,0.982812941,NEGATIVE,negative
16/11/2022,Use our calculator to find out how much the cost of living is going up in your household.,0.1095843,0.8244108,0.0660049,0.998409331,NEGATIVE,negative
16/11/2022,They are able to visit their homes and see relatives for the first time since the Russian invasion began.,0.111268535,0.6700312,0.21870027,0.999560773,POSITIVE,positive
16/11/2022,"The cost of living is increasing at its fastest rate in 40 years, due to rising food and energy prices.",0,0.9,0.1,0.2732,POSITIVE,positive
16/11/2022,Women barely feature in negotiations in Egypt despite bearing the brunt of climate change.,0.69155043,0.2989412,0.009508384,0.999312043,NEGATIVE,negative
16/11/2022,"A tide of plastic debris from all over the world has washed up on Ascension Island, says researchers.",0.751467,0.23539321,0.013139807,0.986235321,NEGATIVE,negative
16/11/2022,"Cheap family dinners that will cost you £1 a portion, or less.",0.013981934,0.42016098,0.5658571,0.9985165,NEGATIVE,negative
16/11/2022,James Landale on what different responses to the missile deaths in Poland say about Nato.,0.25220898,0.7329617,0.014829373,0.933439314,POSITIVE,positive
16/11/2022,Prepping for Christmas in advance could also see you make big savings on food and drink.,0.002750894,0.14027001,0.8569791,0.995023012,POSITIVE,positive
16/11/2022,The Prince of Wales says he'll be supporting both England and Wales in this year's competition in Qatar.,0,0.854,0.146,0.4404,POSITIVE,positive
16/11/2022,There has been criticism of the former health secretary's participation in ITV's I'm A Celebrity.,0.182,0.818,0,-0.4404,NEGATIVE,negative
16/11/2022,"Ahead of the Autumn Statement, what do the 2010 austerity cuts tell us about who was worst affected?",0.345,0.655,0,-0.7845,NEGATIVE,negative
16/11/2022,Customers who do not receive furniture orders by 25 November should submit a claim for a refund.,0.765371,0.2287986,0.005830403,0.996397674,NEGATIVE,negative
16/11/2022,With the UK facing a cost-of-living crisis the government is set to unveil tax and spending plans.,0.215,0.785,0,-0.6249,NEGATIVE,negative
16/11/2022,The Radio 2 DJ has taken part in a 24-hour treadmill challenge to raise money for BBC Children In Need.,0,0.929,0.071,0.0772,POSITIVE,positive
16/11/2022,"Exposure to mould can cause respiratory illnesses, allergies and asthma, and can sometimes be fatal.",0.34,0.66,0,-0.7717,NEGATIVE,negative
16/11/2022,"The rapper wants to promote his peers and predecessors, to combat prejudice in the music industry.",0.268,0.61,0.122,-0.4767,NEGATIVE,negative
16/11/2022,After migrants working on Qatar's infrastructure have died in final months before the World Cup.,0.205,0.795,0,-0.5574,NEGATIVE,negative
16/11/2022,"Pensions and benefits will rise with prices but energy support is expected to be scaled back, the BBC understands.",0,0.667,0.333,0.7906,POSITIVE,positive
16/11/2022,Nato chief Jens Stoltenberg tells the BBC Ukraine's air defences probably caused Tuesday's deadly blast.,0.079,0.921,0,-0.0516,NEGATIVE,negative
16/11/2022,"NHS bosses hope more cancer cases will be spotted early, improving survival rates.",0.23,0.49,0.28,0.0018,POSITIVE,positive
16/11/2022,The UK government says Nexperia's takeover of Newport Wafer Fab creates national security risks.,0.107,0.51,0.383,0.6597,POSITIVE,positive
16/11/2022,Rishi Sunak has agreed to launch an investigation into complaints about the deputy PM's conduct.,0.152,0.73,0.118,-0.1531,NEGATIVE,negative
16/11/2022,"Scorching heat, lack of shade, £12 pints and huge screens - this is what it's like inside a World Cup fan park in Qatar.",0.084,0.657,0.259,0.5859,POSITIVE,positive
16/11/2022,A coroner ruled that two-year-old Awaab Ishak died after exposure to mould in his Rochdale flat.,0.205,0.795,0,-0.5574,NEGATIVE,negative
17/11/2022,"Elon Musk says workers at the social media firm must be ""hardcore"" if they want to stay, reports say.",0,0.933,0.067,0.0772,POSITIVE,positive
17/11/2022,"Help has been extended, but it's now less generous, meaning a typical household will pay more.",0.082,0.617,0.301,0.644,POSITIVE,positive
17/11/2022,The chancellor admits times are difficult as he defends tax rises in his Autumn Statement.,0.141,0.734,0.124,-0.0772,NEGATIVE,negative
17/11/2022,"As anti-government protests continue to rage in Iran, the country's football team will soon have a global stage for their voice.",0.234,0.766,0,-0.6705,NEGATIVE,negative
17/11/2022,"A secret memo, unearthed by diplomats, exposes how ruthlessly the press baron can dispose of allies.",0.097,0.903,0,-0.128,NEGATIVE,negative
17/11/2022,"The energy bill support package will continue after April, but will be less generous.",0,0.597,0.403,0.7514,POSITIVE,positive
17/11/2022,Survivors recall the harrowing loss of loved ones in a deadly migrant boat disaster off Lebanon.,0.287,0.538,0.175,-0.3612,NEGATIVE,negative
17/11/2022,BBC Sport looks at the previous top goalscorers in football's biggest tournament and examines who might top the charts in Qatar.,0,0.841,0.159,0.3818,POSITIVE,positive
17/11/2022,"England defender Conor Coady does not think it is ""too much"" to expect the side's players to speak about non-football issues.",0,0.935,0.065,0.1027,POSITIVE,positive
17/11/2022,"Most papers focus on Chancellor Jeremy Hunt's spending plans in the Autumn Statement, where he is expected to set out ""difficult decisions"".",0.106,0.894,0,-0.3612,NEGATIVE,negative
17/11/2022,The government has confirmed that the state pension will increase by inflation from April 2023.,0,0.859,0.141,0.3182,POSITIVE,positive
17/11/2022,"Republicans secure 218 seats to control the House, though a few races are still to be called.",0,0.862,0.138,0.34,POSITIVE,positive
17/11/2022,Chancellor Jeremy Hunt insists tax rises and spending curbs will save the UK from a deep recession.,0.14,0.7,0.16,0.1027,POSITIVE,positive
17/11/2022,"Inflation and lack of beds and staff could halt bid to cut long waits, National Audit Office says.",0.216,0.784,0,-0.5267,NEGATIVE,negative
17/11/2022,An animated video of a meteor shower shared by Mary McIntyre was banned by Twitter's automated tools.,0.155,0.722,0.124,-0.1531,NEGATIVE,negative
17/11/2022,"Motoring groups, including the AA, warned the move would reduce the incentive to switch to electric vehicles.",0.107,0.765,0.128,0.1027,POSITIVE,positive
17/11/2022,"The government has announced changes to tax rules, meaning millions of people will pay more.",0.091,0.909,0,-0.1027,NEGATIVE,negative
17/11/2022,The 82-year-old has led the party in the lower chamber of Congress for almost two decades.,0.116,0.741,0.143,0.128,POSITIVE,positive
17/11/2022,The Democrat has played a critical role in advancing - or thwarting - the agendas of presidents.,0.23,0.632,0.138,-0.1531,NEGATIVE,negative
17/11/2022,Tickets to see Taylor Swift live in concert sold so swiftly the general public never even had a chance to buy.,0.074,0.726,0.199,0.4453,POSITIVE,positive
17/11/2022,"Survivors recall being forced at gunpoint onto a migrants boat which sank, killing over 100.",0.381,0.619,0,-0.8126,NEGATIVE,negative
17/11/2022,South Korean families are asking how far the blame should extend for the deadly Halloween crush.,0.214,0.695,0.091,-0.3182,NEGATIVE,negative
17/11/2022,What the opinion polls show about the scale of the challenge now facing the government.,0,0.915,0.085,0.0772,POSITIVE,positive
17/11/2022,Senegal forward Sadio Mane is ruled out of the World Cup and has surgery on a knee injury he sustained playing for Bayern Munich.,0.109,0.82,0.07,-0.25,NEGATIVE,negative
17/11/2022,"Watch 10 goals that defined the 2010 World Cup in South Africa, including Siphiwe Tshabalala's tournament opener, Giovanni van Bronckhorst's screamer and Andres Iniesta's winner in the final.",0,0.877,0.123,0.5859,POSITIVE,positive
17/11/2022,"Female competitors at Wimbledon will be allowed to wear dark-coloured undershorts from next year to ""relieve anxiety"" of playing on their period.",0.068,0.76,0.172,0.3818,POSITIVE,positive
17/11/2022,"The best teams not to win the World Cup are ranked by Gary Lineker, Alan Shearer and Micah Richards in the latest Match of the Day Top 10 podcast.",0.088,0.741,0.171,0.4456,POSITIVE,positive
17/11/2022,The Met Office warns there could be a danger to life in parts of eastern Scotland on Friday.,0.242,0.758,0,-0.5859,NEGATIVE,negative
17/11/2022,"Gareth Swarbrick has rejected calls to quit his £185,000 job after the toddler's death.",0.375,0.625,0,-0.802,NEGATIVE,negative
17/11/2022,"In his Autumn Statement, the chancellor says his plan seeks to tackle the cost of living crisis.",0.204,0.796,0,-0.6249,NEGATIVE,negative
17/11/2022,At least 10 children have died in a building in the Jabalia refugee camp - the biggest in Gaza.,0.184,0.816,0,-0.5574,NEGATIVE,negative
17/11/2022,The chancellor says he wants the NHS to join all public services in tackling waste and inefficiency.,0.14,0.75,0.11,-0.1531,NEGATIVE,negative
17/11/2022,"At least seven are killed in a new Russian missile barrage, days after an even bigger bombardment.",0.231,0.769,0,-0.6705,NEGATIVE,negative
17/11/2022,"Those in the south and west will have the best chance of catching a glimpse, with clearer skies forecast.",0,0.721,0.279,0.7351,POSITIVE,positive
17/11/2022,Think you know your World Cup players? Well now you can prove it by taking our picture quiz every day.,0,0.9,0.1,0.2732,POSITIVE,positive
17/11/2022,"Owen Farrell has always had doubters and detractors but, as he closes in on his 100th England cap, his team-mates, past and present, are not among them.",0.06,0.94,0,-0.1655,NEGATIVE,negative
17/11/2022,"Brentford striker Ivan Toney was not selected for England's World Cup squad on ""footballing grounds"", says the Football Association chief executive Mark Bullingham.",0.59462965,0.39119858,0.014171865,0.999555171,NEGATIVE,negative
17/11/2022,"As more people turn to non-dairy alternatives, vegan 'cheese' sales are taking off around the world.",0.15155508,0.65343666,0.19500831,0.983965397,POSITIVE,positive
17/11/2022,The trial over the deaths of 298 people on board a jet shot down over Ukraine is finally ending.,0.86022764,0.13546371,0.004308654,0.723199606,NEGATIVE,negative
17/11/2022,Our correspondents analyse what impact additional funding might have in three key areas.,0.015958155,0.89518553,0.08885634,0.960286975,NEGATIVE,negative
17/11/2022,How closely have you been paying attention to what's been going on over the past seven days?,0.10549879,0.872002,0.02249924,0.971916556,NEGATIVE,negative
17/11/2022,"Max Verstappen says the reaction to his role in the Red Bull team orders controversy in Brazil has been ""unacceptable"" and ""disgusting"".",0.89330894,0.10027728,0.006413708,0.999686956,NEGATIVE,negative
17/11/2022,"The BBC speaks to people held by Russians in Kherson, as reports of atrocities emerge from the city.",0.6971547,0.29457155,0.008273779,0.647952259,NEGATIVE,negative
17/11/2022,A sit-down interview with TalkTV where the forward hit out at the club has been slammed by fans.,0.4591656,0.5244421,0.016392311,0.998032033,NEGATIVE,negative
17/11/2022,The US basketball player is being held in a remote jail 500km (310 miles) south-east of Moscow.,0.2906517,0.6955281,0.013820149,0.994840205,NEGATIVE,negative
17/11/2022,Chancellor Jeremy Hunt's statement is full of policies that will affect your finances in the coming years.,0.6431002,0.33655992,0.020339893,0.998270273,POSITIVE,positive
17/11/2022,Jeremy Hunt has delivered the Autumn Statement in the House of Commons. Here's what you need to know.,0.043001525,0.81344056,0.14355797,0.981363654,POSITIVE,positive
17/11/2022,"Industrial action is scheduled for six days in December, including Christmas Eve.",0.017340524,0.92679095,0.055868555,0.947713673,NEGATIVE,negative
17/11/2022,The media tycoon paid for flights and accommodation for the former PM to visit Montana last month.,0.28144583,0.6948666,0.023687622,0.97291404,NEGATIVE,negative
17/11/2022,"The chancellor's Autumn Statement sets the scene for the next general election, writes Nick Eardley.",0.030371409,0.92041814,0.049210515,0.993347168,POSITIVE,positive
17/11/2022,The chancellor has made a host of big announcements - what's it all about?,0.007992904,0.68014455,0.31186247,0.870679498,NEGATIVE,negative
17/11/2022,The government has extended the windfall tax on oil and gas companies.,0.1277831,0.81384623,0.058370635,0.828788102,POSITIVE,positive
17/11/2022,The chancellor claims the downturn will be shallower than it otherwise would have been.,0.051399276,0.77509296,0.17350772,0.999449074,NEGATIVE,negative
18/11/2022,More than two million people say they have symptoms of long Covid. How are they being treated?,0.64847034,0.33715534,0.014374339,0.996250808,NEGATIVE,negative
18/11/2022,"Use this form to send us your questions about food, budgeting and cooking.",0.03305237,0.9088621,0.058085598,0.976510942,NEGATIVE,negative
18/11/2022,"Frankie Corio, 12, stars alongside Normal People star Paul Mescal in the new big screen release.",0.00394755,0.89223623,0.103816174,0.997845054,POSITIVE,positive
18/11/2022,BBC correspondents on how the new economic plan will affect your household budget.,0.10436198,0.85232556,0.04331245,0.823570013,NEGATIVE,negative
18/11/2022,Both men say they have had encounters where people assume they are 'the other' Brian Cox,0.32557508,0.6452079,0.029216968,0.963375568,NEGATIVE,negative
18/11/2022,The BBC's technology editor looks at claims that Twitter may be heading for calamity.,0.6399091,0.33994672,0.020144217,0.997701705,NEGATIVE,negative
18/11/2022,"As Sweden says the gas lines were blown up deliberately, our Europe editor reports from the scene.",0.5106756,0.47826636,0.011058035,0.931247532,NEGATIVE,negative
18/11/2022,"A development company plans to erect a giant screen to show news, travel and advertisements.",0.020347793,0.8301045,0.14954776,0.848858237,POSITIVE,positive
18/11/2022,Sepa says there will be a residual impact of Friday's weather as river levels peak on Saturday.,0.06316592,0.8900566,0.04677755,0.988283277,NEGATIVE,negative
18/11/2022,Nija Charles is one of the first people ever to be nominated in a new Grammy songwriting category.,0.001446683,0.115490176,0.88306314,0.998868763,POSITIVE,positive
18/11/2022,Raneem Oudeh made repeated calls to police in the months leading up to her and her mother's deaths.,0.47379616,0.5156702,0.01053362,0.989736199,NEGATIVE,negative
18/11/2022,The graffiti artist called on shoplifters to visit a London branch of Guess in retaliation.,0.6380109,0.35493186,0.007057212,0.998411775,NEGATIVE,negative
18/11/2022,Alcohol will not be sold to fans at the World Cup's eight stadiums in Qatar after Fifa changes its policy two days before the start of the tournament.,0.119445264,0.80534106,0.07521366,0.963008344,NEGATIVE,negative
18/11/2022,Former England men's seamer Jon Lewis has been named as the new England women's head coach.,0.020266384,0.9469648,0.032768793,0.999137104,POSITIVE,positive
18/11/2022,"From a cake maker to a folk musician, here's what people in Gloucester think about the Autumn Statement.",0.04129489,0.8922781,0.06642703,0.986819029,POSITIVE,positive
18/11/2022,"The Autumn Statement was a mixed bag for people in Southend-on-Sea, where many are living on the brink.",0.8223973,0.1674169,0.010185774,0.980259299,NEGATIVE,negative
18/11/2022,The minimum wage for over-23s is going up 9.7% in April of next year.,0.013220903,0.8419192,0.14485991,0.871893108,NEGATIVE,negative
18/11/2022,"Why are UK pump prices at record highs, and when might they fall?",0.49593914,0.47787368,0.02618726,0.999466956,NEGATIVE,negative
18/11/2022,Watch highlights as England captain Tom Halliwell scores a late try to lead his side to a famous Wheelchair Rugby League World Cup final victory over France.,0.003634264,0.5172874,0.47907838,0.999199688,POSITIVE,positive
18/11/2022,Labour says it will use the same analysis of the public finances as the Conservatives to set future policy.,0.06441641,0.86863714,0.06694634,0.99046725,NEGATIVE,negative
18/11/2022,"The team were concerned about finding charging points, but a little-known law was to be their undoing.",0.47185847,0.50688267,0.021258904,0.997979701,NEGATIVE,negative
18/11/2022,It is the first drug to be approved that delays the onset of the condition.,0,0.833,0.167,0.4215,POSITIVE,positive
18/11/2022,Captain Tom Halliwell scores a late try to secure Wheelchair Rugby League World Cup success for England.,0,0.697,0.303,0.7269,POSITIVE,positive
18/11/2022,Young men in Lebanon are joining the Islamic State group in a desperate bid to escape poverty.,0.276,0.64,0.084,-0.5994,NEGATIVE,negative
18/11/2022,"Who will win, who might spring a surprise and how will England and Wales do? BBC pundits predict what will happen at the 2022 World Cup.",0,0.796,0.204,0.7096,POSITIVE,positive
18/11/2022,Saturday's front pages cover the last-minute decision to stop alcohol being sold at World Cup stadiums.,0.128,0.872,0,-0.296,NEGATIVE,negative
18/11/2022,Messaging apps have become a popular way to reach people who are struggling with the cost of food.,0.135,0.676,0.188,0.0258,POSITIVE,positive
18/11/2022,"The US pop star says she had been told Ticketmaster could handle demand, despite the chaos this week.",0.073,0.781,0.146,0.3607,POSITIVE,positive
18/11/2022,"Jason Manford, Mel Giedroyc, Alex Scott, Ade Adepitan and Chris Ramsey will host the charity show.",0,0.843,0.157,0.4215,POSITIVE,positive
18/11/2022,"Patients with kidney disease are struggling to keep warm and pay for their dialysis, a charity says.",0.201,0.574,0.225,0.128,POSITIVE,positive
18/11/2022,"The charity show's hosts are Jason Manford, Mel Giedroyc, Alex Scott, Ade Adepitan and Chris Ramsey.",0,0.843,0.157,0.4215,POSITIVE,positive
18/11/2022,James Cleverly will reaffirm the UK's commitment to stopping Iran from producing nuclear weapons.,0.221,0.49,0.289,0.34,POSITIVE,positive
18/11/2022,"Pupils were ""sanctioned"" for the ""totally unacceptable"" behaviour, Eton College says.",0.248,0.752,0,-0.5095,NEGATIVE,negative
18/11/2022,"The PM says the case of Olivia Pratt-Korbel ""brought home"" to him the importance of street safety.",0,0.739,0.261,0.6486,POSITIVE,positive
18/11/2022,Video has emerged that Russia says shows the killing of their surrendering troops in eastern Ukraine.,0.227,0.773,0,-0.6597,NEGATIVE,negative
18/11/2022,Artur and Denys bring dignity to victims of the war - both friend and foe.,0.379,0.375,0.246,-0.4939,NEGATIVE,negative
18/11/2022,The 18-year-old Coronation Street actress will play Ruby Sunday in the long-running sci-fi drama.,0,0.844,0.156,0.34,POSITIVE,positive
18/11/2022,"Friday's front pages react to Chancellor Jeremy Hunt's Autumn Statement, as forecasters predict the biggest drop in living standards.",0.104,0.896,0,-0.2732,NEGATIVE,negative
18/11/2022,Rasoul says his young family was forced at gunpoint on to an overcrowded boat across the Channel.,0.158,0.842,0,-0.4588,NEGATIVE,negative
18/11/2022,Tickets to see Taylor Swift live in concert sold so swiftly the general public never even had a chance to buy.,0.074,0.726,0.199,0.4453,POSITIVE,positive
18/11/2022,Qatar has been criticised for its same-sex relationships ban and its treatment of migrant workers.,0.33,0.67,0,-0.7506,NEGATIVE,negative
18/11/2022,"Cost, travel, rooms - what can supporters expect from the first World Cup in the Middle East?",0,0.838,0.162,0.4404,POSITIVE,positive
18/11/2022,The World Cup in Qatar starts on Sunday in what promises to be a unique tournament. So what makes it so different?,0,0.885,0.115,0.3818,POSITIVE,positive
18/11/2022,Rwanda's Salima Mukansanga hopes being selected for the men's World Cup will help other officials.,0,0.703,0.297,0.6705,POSITIVE,positive
18/11/2022,Video has emerged that Russia says shows the killing of their troops in eastern Ukraine.,0.239,0.761,0,-0.6597,NEGATIVE,negative
18/11/2022,Local authorities warn a council tax rise would be hard on households and not plug a funding gap.,0.167,0.833,0,-0.2023,NEGATIVE,negative
18/11/2022,Seven-time champion Ronnie O'Sullivan is out of the UK Championship after a shock quarter-final whitewash defeat by Ding Junhui.,0.211,0.491,0.298,0.3182,POSITIVE,positive
18/11/2022,"Gary Lineker says he is in Qatar to ""report, not support"" the World Cup and will discuss the issues surrounding the ""tainted"" tournament on air.",0.086,0.914,0,-0.3089,NEGATIVE,negative
18/11/2022,Jeremy Hunt draws economic dividing lines with Labour but there is plenty they agree on too.,0,0.822,0.178,0.5023,POSITIVE,positive
18/11/2022,Jordan McSweeney had followed a number of women on the night he attacked the law graduate.,0.173,0.751,0.075,-0.4019,NEGATIVE,negative
18/11/2022,The wife of a Chinese lawyer detained as a dissident describes her heart-rending decision to flee to the US.,0.144,0.856,0,-0.4019,NEGATIVE,negative
18/11/2022,"BBC Newsbeat hears from an LGBT football fan, who has fled from a neighbouring Middle Eastern country.",0,0.867,0.133,0.3182,POSITIVE,positive
19/11/2022,Tears and high emotions greeted Brian Glendinning at Edinburgh Airport after two months in custody.,0.112,0.765,0.124,0.0516,POSITIVE,positive
19/11/2022,"As Joe Biden's granddaughter gets married at America's most famous address, who else tied the knot there?",0.035367142,0.7071445,0.2574883,0.99248898,NEGATIVE,negative
19/11/2022,"The man was taken to hospital on Friday after becoming unwell, says the Home Office.",0.5431308,0.4392413,0.017627858,0.994314969,NEGATIVE,negative
19/11/2022,A senior official tells the BBC the Artemis missions will lead to astronauts living on the Moon.,0.0169559,0.85887027,0.124173775,0.994676709,POSITIVE,positive
19/11/2022,The BBC's health and science correspondent undergoes an experiment to find out how a cold home affects him.,0.1958191,0.76811165,0.036069248,0.979315042,NEGATIVE,negative
19/11/2022,Georgia believe victories over Italy and now Wales in Cardiff should pave the way for entry to the Six Nations.,0.00306403,0.19876067,0.7981753,0.826758862,POSITIVE,positive
19/11/2022,Georgia produce the finest day of their history with a shock win over woeful Wales in Cardiff.,0.247,0.583,0.17,-0.1779,NEGATIVE,negative
19/11/2022,"As energy bills rise and temperatures fall, there are extra payments available.",0,0.84,0.16,0.2732,POSITIVE,positive
19/11/2022,Barbara Kennedy is one of thousands of private renters in Northern Ireland struggling with rising costs.,0.157,0.843,0,-0.4215,NEGATIVE,negative
19/11/2022,Police say four men have also been arrested after searches in east Belfast on Friday night.,0.171,0.829,0,-0.4767,NEGATIVE,negative
19/11/2022,"How a 15-year-old schoolboy exposed a much-repeated ""fact"" as a Wikipedia hoax.",0.327,0.673,0,-0.34,NEGATIVE,negative
19/11/2022,"West Yorkshire Police's busy team of call handlers deal with 1,300 emergency calls every day.",0.157,0.843,0,-0.3818,NEGATIVE,negative
19/11/2022,Saturday's front pages cover the last-minute decision to stop alcohol being sold at World Cup stadiums.,0.128,0.872,0,-0.296,NEGATIVE,negative
19/11/2022,"Although their city is no longer occupied, Ukrainians like Lubov are still having to hide from shelling.",0.191,0.686,0.123,-0.1027,NEGATIVE,negative
19/11/2022,Instagram star Sophie Butler speaks about her gym accident and how she ended up on the catwalk.,0.162,0.838,0,-0.4767,NEGATIVE,negative
19/11/2022,Memorable acts from the song contest's history perform at a special concert in The Netherlands.,0,0.828,0.172,0.4019,POSITIVE,positive
19/11/2022,"Do ministers believe pain for people and public services is the price of stability, asks Laura Kuenssberg.",0.171,0.829,0,-0.5106,NEGATIVE,negative
19/11/2022,The UK prime minister has travelled to Ukraine for the first time since taking office.,0.026363572,0.89526874,0.07836768,0.99644357,POSITIVE,positive
19/11/2022,The footage shows the anonymous British artist working around Kyiv - but never reveals his face.,0.1547598,0.81871766,0.026522567,0.991363525,NEGATIVE,negative
19/11/2022,"Raneem Oudeh and Khaola Saleem were ""possibly not taken seriously"", says a former police watchdog.",0.6898419,0.3019266,0.008231568,0.994240403,NEGATIVE,negative
19/11/2022,Ross Byrne's 77th-minute penalty earns Ireland a 13-10 victory over Australia in a turgid Autumn Test in Dublin.,0.167,0.833,0,-0.4588,NEGATIVE,negative
19/11/2022,"Fifa president Gianni Infantino accuses the West of ""hypocrisy"" in its reporting about Qatar's human rights record on the eve of the World Cup.",0.094,0.906,0,-0.34,NEGATIVE,negative
19/11/2022,"England head coach Eddie Jones praised his ""finishers"" after a stunning late comeback secured a 25-25 draw with New Zealand.",0,0.638,0.362,0.8176,POSITIVE,positive
19/11/2022,Watch highlights as Australia win a third World Cup in a row with a hard-fought 30-10 victory over Samoa at Old Trafford.,0,0.826,0.174,0.5859,POSITIVE,positive
19/11/2022,How much weight should we put on predictions from the Office for Budget Responsibility and other experts?,0.13771513,0.8319452,0.030339658,0.999557674,NEGATIVE,negative
19/11/2022,"""I'm actually worried,"" says one person in Qatar. ""We haven't had anything like this before.""",0.131,0.869,0,-0.2755,NEGATIVE,negative
19/11/2022,"Holmes, 38, who is pregnant, tearfully told the court she felt ""deep pain"" for victims of the start-up.",0.259,0.741,0,-0.6808,NEGATIVE,negative
19/11/2022,Gareth Swarbrick is removed from his post after the death of a two-year-old boy due to flat mould.,0.196,0.804,0,-0.5994,NEGATIVE,negative
19/11/2022,"BBC Sport relives 10 defining goals from the 2018 World Cup - featuring stunning strikes from Lionel Messi, Kylian Mbappe and Cristiano Ronaldo.",0.1,0.797,0.104,0.0258,POSITIVE,positive
19/11/2022,Clashes over cash for poor countries are dominating as talks at COP27 run into the weekend.,0.275,0.725,0,-0.6486,NEGATIVE,negative
19/11/2022,An error-strewn game ended by an incredible turnaround ensures the WSL grabbs football's attention - and puts Manchester United in a four-way title race,0,0.882,0.118,0.4215,POSITIVE,positive
19/11/2022,Crowds gather on a bridge to welcome the train as families reunite after months apart.,0,0.812,0.188,0.4588,POSITIVE,positive
19/11/2022,"Mal Meninga says it is ""only the beginning"" for his Australia side after they won their third successive World Cup title with a 30-10 victory over Samoa at Old Trafford.",0,0.823,0.177,0.7003,POSITIVE,positive
19/11/2022,France striker Karim Benzema is out of the 2022 World Cup in Qatar after he sustained a thigh injury in training.,0.128,0.872,0,-0.4215,NEGATIVE,negative
20/11/2022,"US President Joe Biden says Americans ""cannot and must not tolerate hate"" as local people grieve.",0.133,0.714,0.153,0.1022,POSITIVE,positive
20/11/2022,"The messages include Jimmy Savile jokes, a video of a woman stripping, and leaked nude images.",0.141,0.736,0.123,-0.0772,NEGATIVE,negative
20/11/2022,"After the recent bombing in Istanbul, Turkish retaliatory air strikes on Kurdish targets have left a population on edge.",0.128,0.872,0,-0.3612,NEGATIVE,negative
20/11/2022,"England fans saw reasons to be cheerful and fearful in the dramatic draw with New Zealand, writes World Cup winner Matt Dawson.",0.108,0.644,0.247,0.6249,POSITIVE,positive
20/11/2022,Mark Allen produces a sensational recovery as he fights back from 6-1 down to beat Ding Junhui 10-7 for his first UK Championship title.,0.102,0.789,0.109,0.0516,POSITIVE,positive
20/11/2022,The comedian appears to destroy wads of banknotes in an industrial shredder in a clip posted on Twitter.,0.166,0.711,0.123,-0.2263,NEGATIVE,negative
20/11/2022,Artist Annie Nicholson's work has centred around grief since she lost family members in a tragic accident.,0.492,0.508,0,-0.891,NEGATIVE,negative
20/11/2022,"Michelle told no-one she was pregnant. So when she gave birth by the roadside, she did something she came to regret.",0.123,0.877,0,-0.4215,NEGATIVE,negative
20/11/2022,Watch highlights as Qatar become the first host nation to lose their opening game as Ecuador captain Enner Valencia scores twice.,0.119,0.881,0,-0.4019,NEGATIVE,negative
20/11/2022,"Protect Duty, or Martyn's Law, was introduced in the wake of the Manchester Arena bombing.",0,0.843,0.157,0.3818,POSITIVE,positive
20/11/2022,A 31-year-old man is being questioned following the deaths of the young girls in Nottingham.,0.097,0.903,0,-0.1027,NEGATIVE,negative
20/11/2022,Qatar were beaten by Ecuador as the dreams of the host nation turned into a nightmare at Al Bayt Stadium.,0.124,0.756,0.12,-0.0258,NEGATIVE,negative
20/11/2022,Jang Jung Hyuck used kickboxing to cope with the trauma of escaping North Korea.,0.175,0.75,0.075,-0.3818,NEGATIVE,negative
20/11/2022,The final countdown to England's World Cup kick off is causing much excitement on Monday's front pages.,0,0.833,0.167,0.4939,POSITIVE,positive
20/11/2022,"Rich nations will pay climate damages, but the final deal does not cut fossil fuels further.",0.16,0.61,0.23,0.3337,POSITIVE,positive
20/11/2022,Former world number one Novak Djokovic beats Casper Ruud to win a record-equalling sixth ATP Finals.,0,0.718,0.282,0.6249,POSITIVE,positive
20/11/2022,There are signs that a breakthrough on a potentially historic deal at a summit in Egypt is within reach.,0,0.932,0.068,0.0258,POSITIVE,positive
20/11/2022,"After 12 years of questions, criticisms and conjecture, the Fifa World Cup in Qatar will finally get under way on Sunday.",0.087,0.913,0,-0.2263,NEGATIVE,negative
20/11/2022,"With England set to open their World Cup campaign against Iran on Monday, BBC Sport's Phil McNulty takes a closer look at what is at stake.",0.038449053,0.9183166,0.043234378,0.993225276,POSITIVE,positive
20/11/2022,Gareth Southgate says his England players will take the knee before Monday's World Cup opener against Iran.,0.068725444,0.8999819,0.031292688,0.984424591,NEGATIVE,negative
20/11/2022,Iran captain Ehsan Hajsafi speaks out against the situation in his home country before his nation's opening game against England at the World Cup.,0.36398825,0.6160962,0.019915529,0.978557885,POSITIVE,positive
20/11/2022,Plenty of stories on Sunday's front pages look forward to the World Cup finally kicking off in Qatar.,0.001119877,0.05628541,0.94259465,0.998108983,POSITIVE,positive
20/11/2022,How Qataris feel about their country becoming the first in the Arab world to host a World Cup.,0.04703954,0.91148275,0.041477736,0.998571157,POSITIVE,positive
20/11/2022,Former Wales defender and BBC pundit Danny Gabbidon on how Rob Page's side can start their first World Cup for 64 years by beating the United States.,0.195,0.68,0.124,-0.5267,NEGATIVE,negative
20/11/2022,The biggest win on climate since the Paris Agreement in 2015... or the biggest loss?,0.108,0.563,0.329,0.6908,POSITIVE,positive
20/11/2022,"While Three Lions still gets played every tournament, the days of squad singles are long gone.",0,0.862,0.138,0.34,POSITIVE,positive
20/11/2022,"With Qatar's human rights abuses in the spotlight, will LGBTQ+ people be watching the tournament?",0.205,0.795,0,-0.5574,NEGATIVE,negative
20/11/2022,Bosses have to decide whether to get behind the controversial World Cup.,0.141,0.859,0,-0.2023,NEGATIVE,negative
20/11/2022,"BBC Sport's Nesta McGregor spends the night at the Qetaifan Island Fan Village just north of Doha, where football fans are arriving for the 2022 World Cup in Qatar.",0,0.924,0.076,0.3182,POSITIVE,positive
20/11/2022,"With a historic agreement signed off at COP27, have nations kept their promises from the last UN climate summit?",0,0.734,0.266,0.7003,POSITIVE,positive
20/11/2022,"In a landmark deal, richer nations agree to give money to developing nations facing climate change.",0,0.625,0.375,0.7351,POSITIVE,positive
20/11/2022,"Gareth Southgate says he wants to take England fans on a happy journey while Wales captain Gareth Bale relishes a ""massive piece"" of Wales' football history.",0,0.861,0.139,0.5719,POSITIVE,positive
21/11/2022,Rescuers have been working through the night to save people still trapped under collapsed buildings.,0.266,0.58,0.155,-0.3182,NEGATIVE,negative
21/11/2022,Bukayo Saka scores twice as England cruise to a comfortable win against Iran in their Qatar 2022 opener.,0,0.679,0.321,0.7964,POSITIVE,positive
21/11/2022,Two of Twitter's most important civil rights partners criticise reinstatement of Trump and West accounts,0.161,0.723,0.116,-0.204,NEGATIVE,negative
21/11/2022,Gareth Bale rescues Wales as the captain's late penalty salvages a draw against the United States in his country's first World Cup game for 64 years.,0.1,0.731,0.169,0.2732,POSITIVE,positive
21/11/2022,"Sir Keir Starmer will promise a ""pragmatic"" immigration policy in a speech to business leaders.",0,0.839,0.161,0.3182,POSITIVE,positive
21/11/2022,"Hengameh Ghaziani and Katayoun Riahi are held for siding with anti-government protests, reports say.",0.128,0.872,0,-0.2263,NEGATIVE,negative
21/11/2022,"Laura McAllister, the FAW's tournament ambassador, says she had to smuggle in LGBTQ supporting hat.",0.141,0.703,0.157,0.0772,POSITIVE,positive
21/11/2022,"Officials say the fire truck was doing drills when it was hit by the jet, killing two firefighters.",0.298,0.702,0,-0.7783,NEGATIVE,negative
21/11/2022,"Director of rugby Rassie Erasmus' behaviour makes South Africa ""so easy to dislike"", says Springboks great John Smit.",0,0.671,0.329,0.8334,POSITIVE,positive
21/11/2022,Watch all of England's goals and the best player and pundit reaction from their thumping 6-2 win over Iran in the first World Cup in Qatar.,0,0.75,0.25,0.8402,POSITIVE,positive
21/11/2022,Watch highlights as the Netherlands leave it late to secure a 2-0 victory against Senegal in their first appearance at a World Cup since 2014 with goals from youngster Cody Gakpo and Davy Klaassen.,0.036,0.893,0.071,0.296,POSITIVE,positive
21/11/2022,Defender Neco Williams reveals he played in Wales' opening World Cup game after being told his grandfather had died.,0.154,0.684,0.162,-0.2023,NEGATIVE,negative
21/11/2022,Iran decline to sing their national anthem before their World Cup match with England in apparent expression of support of anti-government protests in their homeland.,0.069,0.833,0.098,0.2023,POSITIVE,positive
21/11/2022,"A nurse is facing eviction with her family, and they can't find a new home within budget.",0.176,0.824,0,-0.4588,NEGATIVE,negative
21/11/2022,The US comedian spent 10 days receiving treatment after being burned in a fire at his garage.,0.126,0.737,0.137,0.0516,POSITIVE,positive
21/11/2022,Late goals give the Netherlands an important victory in their World Cup opener against Senegal in Group A.,0,0.904,0.096,0.2023,POSITIVE,positive
21/11/2022,Fabulous footballer. Unbelievable player. Lampard and Gerrard rolled into one. Jude Bellingham's World Cup debut has many reaching for the superlatives.,0,0.72,0.28,0.7184,POSITIVE,positive
21/11/2022,Taking the knee has spread across the sporting world as a statement against racism.,0.255,0.745,0,-0.6249,NEGATIVE,negative
21/11/2022,"More than 70,000 university staff will take part in the strikes, says the union, the UCU.",0.143,0.857,0,-0.3612,NEGATIVE,negative
21/11/2022,BBC Sport provides a day-by-day guide to who is playing when and where you can watch the match in the 2022 World Cup in Qatar.,0,0.927,0.073,0.2023,POSITIVE,positive
21/11/2022,Not a football fan? Here's what you need to know about the biggest competition on the planet.,0.116,0.884,0,-0.2411,NEGATIVE,negative
21/11/2022,Watch the moment Gareth Bale scores Wales' first World Cup goal in 64 years to earn a draw against the United States.,0,0.877,0.123,0.4215,POSITIVE,positive
21/11/2022,"After a painful 64-year absence from World Cups, Wales are set to make an emotional return when they face the United States on Monday.",0.106,0.733,0.161,0.128,POSITIVE,positive
21/11/2022,"England, Wales and other European nations will not wear the OneLove armband at the World Cup in Qatar because of the threat of players getting yellow cards.",0.116,0.884,0,-0.5267,NEGATIVE,negative
21/11/2022,"Gareth Bale says he had ""no doubts"" about taking the penalty which brought Wales' first World Cup goal since 1958 to seal a 1-1 draw with the USA.",0.236,0.764,0,-0.7506,NEGATIVE,negative
21/11/2022,Some fans struggled to load their QR code tickets before England's opening match against Iran.,0.146,0.854,0,-0.34,NEGATIVE,negative
21/11/2022,BBC Sport's chief football writer Phil McNulty reflects on an almost perfect afternoon for England in their World Cup opener.,0,0.848,0.152,0.5279,POSITIVE,positive
21/11/2022,"Millions are at risk as winter sets in as many are without power, a WHO official warns.",0.2,0.8,0,-0.3612,NEGATIVE,negative
21/11/2022,Fallon Sherrock is awarded a place at the PDC World Darts Championship after missing out on a qualification spot last month.,0.092,0.672,0.235,0.5267,POSITIVE,positive
21/11/2022,All UK households are getting £400 off their winter energy bill and many on low incomes get extra help.,0.092,0.699,0.21,0.4019,POSITIVE,positive
21/11/2022,Christie's auction house says the seller has decided to loan it to a museum instead.,0.072705775,0.88469845,0.0425958,0.998898506,NEGATIVE,negative
21/11/2022,"As Cape Town hosts Africa's first ever conference on clubfoot, the BBC witnesses a pioneering treatment in Senegal.",0.007978632,0.71584696,0.27617446,0.997056127,POSITIVE,positive
21/11/2022,Kherson starts its long healing process - though Russian forces are only a few miles away.,0.07793175,0.793412,0.12865625,0.989969909,POSITIVE,positive
21/11/2022,"Mention of a ""two-tier"" service appears in draft minutes of a meeting of NHS Scotland chief executives.",0.04817801,0.9048404,0.046981666,0.996899962,NEGATIVE,negative
21/11/2022,"Artan tells the BBC he spent thousands crossing the English Channel, only to be deported back to Albania.",0.74314976,0.24839611,0.008454145,0.981146336,NEGATIVE,negative
22/11/2022,Watch the scenes as Gareth Bale sends Wales fans wild with their first World Cup goal in 64 years which earns a draw against the United States.,0,0.899,0.101,0.4215,POSITIVE,positive
22/11/2022,"Covid-19 is flaring up in China, despite it having some of the toughest lockdown rules in the world.",0.071,0.929,0,-0.0772,NEGATIVE,negative
22/11/2022,"Salem Al Dawsari produces ""a moment of magic"" to score the winner as Saudi Arabia stun Argentina 2-1 at the World Cup.",0,0.847,0.153,0.5859,POSITIVE,positive
22/11/2022,"Cristiano Ronaldo's situation at Manchester United was ""like a ticking timebomb"", says former United and England captain Rio Ferdinand.",0,0.649,0.351,0.7964,POSITIVE,positive
22/11/2022,The regulator says its review has found serious problems among firms but suppliers have hit back.,0.176,0.824,0,-0.25,NEGATIVE,negative
22/11/2022,Olivier Giroud arrived in Qatar as an understudy among France's ensemble cast but took on a lead role in the 4-2 win over Australia.,0,0.809,0.191,0.7351,POSITIVE,positive
22/11/2022,It is aimed at avoiding the cost of hospital care for patients whose conditions are worsened by the cold.,0.216,0.653,0.131,-0.2732,NEGATIVE,negative
22/11/2022,"The best World Cup-winning teams are ranked by Gary Lineker, Alan Shearer and Micah Richards in the latest Match of the Day Top 10 podcast.",0,0.793,0.207,0.7184,POSITIVE,positive
22/11/2022,England's World Cup win over Iran and a speech on migration by the Labour leader lead the papers.,0,0.808,0.192,0.5859,POSITIVE,positive
22/11/2022,Former England captain Alan Shearer says he hopes the Three Lions stick to the attacking approach shown against Iran when they face USA and Wales.,0.104,0.799,0.097,-0.0516,NEGATIVE,negative
22/11/2022,"Argentina's shock World Cup defeat by Saudi Arabia is ""seismic"" and ""historic"", but what does it mean for both nations?",0.174,0.826,0,-0.4215,NEGATIVE,negative
22/11/2022,Watch highlights as Kylian Mbappe and Olivier Giroud star in a thrilling 4-1 victory for France against Australia in their opening Group D match at the World Cup.,0,0.89,0.11,0.4767,POSITIVE,positive
22/11/2022,Olivier Giroud equals Thierry Henry's all-time scoring record for France as the holders start the defence of their World Cup crown with an emphatic win over Australia.,0,0.828,0.172,0.6369,POSITIVE,positive
22/11/2022,"Robert Lewandowski was hurting after the 2018 World Cup, and still is as his wait for a goal continues.",0.137,0.863,0,-0.4019,NEGATIVE,negative
22/11/2022,Robert Lewandowski has a penalty saved as Poland and Mexico play out a goalless World Cup draw at a fervent Stadium 974.,0.119,0.593,0.289,0.5106,POSITIVE,positive
22/11/2022,BBC Sport provides a day-by-day guide to who is playing when and where you can watch the match in the 2022 World Cup in Qatar.,0,0.927,0.073,0.2023,POSITIVE,positive
22/11/2022,Portugal forward Cristiano Ronaldo is to leave Manchester United with immediate effect.,0.086,0.714,0.2,0.3818,POSITIVE,positive
22/11/2022,"At least 268 people, many of them children, are reported dead on Java island, with many still missing.",0.289,0.711,0,-0.7579,NEGATIVE,negative
22/11/2022,"Kyiv authorities say they want to stop Russia using the site for sabotage, intelligence or weapons.",0.356,0.46,0.184,-0.6249,NEGATIVE,negative
22/11/2022,More national rail strikes have been announced by the RMT union.,0.217,0.783,0,-0.4144,NEGATIVE,negative
22/11/2022,The presenter has gone viral on TikTok talking about his experience following a high-speed car crash in 2006.,0.144,0.856,0,-0.4019,NEGATIVE,negative
22/11/2022,"The 12-year-old boy who inspired the England player's dance move says ""it's the best thing ever"".",0,0.654,0.346,0.8126,POSITIVE,positive
22/11/2022,The arts festival says 18m people across the UK have enjoyed Unboxed's programme of events.,0,0.667,0.333,0.7579,POSITIVE,positive
22/11/2022,"Language lovers can choose between metaverse, #IStandWith and the phrase goblin mode.",0,0.764,0.236,0.5267,POSITIVE,positive
22/11/2022,The movie tells the story of the investigation that led to the downfall of one of Hollywood's most powerful figures.,0,0.86,0.14,0.4754,POSITIVE,positive
22/11/2022,Some Canadians are concerned the country's aggressive immigration targets are too high.,0.127,0.873,0,-0.1531,NEGATIVE,negative
22/11/2022,The RMT says a series of strikes will take place across four 48-hour periods in December and January.,0.135,0.865,0,-0.3612,NEGATIVE,negative
22/11/2022,In a developing country like Rwanda building a market for electric cars has proved challenging.,0,0.728,0.272,0.4767,POSITIVE,positive
22/11/2022,South Africa's Cyril Ramaphosa is welcomed to London as Charles III hosts his first state visit as King.,0,0.876,0.124,0.34,POSITIVE,positive
22/11/2022,A mother says it is the greatest feeling in the world that her son has reached his first birthday.,0,0.679,0.321,0.7269,POSITIVE,positive
22/11/2022,"FTX's collapse was described in court as ""one of most abrupt and difficult"" in corporate America.",0.299,0.701,0,-0.7152,NEGATIVE,negative
22/11/2022,Some 47 Conservative MPs sign an amendment to the Levelling Up Bill which would abolish mandatory targets.,0,0.925,0.075,0.0772,POSITIVE,positive
22/11/2022,"Police are given extra time to question a 31-year-old man, held on suspicion of murder.",0.378,0.622,0,-0.8074,NEGATIVE,negative
22/11/2022,England skipper Harry Kane is set to have a scan on his right ankle before Friday's World Cup game with the United States.,0,0.882,0.118,0.4215,POSITIVE,positive
22/11/2022,We go inside the Saudi Arabia dressing room as their players celebrate the shock 2-1 victory against Argentina at the Fifa World Cup.,0.095,0.769,0.136,0.2732,POSITIVE,positive
22/11/2022,Young people are repairing their broken things to help their finances - but it also helps the planet.,0.096,0.657,0.246,0.4939,POSITIVE,positive
22/11/2022,Watch the best of France's Kylian Mbappe's stunning performance during their 4-1 victory against Australia in at World Cup 2022.,0,0.726,0.274,0.7783,POSITIVE,positive
22/11/2022,It is exactly five years since Zimbabwe's ex-president left power but life is now worse for many.,0.206,0.794,0,-0.631,NEGATIVE,negative
22/11/2022,Former Wales captain Ashley Williams explains why striker Kieffer Moore is underrated in every way after his impact from the bench in the USA draw.,0.58196354,0.39384663,0.024189802,0.790918887,POSITIVE,positive
22/11/2022,"Gareth Southgate says he is ""worried"" that England were used as an example of a foul at a corner in Fifa's pre-tournament briefing for referees.",0.67086583,0.31435505,0.014779077,0.998075724,NEGATIVE,negative
22/11/2022,The government has extended the windfall tax on oil and gas companies.,0.1277831,0.81384623,0.058370635,0.828788102,POSITIVE,positive
22/11/2022,"An average audience of 9.4 million watched the Wales match, while 7.4 million watched England.",0.04030592,0.8540831,0.10561095,0.969071209,POSITIVE,positive
22/11/2022,"Belgium will not wear their white away shirts with the word ""love"" on the collar in the group stage of the World Cup following a discussion with Fifa.",0.30299783,0.62919194,0.06781024,0.906282783,NEGATIVE,negative
22/11/2022,"Only one in seven Black Friday deals offered a genuine discount last year, says consumer group Which?",0.1108918,0.71301275,0.1760954,0.998590171,NEGATIVE,negative
22/11/2022,Activists Louis McKechnie and Emily Brocklebank glued themselves to Peach Trees In Blossom.,0.033682223,0.8522668,0.11405096,0.996938109,POSITIVE,positive
22/11/2022,Congressional Democrats have been chasing access to Mr Trump's financial records for three years.,0.46640405,0.5198373,0.013758637,0.941675901,NEGATIVE,negative
22/11/2022,"The fate of photographer John Cantlie, kidnapped by the jihadist group in 2012, remains unknown.",0.543092,0.45126903,0.005638978,0.99770689,NEGATIVE,negative
22/11/2022,Most people wanting to come to the UK to work need to apply via a points-based system.,0.06425434,0.8515941,0.08415158,0.993458569,NEGATIVE,negative
22/11/2022,The BBC speaks to asylum seekers and residents in the seaside resort embroiled in the migrant row.,0.2909165,0.65984374,0.04923978,0.968189776,POSITIVE,positive
22/11/2022,"The five matches at the World Cup so far have had much more stoppage time added on at the end of games than usual, but why?",0.43598205,0.5237566,0.04026133,0.994096518,NEGATIVE,negative
22/11/2022,"Manchester United's American owners the Glazer family say they are considering selling the club as they ""explore strategic alternatives"".",0.21402588,0.7618514,0.024122862,0.952918768,NEGATIVE,negative
23/11/2022,Germany players cover their mouths for the team photograph before their World Cup opener against Japan amid the row with Fifa over the OneLove armband.,0.28413275,0.6750464,0.040820837,0.989510417,NEGATIVE,negative
23/11/2022,Leicestershire's Rehan Ahmed will become England's youngest Test player if he makes his debut in the first Test in Pakistan in December.,0.00205778,0.7913186,0.20662361,0.999449074,POSITIVE,positive
23/11/2022,Englishman John Herdman says he will have imposter syndrome when he takes charge of Canada at the World Cup in Qatar.,0.62137705,0.36021844,0.018404508,0.990045965,NEGATIVE,negative
23/11/2022,The former football star is currently presenting the broadcaster's World Cup coverage from Qatar.,0.011345166,0.90554005,0.083114736,0.994733691,POSITIVE,positive
23/11/2022,"As a legacy bill is debated, Mary Kiely speaks publicly about her brother's shooting for the first time.",0.20616928,0.7721662,0.021664519,0.99789834,POSITIVE,positive
23/11/2022,Police in Germany say they are examining links between the theft and past heists from the country's museums.,0.33099237,0.6498625,0.019145127,0.970581174,NEGATIVE,negative
23/11/2022,A British man is one of 17 new recruits to Europe's space agency's astronaut training programme,0.007387688,0.9002244,0.09238792,0.997541785,POSITIVE,positive
23/11/2022,The foreign secretary tells the BBC he wants to focus on the future and not the past.,0.17121792,0.72647,0.10231208,0.607941985,NEGATIVE,negative
23/11/2022,Several insiders tell BBC Two's Newsnight inexperienced and low-paid staff are handling applications.,0.35806498,0.60833704,0.03359795,0.997294724,NEGATIVE,negative
23/11/2022,"Nadia Nadim reveals her mother died suddenly, after the Denmark forward had to leave an ITV broadcast early.",0.231,0.769,0,-0.5859,NEGATIVE,negative
23/11/2022,"The England star tells Finlay he did a ""little celebration just for you"" after his goal.",0.005714735,0.34887362,0.6454117,0.999246001,POSITIVE,positive
23/11/2022,"One of the world's biggest football clubs is up for sale, but who are the runners and riders to buy it?",0.08414617,0.69653636,0.21931751,0.990610301,NEGATIVE,negative
23/11/2022,"Croatia, runners-up four years ago, start their World Cup campaign with a goalless draw against a well-drilled Morocco at Al Bayt Stadium.",0.014636834,0.75623536,0.22912787,0.998436868,POSITIVE,positive
23/11/2022,Pace bowler Jofra Archer bowls nine overs for England Lions on his long-awaited return from elbow and back injuries.,0.03627196,0.9221927,0.041535374,0.927840948,POSITIVE,positive
23/11/2022,"""This is about religion, culture, the norms of the region and respect, versus LGBT advocates and activists vocal on human rights"", writes BBC's Shaimaa Khalil.",0,0.886,0.114,0.4767,POSITIVE,positive
23/11/2022,"Whatever England can do, Spain can do better… but does thrashing hapless opposition in your opening game make you World Cup contenders?",0.129,0.871,0,-0.4767,NEGATIVE,negative
23/11/2022,The newborn baby's grandmother speaks of her death in an attack on a maternity hospital in Ukraine.,0.333,0.667,0,-0.7906,NEGATIVE,negative
23/11/2022,The latest barrage of Russian missiles kills six in Ukraine and impacts neighbouring Moldova too.,0.2,0.8,0,-0.5423,NEGATIVE,negative
23/11/2022,The judges made clear Holyrood cannot legislate for an independence referendum without Westminster's agreement.,0.153,0.697,0.151,-0.0072,NEGATIVE,negative
23/11/2022,The Supreme Court rules that an independence referendum cannot be held without UK government's consent.,0.091,0.712,0.197,0.4468,POSITIVE,positive
23/11/2022,"With too much inventory and a possible squeeze on demand, retailers may offer deeper price cuts in December.",0.198,0.802,0,-0.4019,NEGATIVE,negative
23/11/2022,Rail strikes over the festive period and the row over World Cup host Qatar's approach to LGBT causes lead the papers.,0.102,0.776,0.122,0.128,POSITIVE,positive
23/11/2022,The home secretary told MPs ultimate blame lay with people smugglers.,0.348,0.652,0,-0.5859,NEGATIVE,negative
23/11/2022,"The Booker-nominated novel, which developed a huge young fanbase, is coming to London's West End.",0,0.723,0.277,0.5574,POSITIVE,positive
23/11/2022,"People need to cut consumption to reduce the UK's reliance on Russia, the chancellor says.",0.13,0.87,0,-0.2732,NEGATIVE,negative
23/11/2022,"Brazil captain Thiago Silva says we will see a ""better Neymar"" at this World Cup after injury hampered his past two tournaments.",0.113,0.769,0.117,0.0258,POSITIVE,positive
23/11/2022,"Canada will play for the first time in 36 years, ushering in a new era for football in the country.",0,0.882,0.118,0.34,POSITIVE,positive
23/11/2022,"Piara Powar, executive director of European football anti-discriminatory body Fare, says he has ""never seen anything like this"".",0.11,0.89,0,-0.2755,NEGATIVE,negative
23/11/2022,"England captain Harry Kane trains with his team-mates on Wednesday, boosting hopes he will be fit for Friday's World Cup game against USA.",0,0.722,0.278,0.7717,POSITIVE,positive
23/11/2022,"Japan boss Hajime Moriyasu says beating Germany in the World Cup is a ""historic moment"" showing the ""beauty of football"".",0.126,0.714,0.16,0.2023,POSITIVE,positive
23/11/2022,Japan's fans stay behind after their team's memorable win over Germany to clean up the stadium.,0,0.683,0.317,0.7579,POSITIVE,positive
23/11/2022,La Rochelle head coach and former Ireland fly-half Ronan O'Gara is given a fourth suspension in a year after being banned for 10 weeks.,0.125,0.875,0,-0.4588,NEGATIVE,negative
23/11/2022,Chelsea maintain their perfect start in the Women's Champions League by seeing off Real Madrid at Kingsmeadow.,0,0.679,0.321,0.7964,POSITIVE,positive
23/11/2022,Watch highlights as Japan produce a stunning comeback to win 2-1 and shock four-time winners Germany in the World Cup Group E opener.,0.089,0.584,0.326,0.7845,POSITIVE,positive
23/11/2022,"Are supporters in Qatar managing to keep up with the changes over alcohol, kit and freedom of speech?",0,0.693,0.307,0.7964,POSITIVE,positive
23/11/2022,"The 100ml bottle restriction could be axed thanks to 3D scanners, which are being trialled in airports.",0.207,0.657,0.136,-0.128,NEGATIVE,negative
23/11/2022,Decision to remove UK citizenship from woman who went to Syria when schoolgirl is being challenged.,0.085,0.915,0,-0.1027,NEGATIVE,negative
23/11/2022,Emlyn Mousley hopes his simple idea will help families struggling with rising food prices.,0.145,0.57,0.285,0.4019,POSITIVE,positive
23/11/2022,Millions of people will receive help with energy bills over the coming weeks and months.,0,0.73,0.27,0.5859,POSITIVE,positive
23/11/2022,"Three sons of Sarah Sands, who killed a paedophile in 2014, talk about her crime for the first time.",0.333,0.667,0,-0.8402,NEGATIVE,negative
23/11/2022,The Glazer family's controversial era could be over after 17 years - but what do the fans think?,0.08,0.92,0,-0.1027,NEGATIVE,negative
23/11/2022,"A new ""documentary"" falsely blames Covid vaccines for deaths of young people.",0.213,0.787,0,-0.4019,NEGATIVE,negative
23/11/2022,Belgium labour to victory in their opening World Cup game as they are pushed all the way by an outstanding effort from Canada.,0,0.846,0.154,0.6124,POSITIVE,positive
23/11/2022,The founders of Seatfrog share their business advice for the CEO Secrets series.,0,0.845,0.155,0.296,POSITIVE,positive
23/11/2022,Russia's invasion of Ukraine forced Germany to cut its dependence on gas from the east - and fast.,0.254,0.746,0,-0.6249,NEGATIVE,negative
23/11/2022,The BBC goes on manoeuvres with the unit leading a growing offensive against al-Shabab militants.,0.18,0.719,0.102,-0.3182,NEGATIVE,negative
23/11/2022,The number out of work through ill health has been rising sharply - and no-one is really sure why.,0.129,0.691,0.179,0.024,POSITIVE,positive
23/11/2022,Love Island star Zara McDermott explored disordered eating and social media in a BBC Three film.,0,0.769,0.231,0.6369,POSITIVE,positive
24/11/2022,Afghans say they are also forced to sell kidneys and their daughters to get money for food.,0.158,0.842,0,-0.4588,NEGATIVE,negative
24/11/2022,Growing sales of an Indonesian nut called kenari is helping to reduce deforestation.,0,0.738,0.262,0.4404,POSITIVE,positive
24/11/2022,"Social media is helping travel agents to impress clients, and sometimes to scam them.",0.187,0.556,0.258,0.1027,POSITIVE,positive
24/11/2022,Engineers are starting to rebuild infrastructure destroyed during Russia's occupation of Kherson.,0.225,0.775,0,-0.4939,NEGATIVE,negative
24/11/2022,"The boss of Frasers Group said the move secured ""a long-term future"" for the 250-year-old Gieves & Hawkes.",0,0.856,0.144,0.4019,POSITIVE,positive
24/11/2022,Wendy Morton says her resignation was refused by the ex-PM after a fateful vote on fracking.,0.253,0.747,0,-0.5267,NEGATIVE,negative
24/11/2022,The Stop Loan Sharks agency is warning against illegal lenders as families struggle with price rises.,0.467,0.533,0,-0.8591,NEGATIVE,negative
24/11/2022,Activists say they are becoming concerned about the lack of representation in the UK climate industry.,0.133,0.867,0,-0.3182,NEGATIVE,negative
24/11/2022,"The energy bill support package will continue after April, but will be less generous.",0,0.597,0.403,0.7514,POSITIVE,positive
24/11/2022,Residents near a crossing which went viral on TikTok after numerous accidents call for new measures.,0.141,0.859,0,-0.3182,NEGATIVE,negative
24/11/2022,"Hundreds of thousands of workers have walked out, or threatened to, causing widespread disruption.",0.314,0.686,0,-0.6705,NEGATIVE,negative
24/11/2022,"About 2,500 fans travelled to Tenerife to support Wales, instead of going to Qatar.",0,0.828,0.172,0.4019,POSITIVE,positive
24/11/2022,"The game's future is a political battleground in Bury, where a club’s demise has divided fans.",0.172,0.828,0,-0.4019,NEGATIVE,negative
24/11/2022,"Thousands of Paddington Bears were left in tribute to Queen Elizabeth II, who died in September.",0.194,0.806,0,-0.5574,NEGATIVE,negative
24/11/2022,Pies and burgers have been slashed from the menu at a Colchester restaurant due to staff shortages and soaring food prices.,0.163,0.837,0,-0.3612,NEGATIVE,negative
24/11/2022,"Post, teachers, lecturers - they're all on strike. Here's a simple rundown of why and how.",0.103,0.897,0,-0.128,NEGATIVE,negative
24/11/2022,"More people are getting ill after swimming and paddling in rivers and seas, a new report says.",0.157,0.843,0,-0.4215,NEGATIVE,negative
24/11/2022,"Jamie Barrow, 31, is due in court charged with murdering Fatoumatta Hydara and her young children.",0.303,0.697,0,-0.7269,NEGATIVE,negative
24/11/2022,"Lady Glenconner, who was a maid of honour at the Queen's coronation, is herself portrayed on screen.",0,0.802,0.198,0.5719,POSITIVE,positive
24/11/2022,"E Jean Carroll filed a lawsuit under the Act, which allows people to pursue decades-old sex abuse claims.",0.303,0.697,0,-0.7269,NEGATIVE,negative
24/11/2022,"Saudi Arabia's sports minister says its government would ""definitely support"" private sector Saudi bids for Manchester United and Liverpool.",0,0.661,0.339,0.802,POSITIVE,positive
24/11/2022,"Isolation from sport is one of the many consequences of Russia's war in Ukraine, says Steve Rosenberg.",0.306,0.694,0,-0.765,NEGATIVE,negative
24/11/2022,"BBC pundit Martin Keown feels Gareth Southgate will turn to Marcus Rashford to lead England's attack against the USA, if he does not want to risk Harry Kane after his injury.",0.198,0.751,0.05,-0.6495,NEGATIVE,negative
24/11/2022,"Gareth Southgate tells Kelly Somers that England must raise their level further against the USA - and says certain decisions going against England are ""a concern"".",0,0.92,0.08,0.2732,POSITIVE,positive
24/11/2022,Nothing could separate Uruguay and South Korea in their World Cup opener in Group H despite plenty of attacking quality on show in Qatar.,0,0.899,0.101,0.357,POSITIVE,positive
24/11/2022,"Wales are ""furious"" players were threatened with bookings if they wore the OneLove armband and showed their support for LGBTQ+ rights with the rainbow flag at training.",0.098,0.814,0.088,-0.0772,NEGATIVE,negative
24/11/2022,"Scenes of maskless crowds in Qatar anger viewers in China, where many face strict Covid measures.",0.198,0.802,0,-0.5719,NEGATIVE,negative
24/11/2022,Parliament's expenses body says it was wrong to tell MPs they could claim for festive gatherings.,0.154,0.697,0.149,-0.0258,NEGATIVE,negative
24/11/2022,Olena Zelenska tells the BBC's Lyse Doucet cold and blackouts are not the worst things Ukraine has faced.,0,0.838,0.162,0.5096,POSITIVE,positive
24/11/2022,The gunman opened fire on colleagues in a break room before turning the weapon on himself.,0.261,0.739,0,-0.5574,NEGATIVE,negative
24/11/2022,Valencia midfielder Yunus Musah played his youth football in England but is now set to face the Three Lions at a World Cup with the USA.,0,0.934,0.066,0.1779,POSITIVE,positive
24/11/2022,Vivianne Miedema scores as Arsenal come from behind to earn a point in their Women's Champions League group game in Turin.,0,0.848,0.152,0.5267,POSITIVE,positive
24/11/2022,Cristiano Ronaldo becomes the first man to score at five Fifa World Cups as Portugal begin their campaign with a thrilling victory over Ghana.,0,0.876,0.124,0.4767,POSITIVE,positive
24/11/2022,"Rolling Stone has reported that staff have complained about West's ""problematic behaviour"".",0.359,0.641,0,-0.6808,NEGATIVE,negative
24/11/2022,A Tory MP says the former prime ministers are backing his bid to overturn a ban on new turbines.,0.183,0.761,0.056,-0.5423,NEGATIVE,negative
24/11/2022,"Cristiano Ronaldo is hailed as a ""phenomenon"" and ""legend"" after he becomes the first man to score at five Fifa World Cups.",0,0.913,0.087,0.2263,POSITIVE,positive
24/11/2022,Richarlison scores twice - including a stunning volley on the turn - as five-time winners Brazil open their World Cup campaign by beating Serbia.,0.112,0.674,0.213,0.4019,POSITIVE,positive
24/11/2022,The BBC's Shaimaa Khalil asked Iran footballer Mehdi Taremi for his view on the protests in Iran.,0.106,0.894,0,-0.2263,NEGATIVE,negative
24/11/2022,Can Wales clinch crucial first World Cup victory in 64 years? And will England qualify for the last 16?,0.011191282,0.83083314,0.1579756,0.797675431,NEGATIVE,negative
24/11/2022,London Waterloo had the most passengers and Elton and Orston in Nottinghamshire the least.,0.19664331,0.7085107,0.094845966,0.948862433,NEGATIVE,negative
24/11/2022,The coin bearing the name of Sponsian was considered apocryphal and had been locked away in a museum cupboard.,0.4750096,0.51420593,0.010784504,0.998784602,NEGATIVE,negative
24/11/2022,"As we are bombarded with Black Friday adverts, some people mark the day in a very different way.",0.31401905,0.596758,0.089222975,0.997915089,POSITIVE,positive
24/11/2022,BBC Analysis Editor Ros Atkins looks at what’s causing egg supply issues in some UK supermarkets.,0.49566296,0.48077828,0.023558812,0.978591561,NEGATIVE,negative
24/11/2022,"From how you heat your home to where you shop, the UK's links to Qatar may be part of your day-to-day life.",0.030944014,0.9066656,0.062390342,0.999090195,POSITIVE,positive
24/11/2022,A ruling on any future Scottish independence vote and a drive to cut energy use lead the papers.,0.058116622,0.8935654,0.04831791,0.758871377,NEGATIVE,negative
24/11/2022,"Richarlison uses the World Cup stage to demonstrate why he is a first-choice for favourites Brazil at the 2022 World Cup, writes BBC Sport's Phil McNulty.",0.010420741,0.7473376,0.2422417,0.991280973,POSITIVE,positive
24/11/2022,A second child is taken to hospital and pupils and staff are being prescribed antibiotics.,0.6090753,0.37815502,0.012769591,0.995246708,NEGATIVE,negative
24/11/2022,Switzerland's Cameroon-born Breel Embolo scores the only goal as they see off the Indomitable Lions in Group G at the Al Janoub Stadium in Qatar.,0.003818807,0.79285693,0.20332421,0.947304428,POSITIVE,positive
24/11/2022,How closely have you been paying attention to what's been going on over the past seven days?,0.10549879,0.872002,0.02249924,0.971916556,NEGATIVE,negative
24/11/2022,Do public or private sector workers get paid more?,0.16149302,0.80952084,0.028986128,0.997618496,NEGATIVE,negative
24/11/2022,BBC Sport's Nesta McGregor attempts to travel to as many matches as possible in one day at the World Cup in Qatar.,0.006964488,0.83987343,0.15316206,0.997788548,NEGATIVE,negative
24/11/2022,Cristiano Ronaldo becomes the first player to score at five Fifa World Cups as Portugal begin their campaign with victory over Ghana.,0.00147202,0.18635717,0.81217074,0.999530315,POSITIVE,positive
24/11/2022,England in control of warm-up fixture with the Lions despite Haseeb Hameed's century.,0.01615953,0.8468622,0.1369783,0.92470026,NEGATIVE,negative
24/11/2022,Watch Richarlison's spectacular volley for Brazil against Serbia from every angle.,0.007437506,0.2529451,0.73961747,0.999726236,POSITIVE,positive
25/11/2022,"With no power or running water, the few remaining residents of Avdiivka have been urged to leave.",0.185,0.815,0,-0.34,NEGATIVE,negative
25/11/2022,"The BBC's Laura Foster tests your knowledge in this video quiz, with five questions on nurses' pay.",0.08,0.92,0,-0.1027,NEGATIVE,negative
25/11/2022,Qatar have been eliminated at the group-stage in their home World Cup after Senegal condemned them to a second straight loss.,0.216,0.705,0.079,-0.5106,NEGATIVE,negative
25/11/2022,BBC Sport's Phil McNulty reflects on England's laboured 0-0 draw with the United States in the World Cup.,0,0.859,0.141,0.4215,POSITIVE,positive
25/11/2022,"Hundreds of thousands of workers have walked out, or threatened to, causing widespread disruption.",0.314,0.686,0,-0.6705,NEGATIVE,negative
25/11/2022,Wales goalkeeper Wayne Hennessey is sent off for a reckless challenge on Iran's Mehdi Taremi at the World Cup in Doha.,0.123,0.818,0.059,-0.34,NEGATIVE,negative
25/11/2022,"About 115,000 postal workers are taking part in the dispute with Royal Mail.",0.184,0.816,0,-0.4019,NEGATIVE,negative
25/11/2022,"Brazil forward Neymar will miss their next two World Cup games after sustaining ligament damage in his right ankle, says their team doctor.",0.186,0.814,0,-0.5859,NEGATIVE,negative
25/11/2022,Enner Valencia scores his third goal of the World Cup as Ecuador draw with the Netherlands to leave Group A wide open.,0.057,0.943,0,-0.0516,NEGATIVE,negative
25/11/2022,"Jeers could be heard from Iran fans in the stadium, while some showed their support for protests back home.",0.088,0.787,0.125,0.2023,POSITIVE,positive
25/11/2022,Englishman Anthony Hudson spent time working in high security prisons - and that has given him a sense of perspective as he plots the Three Lions' downfall with the USA at the World Cup on Friday.,0,0.932,0.068,0.34,POSITIVE,positive
25/11/2022,"Wales lose 2-0, but for many Iranians it was against a backdrop of unrest in their home nation.",0.104,0.896,0,-0.2144,NEGATIVE,negative
25/11/2022,The atmosphere was muted after fans took the day off work for what turned into a frustrating game.,0.153,0.847,0,-0.4404,NEGATIVE,negative
25/11/2022,Campaigner Heidi Crowter says she will keep fighting and take her case to the Supreme Court.,0.124,0.697,0.179,0.2732,POSITIVE,positive
25/11/2022,"Dominic Raab faces further bullying claims although he insists he has always ""behaved professionally"".",0.231,0.769,0,-0.5994,NEGATIVE,negative
25/11/2022,"Match of the Day's Ashley Williams assesses Harry Maguire's ""big strong performance"" as the defender plays a crucial role for England in their 0-0 draw with USA at the World Cup.",0,0.801,0.199,0.6908,POSITIVE,positive
25/11/2022,"After a drab draw against the United States, BBC Sport pundits Jermaine Jenas and Ashley Williams debate whether England boss Gareth Southgate trusts striker Harry Kane too much.",0,0.809,0.191,0.7096,POSITIVE,positive
25/11/2022,England remain top of Group B after being held to hard fought 0-0 draw by the USA at the World Cup.,0.164,0.756,0.08,-0.2263,NEGATIVE,negative
25/11/2022,More national rail strikes have been announced by the Aslef union.,0.217,0.783,0,-0.4144,NEGATIVE,negative
25/11/2022,"Given the scale of destruction from Russia's invasion, his words are certain to infuriate Ukrainians.",0.329,0.571,0.1,-0.7003,NEGATIVE,negative
25/11/2022,Royal College of Nursing members are set to stage their biggest-ever NHS walkout on 15 and 20 December.,0.119,0.881,0,-0.3182,NEGATIVE,negative
25/11/2022,"As Wales head towards a first-round exit at the World Cup, key players Gareth Bale and Aaron Ramsey are struggling to produce game-changing performances.",0.113,0.887,0,-0.4215,NEGATIVE,negative
25/11/2022,It was a day of frustration for England and Wales at the World Cup in Qatar - but both teams still have a chance of qualifying for the knockout stages.,0.069,0.846,0.085,0.1154,POSITIVE,positive
25/11/2022,Passengers face further disruption with 11 rail companies being affected by the long-running dispute.,0.382,0.618,0,-0.7003,NEGATIVE,negative
25/11/2022,Bishop Auckland MP Dehenna Davison wants to devote more time to her family and life outside politics.,0,0.87,0.13,0.34,POSITIVE,positive
25/11/2022,Rate the players out of 10 as Wales face Iran in the group stage at the 2022 World Cup in Qatar.,0.04265167,0.93652785,0.02082048,0.995034933,POSITIVE,positive
25/11/2022,Police vehicles guard British-based journalists facing death threats for reporting on protests in Iran.,0.439,0.561,0,-0.8225,NEGATIVE,negative
25/11/2022,"The 78-year-old actor is accused of inappropriately touching a woman in 2017, judicial officials say.",0.145,0.855,0,-0.296,NEGATIVE,negative
25/11/2022,"Officials released new details of the attack, which killed six, including a note from the gunman's phone.",0.352,0.648,0,-0.8225,NEGATIVE,negative
25/11/2022,"FA chief executive Mark Bullingham says Fifa threatened ""unlimited"" sanctions against players who wore the OneLove armband during matches at the World Cup in Qatar.",0.111,0.889,0,-0.4588,NEGATIVE,negative
25/11/2022,Wales fans have flocked to Qatar for their team's second game of the 2022 World Cup.,0.019100936,0.90839815,0.072500914,0.998484671,POSITIVE,positive
25/11/2022,"Flowers are experiencing a second bloom this year due to the unseasonable temperatures, experts say.",0.07879153,0.7157816,0.20542684,0.711235166,POSITIVE,positive
25/11/2022,The song is believed to have originated as Wales' anthem in response to New Zealand's haka in 1905.,0.011614,0.9396573,0.048728704,0.942868769,NEGATIVE,negative
25/11/2022,How the former US president might lose money if he starts tweeting.,0.197,0.803,0,-0.4019,NEGATIVE,negative
25/11/2022,There’s been controversy over restrictions on fans and players in Qatar - and how they've responded.,0.5149343,0.471196,0.0138697,0.749625385,NEGATIVE,negative
25/11/2022,"Gareth Southgate says he is ""happy with the mentality"" but is criticised for England's lack of creativity against USA - and not using Phil Foden.",0.205,0.617,0.177,-0.2263,NEGATIVE,negative
25/11/2022,Watch highlights as Wales' World Cup hopes look to be in ruins after late goals give Iran a 2-0 win in their Group B game in Qatar.,0.092,0.698,0.21,0.5719,POSITIVE,positive
25/11/2022,Bermuda's Flora Duffy gets the better of Britain's Georgia Taylor-Brown to win a record fourth World Triathlon title.,0,0.691,0.309,0.7717,POSITIVE,positive
25/11/2022,BBC Sport's Phil McNulty reflects on England's 0-0 draw with USA in the World Cup.,0.0788892,0.8788978,0.042213034,0.997484565,POSITIVE,positive
25/11/2022,"Braintree village expects more than 11,000 shoppers to visit during Black Friday.",0.003474053,0.60417277,0.39235315,0.714406312,NEGATIVE,negative
25/11/2022,Use this form to tell us how you are managing your children's Christmas expectations.,0.067385875,0.88207394,0.050540235,0.99669385,POSITIVE,positive
25/11/2022,BBC Sport looks at what England and Wales need to do to qualify for the last 16 at the World Cup in Qatar.,0.022572333,0.93181866,0.045609057,0.978764296,POSITIVE,positive
26/11/2022,Lionel Messi's strike opens the scoring for Argentina in their must-not-lose World Cup Group C match with Mexico before Enzo Fernandez's sublime effort seals victory.,0.061,0.939,0,-0.128,NEGATIVE,negative
26/11/2022,Three women share their stories of how being on Twitter has changed their lives for the better.,0,0.746,0.254,0.6249,POSITIVE,positive
26/11/2022,Warren Gatland is a leading contender to return as Wales coach if the Welsh Rugby Union decide to replace Wayne Pivac.,0,0.927,0.073,0.128,POSITIVE,positive
26/11/2022,"England head coach Eddie Jones says his side's 27-13 defeat by South Africa at Twickenham was ""entirely my fault"" but believes they can have a ""really good go"" at next year's World Cup.",0.107,0.778,0.115,0.3183,POSITIVE,positive
26/11/2022,BBC Sport's Phil McNulty reflects on a tense night for Argentina and Lionel Messi after their 2-0 victory over Mexico in their second group-stage match at the World Cup.,0.082,0.918,0,-0.34,NEGATIVE,negative
26/11/2022,Egyptologists are still learning about his life and treasures a century after his tomb was opened.,0,0.833,0.167,0.4215,POSITIVE,positive
26/11/2022,"An Indian company has developed a cheap, non-invasive test for breast cancer that uses thermal imaging and AI.",0.216,0.784,0,-0.6597,NEGATIVE,negative
26/11/2022,"London Fire Brigade officers ""sexually taunt female colleagues constantly"", a report finds.",0.194,0.806,0,-0.34,NEGATIVE,negative
26/11/2022,"With more strikes, is it time to bring out that Shakespeare quote again, asks Laura Kuenssberg?",0.157,0.843,0,-0.4201,NEGATIVE,negative
26/11/2022,"Tom English celebrates the life of Doddie Weir, a man who brought the best out of people and made it his mission to make them smile.",0,0.679,0.321,0.886,POSITIVE,positive
26/11/2022,The American singer and actress won an Oscar for Best Original Song in 1984.,0,0.519,0.481,0.8807,POSITIVE,positive
26/11/2022,Kevin Johnson faces execution in Missouri on Tuesday for the killing of a police officer.,0.253,0.747,0,-0.6597,NEGATIVE,negative
26/11/2022,"Cristiano Ronaldo is called a ""total genius"" by Fifa for winning Portugal's penalty in their opening World Cup victory over Ghana.",0.123,0.738,0.139,0.1027,POSITIVE,positive
26/11/2022,Lionel Messi scores a superb goal as Argentina get a vital victory over Mexico to boost their hopes of qualifying for the World Cup last 16.,0,0.629,0.371,0.8957,POSITIVE,positive
26/11/2022,It's 70 years since the BBC launched its first televised chart show. How have things changed since?,0,0.914,0.086,0.128,POSITIVE,positive
26/11/2022,An update to the Online Safety Bill was influenced by Molly Russell who ended her life in 2017.,0,0.859,0.141,0.4215,POSITIVE,positive
26/11/2022,"Yusuf Mahmud Nazir, five, was not admitted to hospital despite his uncle ""begging"" for help as his condition worsened, his family say.",0.162,0.734,0.104,-0.127,NEGATIVE,negative
26/11/2022,Fifa opens disciplinary proceedings against Serbia's football association after its team hung a controversial flag depicting Kosovo in their dressing room.,0.087,0.913,0,-0.2023,NEGATIVE,negative
26/11/2022,The man whose wife and children died after a flat fire says they were set to join him in the US.,0.238,0.675,0.087,-0.5859,NEGATIVE,negative
26/11/2022,Fans in Saudi Arabia have been unable to watch all of the World Cup after a streaming service was blocked by the country's government.,0.087,0.913,0,-0.2732,NEGATIVE,negative
26/11/2022,Kylian Mbappe scores twice for France as the defending champions lay down a marker by beating Denmark and becoming the first team to reach the World Cup knockout stage.,0.092,0.769,0.138,0.128,POSITIVE,positive
26/11/2022,"A torrent of mud and debris dislodged trees, engulfed buildings and dragged cars into the sea.",0.079,0.921,0,-0.0516,NEGATIVE,negative
26/11/2022,Watch highlights as Kylian Mbappe scores twice to give France a 2-1 victory against Denmark which makes them the first team to reach the knockout stage at the World Cup.,0,0.962,0.038,0.0258,POSITIVE,positive
26/11/2022,"A selection of powerful images from all over the globe, taken in the past seven days.",0,0.833,0.167,0.4215,POSITIVE,positive
26/11/2022,Former England captain Alan Shearer says the Three Lions need to freshen things up against Wales in Tuesday's final game of the group stage at the 2022 World Cup,0.13758913,0.8079228,0.054488104,0.983955801,NEGATIVE,negative
26/11/2022,Former Wales captain Ashley Williams explains why Wales can still end their World Cup on a high when they face England on Tuesday.,0.005810965,0.32726464,0.6669244,0.994436264,POSITIVE,positive
26/11/2022,"For Cai Emlyn Davies, following Wales is as much about the music as the football.",0.043395497,0.8479807,0.10862379,0.994583666,POSITIVE,positive
26/11/2022,BBC Sport looks at what England and Wales need to do to qualify for the last 16 at the World Cup in Qatar.,0.022572333,0.93181866,0.045609057,0.978764296,POSITIVE,positive
26/11/2022,The ex-Scotland rugby international dies six years after being diagnosed with motor neurone disease.,0.947419,0.05028614,0.002294869,0.997916043,NEGATIVE,negative
26/11/2022,"It comes after a scathing report found the London brigade was ""institutionally misogynist and racist"".",0.8884276,0.10557469,0.005997687,0.997854173,NEGATIVE,negative
26/11/2022,Leading several of Saturday's front pages is England's 0-0 World Cup draw with the USA.,0.04555044,0.88933265,0.06511696,0.998253167,POSITIVE,positive
26/11/2022,Health officials advise vaccines and antibiotics are offered to migrants at their new accommodation.,0.1439867,0.8152465,0.040766764,0.951780379,NEGATIVE,negative
26/11/2022,It is the first bison calf to be born in the UK wild in thousands of years.,0.013018075,0.8104129,0.17656904,0.996985137,POSITIVE,positive
27/11/2022,Germany teenager Jamal Musiala's performance in the 1-1 draw with Spain again shows how exciting his future in the game can be.,0,0.868,0.132,0.4939,POSITIVE,positive
27/11/2022,"A French team has decoded a letter from Charles V, revealing rumours of an assassination plot.",0.231,0.769,0,-0.5994,NEGATIVE,negative
27/11/2022,The singer hopes Wales can make the final 16 as a mathematician Hannah Fry crunches the numbers.,0,0.843,0.157,0.4215,POSITIVE,positive
27/11/2022,Think you know your World Cup players? Well now you can prove it by taking our picture quiz every day.,0,0.9,0.1,0.2732,POSITIVE,positive
27/11/2022,"Brazil head coach Tite says the high number of fouls on Neymar ""has to stop"" after the forward was injured in their group-stage victory over Serbia.",0.168,0.788,0.045,-0.5574,NEGATIVE,negative
27/11/2022,Joe Allen says Gareth Bale and Aaron Ramsey can rise to the occasion when Wales face England knowing victory is essential for any chance of World Cup progress.,0,0.844,0.156,0.5859,POSITIVE,positive
27/11/2022,"Jurgen Klinsmann says he wants to speak to Carlos Queiroz to ""calm things down"" after the Iran manager said the German's criticism of his team was a ""disgrace to football"".",0.177,0.756,0.067,-0.5859,NEGATIVE,negative
27/11/2022,Substitutes Alvaro Morata and Niclas Fullkrug score the goals as Spain and Germany play out a 1-1 draw at the World Cup which means that Group E will go down to the final set of fixtures.,0,0.932,0.068,0.34,POSITIVE,positive
27/11/2022,Michael van Gerwen beats Rob Cross 11-6 to win his seventh PDC Players Championship Finals title in 10 years.,0.137,0.608,0.255,0.4767,POSITIVE,positive
27/11/2022,Two men and woman have been arrested after the bodies of two babies were found at a home.,0.162,0.838,0,-0.4767,NEGATIVE,negative
27/11/2022,"Anger mounts after the killing of children, including Keketso Saule, by pit bulls in South Africa.",0.367,0.633,0,-0.8442,NEGATIVE,negative
27/11/2022,"The prosecutor-general tells the BBC Russian attacks are aimed at ""the full Ukrainian nation"".",0.182,0.818,0,-0.4404,NEGATIVE,negative
27/11/2022,"Most of the UK lacks consistent round-the-clock care for the terminally ill, research suggests.",0.156,0.667,0.178,0.1027,POSITIVE,positive
27/11/2022,"Wales' World Cup journey was started by the late manager, say fans on the anniversary of his death.",0.187,0.813,0,-0.5994,NEGATIVE,negative
27/11/2022,"It was reported the man had accidentally fallen onto the tracks in Harlem, New York.",0.274,0.726,0,-0.5994,NEGATIVE,negative
27/11/2022,The artist says he takes drugs to slow his heart and creates the tiny engravings between heartbeats.,0,0.884,0.116,0.2732,POSITIVE,positive
27/11/2022,China's rulers appear to have drastically underestimated growing discontent at Xi Jinping's zero-Covid policy.,0.133,0.759,0.108,-0.1027,NEGATIVE,negative
27/11/2022,"David Stirling, the Scot known as the founder of the SAS, was not what you would expect of a military hero.",0,0.841,0.159,0.5574,POSITIVE,positive
27/11/2022,"Russian air strikes have hit power supplies and health services, putting millions of lives at risk.",0.247,0.753,0,-0.5574,NEGATIVE,negative
27/11/2022,A late Germany equaliser against Spain boosts their chances of qualifying for the World Cup last 16.,0,0.773,0.227,0.4767,POSITIVE,positive
27/11/2022,The former health secretary was beaten by footballer Jill Scott and actor Owen Warner in the final.,0.149,0.851,0,-0.4215,NEGATIVE,negative
27/11/2022,"Alphonso Davies scores Canada's first-ever World Cup goal, but it is not enough to stop them being knocked out following a defeat by Croatia.",0.146,0.768,0.085,-0.3956,NEGATIVE,negative
27/11/2022,"The ex-health secretary was eliminated from I'm a Celebrity, so was his appearance a failure?",0.216,0.784,0,-0.5106,NEGATIVE,negative
27/11/2022,"England's players do not ""need fans to boo"" them to know they have not played well, says forward Marcus Rashford.",0.176,0.824,0,-0.431,NEGATIVE,negative
27/11/2022,Iran's football federation complains to Fifa after the United States removed the emblem of the Islamic Republic from the country's flag in social media posts.,0.092,0.81,0.099,0.0516,POSITIVE,positive
27/11/2022,Andrej Kramaric scores twice as Croatia beat Canada 4-1 to knock them out of the World Cup despite Alphonso Davies scoring their first ever men's World Cup goal.,0.038436722,0.732233,0.22933027,0.99765116,POSITIVE,positive
27/11/2022,Scientists are searching through a museum's wheat collection to find the crop of the future.,0.040495522,0.85164475,0.10785981,0.983346462,NEGATIVE,negative
27/11/2022,"The Sunday Telegraph reports about 4,000 patients a day are waiting more than 12 hours in A&E.",0.63329756,0.34728405,0.019418424,0.984279335,NEGATIVE,negative
27/11/2022,"Europe's first dedicated black music station, Dread Broadcasting Corporation",0.05379694,0.897933,0.04827008,0.969398916,POSITIVE,positive
27/11/2022,"With Anthony Joshua watching ringside, Dillian Whyte's big comeback night fell flat as he laboured past Jermaine Franklin in London.",0.4704197,0.50342274,0.026157515,0.999705732,NEGATIVE,negative
27/11/2022,Stacey McDonnell and Darren Setford live in Leicester and are full-time carers for family members.,0.044658266,0.9033956,0.05194615,0.992036521,POSITIVE,positive
27/11/2022,Residents in a housing estate in County Antrim are accessing low-cost hot meals run by a local group.,0.004660292,0.6749466,0.3203931,0.926366687,NEGATIVE,negative
27/11/2022,"Due to the closeness and timings of the incidents, police say they are trying to establish if they are linked.",0.1261116,0.8412665,0.032621913,0.985836625,NEGATIVE,negative
27/11/2022,Jyoti Bhatt documented the nuances of rural Indian culture that are on the cusp of disappearing.,0.23176041,0.7195135,0.04872617,0.98245424,NEGATIVE,negative
27/11/2022,The Queen Consort is ending the traditional title of ladies-in-waiting for assistants at events.,0.2043903,0.7477336,0.04787607,0.565634787,POSITIVE,positive
27/11/2022,Newcastle United set a new Women's FA Cup attendance record in their 2-1 second-round win over Barnsley at St James' Park.,0,0.732,0.268,0.765,POSITIVE,positive
27/11/2022,"England are well short of the leading Rugby World Cup contenders. Any new coach would improve them. The Rugby Football Union now has a decision to make, says Matt Dawson.",0,0.844,0.156,0.6124,POSITIVE,positive
27/11/2022,"Belgium show ""a fear of losing"" and ""haven't been the best Belgium yet"", says boss Roberto Martinez after a World Cup defeat by Morocco.",0.39,0.61,0,-0.9036,NEGATIVE,negative
28/11/2022,"The star charged $600 for ""hand-signed"" editions of his latest book, but all was not as it seemed.",0.076,0.924,0,-0.1027,NEGATIVE,negative
28/11/2022,"Over 40 arrests were made across six countries, dismantling a massive criminal network, police say.",0.344,0.656,0,-0.743,NEGATIVE,negative
28/11/2022,Demonstrations over Covid restrictions that erupted at the weekend now appear to have died down.,0.205,0.795,0,-0.5574,NEGATIVE,negative
28/11/2022,"The British prime minister says the UK needs to show ""robust pragmatism"" towards global competitors.",0,0.854,0.146,0.34,POSITIVE,positive
28/11/2022,Monday's papers lead with the protests in Chinese cities over Beijing's strict zero-Covid policies.,0.128,0.872,0,-0.2263,NEGATIVE,negative
28/11/2022,More than 50 Tory MPs say a legal change would speed-up the return of illegitimate asylum seekers.,0,0.909,0.091,0.128,POSITIVE,positive
28/11/2022,The 16-year-old victims died just a mile apart in south-east London on Saturday.,0.371,0.629,0,-0.7096,NEGATIVE,negative
28/11/2022,"New law will not require removal of ""legal but harmful"" content, which critics said risked free speech.",0.216,0.545,0.239,0.1406,POSITIVE,positive
28/11/2022,Government announces extra funding to help those in least efficient homes in lower council tax bands.,0.224,0.643,0.133,-0.21,NEGATIVE,negative
28/11/2022,"Emergency crews, including air ambulance, are called to a crash involving a school coach.",0.346,0.654,0,-0.6486,NEGATIVE,negative
28/11/2022,The BBC returned to give Samuel some good news.,0,0.734,0.266,0.4404,POSITIVE,positive
28/11/2022,Professional clubs told to limit training exercises with repetitive heading to one session per week.,0.125,0.875,0,-0.25,NEGATIVE,negative
28/11/2022,"The market for illegally-traded puppies is now worth £13m, according to the Crown Office.",0,0.872,0.128,0.2263,POSITIVE,positive
28/11/2022,"It was the moment Cristiano Ronaldo thought he had joined Eusebio as Portugal's World Cup record goalscorer - well, for a couple of minutes anyway.",0,0.913,0.087,0.2732,POSITIVE,positive
28/11/2022,Ronnie O'Sullivan misses out on the fastest televised century break by just three seconds as he whizzes through the first round at the Scottish Open.,0.073,0.927,0,-0.2263,NEGATIVE,negative
28/11/2022,Better home insulation could save some households hundreds of pounds a year on their energy bills.,0,0.594,0.406,0.802,POSITIVE,positive
28/11/2022,Manchester United midfielder Bruno Fernandes scores twice as Portugal beat Uruguay to reach the World Cup last 16.,0,0.804,0.196,0.4404,POSITIVE,positive
28/11/2022,The Amazon boss joins a long line of Americans giving away their riches. Is it different in the UK?,0,0.667,0.333,0.7579,POSITIVE,positive
28/11/2022,Authorities in India's Assam state sealed a museum dedicated to Muslims - and many are asking why.,0,0.824,0.176,0.4588,POSITIVE,positive
28/11/2022,Casemiro grabs a late winner as Brazil beat Switzerland 1-0 to progress to the last 16 at the World Cup.,0,0.72,0.28,0.765,POSITIVE,positive
28/11/2022,BBC pundits Jermaine Jenas and Danny Gabbidon give their verdict on where Tuesday's World Cup group match between Wales and England will be won and lost.,0.075,0.752,0.173,0.4588,POSITIVE,positive
28/11/2022,"Most of the UK lacks consistent round-the-clock care for the terminally ill, research suggests.",0.156,0.667,0.178,0.1027,POSITIVE,positive
28/11/2022,Cecilie Fjellhøy tells Newsbeat about looking for love on TV - and why she's back on Tinder.,0,0.781,0.219,0.6369,POSITIVE,positive
28/11/2022,Elon Musk says Apple has cut Twitter advertising and has threatened to remove it from the app store.,0.242,0.758,0,-0.6249,NEGATIVE,negative
28/11/2022,A protester invades the pitch carrying a rainbow flag and 'save Ukraine' t-shirt during the World Cup Group H game between Portugal and Uruguay.,0,0.862,0.138,0.4939,POSITIVE,positive
28/11/2022,Mass protests against strict Covid curbs have been building for weeks - here's what you need to know.,0.106,0.894,0,-0.2263,NEGATIVE,negative
28/11/2022,Cristiano Ronaldo thinks he has given Portugal the lead against Uruguay but the goal is eventually awarded to Bruno Fernandes who provided the cross.,0,0.866,0.134,0.5499,POSITIVE,positive
28/11/2022,Kim Kardashian is pulled into a row over the fashion house's latest campaign after heavy backlash.,0.5329638,0.4580167,0.009019502,0.99098891,NEGATIVE,negative
28/11/2022,"""I saw things no-one should see"", says a traffic police officer who now takes solace behind a lens.",0.33626932,0.55727404,0.10645667,0.984560966,NEGATIVE,negative
28/11/2022,The spacecraft travels further from Earth than any previous vehicle built for astronauts.,0.027920462,0.7465374,0.22554208,0.9967224,POSITIVE,positive
28/11/2022,"The firm, together with easyJet, is trying out hydrogen instead of jet fuel in a jet engine.",0.007740099,0.7265377,0.26572224,0.994273245,NEGATIVE,negative
28/11/2022,For three years the patience of one billion Chinese was stretched with lockdowns - now it's snapped.,0.8326452,0.1598321,0.007522793,0.978941917,NEGATIVE,negative
28/11/2022,BBC Sport looks at what England and Wales need to do to qualify for the last 16 at the World Cup in Qatar.,0.022572333,0.93181866,0.045609057,0.978764296,POSITIVE,positive
28/11/2022,"European nations wanting to wear OneLove captain's armbands are sending out a ""divisive message"", says Qatar World Cup chief Hassan Al-Thawadi.",0.2433007,0.70077246,0.055926822,0.998782218,NEGATIVE,negative
28/11/2022,"Hundreds of thousands of workers have walked out, or threatened to, causing widespread disruption.",0.314,0.686,0,-0.6705,NEGATIVE,negative
28/11/2022,"Boss Robert Page says Wales must put their ""big boy pants on"" and finally give their fans a World Cup performance to be proud of against England.",0,0.89,0.11,0.4767,POSITIVE,positive
28/11/2022,"Struggling single dad Samuel, from Bristol, is flooded with offers of help after featuring on the BBC.",0.137,0.732,0.132,-0.0258,NEGATIVE,negative
28/11/2022,Gregg Berhalter apologises for a social media post by the United States which removed the emblem of the Islamic Republic from Iran's flag.,0,0.813,0.187,0.5574,POSITIVE,positive
28/11/2022,Residents have been placed on alert and were earlier warned about the risk of falling ash.,0.29,0.6,0.11,-0.3818,NEGATIVE,negative
28/11/2022,"As anti-lockdown protests rock China, state TV tries to hide a world moving on from Covid.",0.217,0.783,0,-0.3818,NEGATIVE,negative
28/11/2022,"Phil Foden still has a ""big part"" to play in England's World Cup campaign despite his limited role in the first two group matches, says manager Gareth Southgate.",0,0.86,0.14,0.4707,POSITIVE,positive
28/11/2022,Protests have broken out in China over its strict Covid lockdown measures.,0.333,0.667,0,-0.6124,NEGATIVE,negative
28/11/2022,"After a deadly fire in a locked down building, people are demanding an end to Covid restrictions.",0.249,0.751,0,-0.5106,NEGATIVE,negative
28/11/2022,"Scenes of protest from China, which has seen unprecedented demonstrations against Covid restrictions.",0.143,0.857,0,-0.25,NEGATIVE,negative
28/11/2022,Ed Lawrence was beaten and arrested by Shanghai police while covering anti-government rallies.,0.349,0.651,0,-0.7096,NEGATIVE,negative
28/11/2022,As China cracks down on protests. demonstrators adopt blank scraps of paper as their calling card.,0.108,0.795,0.097,-0.0516,NEGATIVE,negative
28/11/2022,Authorities are stopping anyone taking photos at the Shanghai Covid protest site.,0.265,0.735,0,-0.3818,NEGATIVE,negative
28/11/2022,State media are going to great lengths to stop Chinese protests being seen - even overseas.,0.203,0.594,0.203,0.25,POSITIVE,positive
28/11/2022,Wales and England go head-to-head in a mouth-watering final match in Group B with all to play for in the World Cup.,0,0.888,0.112,0.34,POSITIVE,positive
28/11/2022,Following Wales at the tournament has given supporters a series of emotional highs and lows.,0.104,0.636,0.26,0.4019,POSITIVE,positive
28/11/2022,Tiger Woods announces that he will not be playing in next month's Hero World Challenge in the Bahamas due to an issue with his right foot.,0.054,0.78,0.166,0.5119,POSITIVE,positive
28/11/2022,Niclas Fullkrug kept Germany in the World Cup with his strike against Spain on Sunday - and his personal story is just as amazing.,0.057,0.798,0.144,0.5106,POSITIVE,positive
28/11/2022,"The pop star, whose parents are Albanian, is honoured for promoting the country through her music.",0,0.711,0.289,0.6908,POSITIVE,positive
28/11/2022,Cameroon keep their hopes alive of reaching the World Cup last 16 as they battled back from two goals down to draw a six-goal thriller with Serbia .,0.069,0.66,0.27,0.6597,POSITIVE,positive
29/11/2022,Tiger Woods joins Rory McIlroy in calling for Greg Norman to quit as boss of the breakaway LIV Golf Tour.,0.09340657,0.88852,0.018073402,0.941547692,POSITIVE,positive
29/11/2022,"Founder Stewart Rhodes and one other member, Kelly Meggs, were both found guilty on the rare charge.",0.149,0.851,0,-0.4215,NEGATIVE,negative
29/11/2022,"Alishah doesn't qualify for free school meals, but her parents are among many struggling with lunch costs.",0.27,0.73,0,-0.6758,NEGATIVE,negative
29/11/2022,"Watch the best of Marcus Rashford's ""devastating"" performance in England's 3-0 victory against Wales in the World Cup.",0,0.802,0.198,0.6369,POSITIVE,positive
29/11/2022,Cancer centres and children's hospitals among services affected by 15 and 20 December walkouts.,0.412,0.588,0,-0.7717,NEGATIVE,negative
29/11/2022,Many households are seeing their energy bills going up despite the power they use going down.,0,0.877,0.123,0.2732,POSITIVE,positive
29/11/2022,"Marcus Rashford is showing his return to form after a painful road is almost complete, writes Phil McNulty.",0.153,0.847,0,-0.4404,NEGATIVE,negative
29/11/2022,How small businesses are using savings clubs to help customers spread the cost of Christmas,0,0.838,0.162,0.4019,POSITIVE,positive
29/11/2022,What will one man's unprecedented status as both top influencer and chief executive mean for the Twitter?,0,0.899,0.101,0.2023,POSITIVE,positive
29/11/2022,"Hundreds of thousands of workers have walked out, or threatened to, causing widespread disruption.",0.314,0.686,0,-0.6705,NEGATIVE,negative
29/11/2022,The actor talks about the importance of cinema and its history as she receives a film archive award.,0,0.714,0.286,0.7184,POSITIVE,positive
29/11/2022,"Lockdowns and school closures left children at home with poor parents, desperate to make money.",0.293,0.707,0,-0.6597,NEGATIVE,negative
29/11/2022,Why is bird flu so bad this year and why are scientists so concerned?,0.371,0.629,0,-0.7959,NEGATIVE,negative
29/11/2022,Residents say they are already struggling to cope with soaring energy prices and inflation.,0.166,0.71,0.124,-0.1779,NEGATIVE,negative
29/11/2022,"Speaking in the Commons, Olena Zelenska compared Ukraine's plight to that of the UK during World War Two.",0.187,0.813,0,-0.5994,NEGATIVE,negative
29/11/2022,"As part of the Online Safety Bill, all sites that publish pornography will have to age-check their users.",0,0.859,0.141,0.4215,POSITIVE,positive
29/11/2022,Marcus Rashford scores twice as England beat Wales to qualify top of Group B but Rob Page's men exit.,0.22,0.717,0.063,-0.6705,NEGATIVE,negative
29/11/2022,Phil on his experience as a football fan in a country where same sex relationships are criminalised.,0,0.859,0.141,0.3182,POSITIVE,positive
29/11/2022,"Searches for the word have spiked by 1,740% this year, according to the Merriam-Webster Dictionary.",0.06728547,0.80424446,0.1284701,0.965826213,NEGATIVE,negative
29/11/2022,The owners of Night & Day are in court to appeal against a Noise Abatement Notice from the council.,0.29279053,0.6924933,0.014716163,0.992626131,NEGATIVE,negative
29/11/2022,All-rounder Liam Livingstone will make his Test debut in England's first Test against Pakistan in Rawalpindi on Thursday.,0.008621132,0.9654165,0.025962392,0.997651279,POSITIVE,positive
29/11/2022,Four people from Leicester tell BBC News about life in the city and how it’s changed.,0.049698185,0.8795262,0.07077556,0.996813715,POSITIVE,positive
29/11/2022,"Captain Gareth Bale says he will continue playing for Wales for ""as long as I'm wanted"" after defeat by England sealed their World Cup elimination.",0.108,0.827,0.065,-0.296,NEGATIVE,negative
29/11/2022,Fans across the nations have been glued to their TV screens as they battled it out in the World Cup.,0.104,0.896,0,-0.296,NEGATIVE,negative
29/11/2022,Superb performances from Marcus Rashford and Phil Foden against Wales will give Gareth Southgate a selection headache for England.,0,0.806,0.194,0.6249,POSITIVE,positive
29/11/2022,The United States win their World Cup grudge match against Iran as Christian Pulisic scores the winner to set up a last-16 tie with the Netherlands.,0,0.679,0.321,0.886,POSITIVE,positive
29/11/2022,Platinum-selling British rapper Stormzy sends out a rallying cry to Gareth Southgate's England squad ahead of their final World Cup Group B match against Wales,0.124,0.876,0,-0.4767,NEGATIVE,negative
29/11/2022,The corporation says it will make its complaints process easier and more transparent to navigate.,0.146,0.703,0.151,0.0258,POSITIVE,positive
29/11/2022,"England match-winner Marcus Rashford is showing his return to form with a painful road almost complete, writes Phil McNulty.",0.146,0.854,0,-0.4404,NEGATIVE,negative
29/11/2022,"The men in red lost 3-0 to England at the Ahmad bin Ali Stadium in Al Rayyan, Qatar.",0.119,0.881,0,-0.3182,NEGATIVE,negative
29/11/2022,Militia leader Stewart Rhodes could face two decades in prison. It took his son years to escape him.,0.157,0.762,0.081,-0.3818,NEGATIVE,negative
29/11/2022,Covid scientists will be testing different medications to see what works against winter flu.,0.167,0.833,0,-0.3818,NEGATIVE,negative
29/11/2022,Tensions were high again as Iran and the US headed towards their latest showdown at the World Cup.,0.137,0.863,0,-0.4019,NEGATIVE,negative
29/11/2022,"About 115,000 postal workers are taking part in the dispute with Royal Mail.",0.184,0.816,0,-0.4019,NEGATIVE,negative
29/11/2022,"Some Ugandans have been attacking the government's efforts, even denying the Ebola virus's existence.",0.31,0.69,0,-0.6597,NEGATIVE,negative
29/11/2022,Watch as Marcus Rashford scores England's 100th World Cup goal to put them 3-0 up against Wales in their Group B match at the World Cup.,0.002476826,0.60699636,0.39052683,0.999543488,POSITIVE,positive
29/11/2022,"A report says 39,000 people may also have been given incorrect PCR results from a private lab.",0.7625597,0.2329567,0.004483549,0.998794198,NEGATIVE,negative
29/11/2022,"The business secretary says wind turbines are now ""so big"" they cannot be built on land.",0.59053534,0.3644292,0.045035437,0.996535778,NEGATIVE,negative
29/11/2022,"The hoofed mammals from across the Gulf strut their stuff at a very different ""World Cup"".",0.103999145,0.6726853,0.22331552,0.983886898,NEGATIVE,negative
29/11/2022,Tuesday's papers look ahead to the first all-British World Cup match between England and Wales.,0.003941711,0.8169378,0.17912054,0.998600304,POSITIVE,positive
29/11/2022,Watch highlights as Marcus Rashford and Phil Foden lead England to a 3-0 victory against Wales in their Group B match at the World Cup.,0.003200608,0.70236766,0.29443172,0.999466717,POSITIVE,positive
29/11/2022,England manager Gareth Southgate is asked to explain the rivalry between the Three Lions and Wales as the teams prepare to meet at the World Cup.,0.16163851,0.7997477,0.038613796,0.965946317,POSITIVE,positive
29/11/2022,Stephanie Frappart will lead an all-female on-field refereeing team in taking charge of a men's World Cup game for the first time.,0.014277869,0.8724042,0.11331787,0.999652147,POSITIVE,positive
29/11/2022,"England are on the brink of a place in the last 16 of the World Cup, but who did you pick to take on Wales on Tuesday?",0.08692926,0.8690364,0.044034444,0.98835665,NEGATIVE,negative
29/11/2022,"Cody Gakpo has made a big impact at the World Cup, with goals in all three of the Netherlands' group games, and can go 'to the moon and back' according to his captain Virgil van Dijk.",0.001081312,0.031160837,0.9677578,0.999685287,POSITIVE,positive
29/11/2022,Stephanie Frappart will lead an all-female refereeing team in taking charge of a men's World Cup game for the first time.,0.014208234,0.87018776,0.11560406,0.999639988,POSITIVE,positive
29/11/2022,A group of Iranian football fans opposed to the regime are in Qatar to make their voices heard.,0.29257467,0.6848924,0.022532936,0.996019423,POSITIVE,positive
30/11/2022,Wales fans remain upbeat after a first World Cup appearance in 64 years ends at the group stage.,0.005308797,0.23644769,0.7582435,0.999250829,POSITIVE,positive
30/11/2022,Why is bird flu so bad this year and why are scientists so concerned?,0.371,0.629,0,-0.7959,NEGATIVE,negative
30/11/2022,Ronnie O'Sullivan is out of the Scottish Open after a shock third-round loss to Gary Wilson in Edinburgh.,0.246,0.754,0,-0.5994,NEGATIVE,negative
30/11/2022,The action is the latest in a series of walkouts and will affect deliveries of letters and parcels.,0.096,0.904,0,-0.1779,NEGATIVE,negative
30/11/2022,The Human Fertilisation and Embryology Authority finds a lack of Asian egg and black sperm donors.,0.139,0.783,0.078,-0.25,NEGATIVE,negative
30/11/2022,"About 115,000 postal workers are taking part in the dispute with Royal Mail.",0.184,0.816,0,-0.4019,NEGATIVE,negative
30/11/2022,"Wednesday's papers hail England's victory, and a landmark moment for Alzheimer's research.",0,0.776,0.224,0.1531,POSITIVE,positive
30/11/2022,"The world's largest volcano, in Hawaii, is erupting for the first time in almost forty years.",0.27498376,0.63496673,0.09004949,0.99053216,POSITIVE,positive
30/11/2022,"Former UKIP leader Nigel Farage claims London, Birmingham and Manchester are ""minority white"".",0.50947964,0.46859068,0.021929687,0.990012228,NEGATIVE,negative
30/11/2022,The final games in Group C will go down as one of the most dramatic evenings at any World Cup.,0.010346099,0.3656153,0.6240386,0.999408603,POSITIVE,positive
30/11/2022,A decision on whether the first Test between Pakistan and England will go ahead as scheduled will be taken on Thursday morning.,0.011776943,0.95928526,0.028937824,0.711194694,NEGATIVE,negative
30/11/2022,The measure permits police to deploy robots equipped with explosives in extreme circumstances.,0.3948039,0.5798486,0.025347536,0.600693345,NEGATIVE,negative
30/11/2022,A palace aide steps down over remarks made to Ngozi Fulani at a reception hosted by the Queen Consort.,0.28004953,0.70815146,0.011798997,0.988267362,NEGATIVE,negative
30/11/2022,"Luis Chavez gives Mexico a two-goal lead over Saudi Arabia with a ""perfect"" free-kick.",0.003896206,0.24203885,0.7540649,0.999513745,POSITIVE,positive
30/11/2022,Defender Ben White leaves England's World Cup squad in Qatar to return home for personal reasons and is not expected to return for the remainder of the tournament.,0,0.951,0.049,0.1027,POSITIVE,positive
30/11/2022,The staple grocery is being rationed in some supermarkets - but why are there so few around?,0.6960227,0.28736517,0.016612114,0.996981442,NEGATIVE,negative
30/11/2022,England face Senegal in the last 16 of the World Cup on Sunday at 19:00 GMT - here is what you need to know.,0.03852634,0.91238064,0.049093038,0.993828833,POSITIVE,positive
30/11/2022,Richard Drax is facing demands to pay compensation for the role of his ancestors in the slave trade.,0.076,0.924,0,-0.1027,NEGATIVE,negative
30/11/2022,A late consolation goal for Saudi Arabia in their group C game with Mexico meant Poland secured second place in the group on goal difference.,0,0.891,0.109,0.4019,POSITIVE,positive
30/11/2022,Argentina complete a turnaround from the shock opening World Cup loss to Saudi Arabia by qualifying for the last 16 in impressive style against Poland.,0.168,0.719,0.113,-0.1531,NEGATIVE,negative
30/11/2022,BBC Sport looks at which teams have already booked their place in the World Cup knockout stages - and who could join them.,0,0.905,0.095,0.296,POSITIVE,positive
30/11/2022,"Christine McVie, who played with Fleetwood Mac and wrote some of their most famous songs, has died.",0.171,0.714,0.114,-0.296,NEGATIVE,negative
30/11/2022,"Protests in Guangzhou continue a week of unrest in the country, aimed at the country's zero-Covid policy.",0.112,0.888,0,-0.2263,NEGATIVE,negative
30/11/2022,Protesters hurled debris and glass at police in the latest expression of anger at zero-Covid rules.,0.286,0.714,0,-0.6808,NEGATIVE,negative
30/11/2022,The United States are in the World Cup last 16 - but will Christian Pulisic be with them when they take on the Netherlands on Saturday?,0,0.927,0.073,0.2263,POSITIVE,positive
30/11/2022,"The late Queen's confidante, and Prince William's godmother, resigns from her role as a palace aide.",0.141,0.859,0,-0.3182,NEGATIVE,negative
30/11/2022,"After the thrill of reaching a first World Cup for 64 years, Wales' early departure from Qatar leaves question marks over the direction Rob Page now takes his ageing squad.",0.106,0.767,0.127,-0.0772,NEGATIVE,negative
30/11/2022,BBC Sport's Phil McNulty analyses a night that saw Argentina 'stand up' at the World Cup against a fortunate Poland.,0,0.854,0.146,0.4404,POSITIVE,positive
30/11/2022,"Teams will be wondering how they can stop England - the World Cup's top scorers - following their impressive passage to the knockout stages, says Alan Shearer.",0.075,0.751,0.174,0.4404,POSITIVE,positive
30/11/2022,"BBC Sport speaks to supporters about Abubakar Abbas, who has gone viral as the 'metro man', for directing fans at the 2022 World Cup in Qatar.",0,0.896,0.104,0.4404,POSITIVE,positive
30/11/2022,"Tunisia record a remarkable victory over defending world champions France, but it is not enough to seal qualification to the World Cup last 16.",0,0.824,0.176,0.5423,POSITIVE,positive
30/11/2022,Australian fans party through the night as the unfancied Socceroos stun Denmark to reach the World Cup last 16.,0,0.817,0.183,0.4215,POSITIVE,positive
30/11/2022,Former Wales captain Ashley Williams explains why Rob Page needs to decide on a new direction to take his team to the 2024 European Championship in Germany.,0.118,0.787,0.095,-0.1779,NEGATIVE,negative
30/11/2022,"Away from the fan zones, Qataris are gathering to watch the first World Cup to take place in the Middle East.",0,0.897,0.103,0.3182,POSITIVE,positive
30/11/2022,Prince William and Catherine arrive in the US ahead of the Earthshot Prize award ceremony.,0,0.657,0.343,0.7783,POSITIVE,positive
30/11/2022,"The singer-songwriter, behind some of the group's biggest hits, dies after an illness, her family says.",0.153,0.847,0,-0.4019,NEGATIVE,negative
30/11/2022,"Thursday's papers focus on the race row embroiling Buckingham Palace, and a warning over Covid in the UK.",0.13,0.87,0,-0.34,NEGATIVE,negative
30/11/2022,The US military says Abu al-Hassan al-Qurayshi was killed by rebels in southern Syria last month.,0.31,0.69,0,-0.743,NEGATIVE,negative
30/11/2022,A Buckingham Palace reception is overtaken by a racism row that could scarcely have come at a worse time.,0.34,0.66,0,-0.802,NEGATIVE,negative
30/11/2022,"Hundreds of thousands of workers have walked out, or threatened to, causing widespread disruption.",0.314,0.686,0,-0.6705,NEGATIVE,negative
30/11/2022,Gemma Jones has epileptic fits most days due to worrying about her daughter and the cost of living.,0.124,0.876,0,-0.34,NEGATIVE,negative
30/11/2022,"Families of three women, each killed by an abusive partner, tell the BBC how their loved ones were let down.",0.294,0.574,0.132,-0.7003,NEGATIVE,negative
30/11/2022,"One in every 26 trains has been cancelled this year, which on top of strikes are adding to passengers' woes.",0.294,0.635,0.071,-0.6808,NEGATIVE,negative
30/11/2022,Argentina comprehensively beat Poland to top their group as the former edged through in second place on goal difference.,0,0.909,0.091,0.2023,POSITIVE,positive
30/11/2022,Yusuf Mahmud Nazir died after he was sent home from Rotherham Hospital.,0.247,0.753,0,-0.5574,NEGATIVE,negative
30/11/2022,"Little Simz and Knucks tie for the main prize, while Craig David wins outstanding contribution.",0,0.522,0.478,0.9001,POSITIVE,positive
30/11/2022,"The ""I Want To Live"" project says it is getting up to 100 enquiries a day from invading troops.",0,0.929,0.071,0.0772,POSITIVE,positive
01/12/2022,"It is a question that ethnic minorities are constantly asked, but why exactly is it so loaded?",0.711518,0.2788237,0.009658283,0.998691022,NEGATIVE,negative
01/12/2022,"Julie Davis tells the BBC she wants more information from the investigation to find her son, Levi.",0.15452473,0.81823945,0.027235772,0.997973979,NEGATIVE,negative
01/12/2022,How closely have you been paying attention to what's been going on over the past seven days?,0.10549879,0.872002,0.02249924,0.971916556,NEGATIVE,negative
01/12/2022,"Who is the Ross, Skye and Lochaber MP, and why has he stepped down as the SNP's Westminster leader?",0.2960746,0.68600464,0.017920766,0.998382211,NEGATIVE,negative
01/12/2022,When ambulance crews bring patients to hospital they are meant to be able to handover their patients to A&E staff within 15 minutes.,0.16151522,0.78068393,0.05780081,0.991720438,NEGATIVE,negative
01/12/2022,"Taronga Zoo, in Australia, has released footage of the incident, which happened last month.",0.052244406,0.91224736,0.035508182,0.647626936,NEGATIVE,negative
01/12/2022,"More people are foraging from the land as a way to make ends meet, says an experienced forager.",0.41795063,0.5470109,0.03503847,0.993719578,NEGATIVE,negative
01/12/2022,Tartan Army members have made their mark at the tournament despite Scotland's absence.,0.006187745,0.20803887,0.7857734,0.999321103,POSITIVE,positive
01/12/2022,The by-election in the City of Chester is the first since the prime minister took office.,0.016927455,0.9134543,0.06961834,0.991308033,POSITIVE,positive
01/12/2022,"The world's largest volcano, in Hawaii, is erupting for the first time in almost forty years.",0.27498376,0.63496673,0.09004949,0.99053216,POSITIVE,positive
01/12/2022,Studies show less than 5% of the music tech industry is female. This business is trying to change that.,0.37301534,0.5535106,0.07347403,0.996036112,NEGATIVE,negative
01/12/2022,"In Qatar for the World Cup, Sheldon Edwards - also known as HD Cutz - describes life as a footballers' barber.",0.09643517,0.85212463,0.051440194,0.843012631,POSITIVE,positive
01/12/2022,"After Stephanie Frappart took charge of a men's World Cup match, could the Premier League see a first female referee in the next few seasons?",0.029151829,0.9092051,0.061643016,0.987235487,NEGATIVE,negative
01/12/2022,"Organisers promised a sustainable World Cup, but daily shuttle flights are generating huge CO2 emissions.",0,0.719,0.281,0.5719,POSITIVE,positive
01/12/2022,The first trailer comes amid a race row sparked by comments made to a black guest at a royal reception.,0.3304648,0.64947045,0.020064775,0.819218218,NEGATIVE,negative
01/12/2022,"Germany's World Cup exit in the first round leaves them on the brink of joining football's 'B list', writes Phil McNulty.",0.5551224,0.41178367,0.03309395,0.973286092,NEGATIVE,negative
01/12/2022,"Having females referees at the World Cup helps send a positive message over women's rights in Qatar, says Stephanie Frappart.",0,0.733,0.267,0.7351,POSITIVE,positive
01/12/2022,Emancipation sees the actor play a slave who escapes a plantation and flees through Louisiana's swamps.,0.102,0.663,0.235,0.296,POSITIVE,positive
01/12/2022,BBC Analysis editor Ros Atkins looks at why millions of UK homes don’t have adequate home insulation – and what the government plans to do about it.,0,0.929,0.071,0.2263,POSITIVE,positive
01/12/2022,"Strep A is a highly contagious bacterial infection that can be extremely serious, but is treatable.",0.208,0.792,0,-0.2831,NEGATIVE,negative
01/12/2022,"Made in the 1950s, it was the BBC's first documentary about gay men but the work was later lost.",0.141,0.859,0,-0.4497,NEGATIVE,negative
01/12/2022,"Woman, 85, endured ""agonising"" wait, with paramedics warning problems likely to worsen.",0.483,0.517,0,-0.8126,NEGATIVE,negative
01/12/2022,Citizens Advice says homeowners and pensioners are among those increasingly seeking debt advice.,0.172,0.828,0,-0.3612,NEGATIVE,negative
01/12/2022,Whistleblowers allege they were punished for raising concerns at one of England's worst performing trusts.,0.32,0.541,0.14,-0.6124,NEGATIVE,negative
01/12/2022,"Batteries thrown into household rubbish bins cause about 700 fires a year in waste facilities, a survey suggests.",0.157,0.843,0,-0.4215,NEGATIVE,negative
01/12/2022,The Twitter boss says he met Apple's chief Tim Cook after he criticised the company.,0.167,0.833,0,-0.4215,NEGATIVE,negative
01/12/2022,"Western leaders say Russia's attacks on Ukrainian infrastructure are illegal, but what does the law say?",0.233,0.767,0,-0.5023,NEGATIVE,negative
01/12/2022,Each of the UK's 31 million taxpayers may have to pay £200 to bail out the failed energy company.,0.206,0.702,0.092,-0.3818,NEGATIVE,negative
01/12/2022,Morocco edge past Canada to top Group F and go through to the World Cup knockout stage for the first time in 36 years.,0,0.924,0.076,0.2023,POSITIVE,positive
01/12/2022,Belgium's golden generation fails to deliver again at the World Cup - is this the end of an era for the Red Devils?,0.245,0.755,0,-0.7579,NEGATIVE,negative
01/12/2022,"For the first time, a men's World Cup match will be officiated by a woman, inspiring young referees.",0,0.843,0.157,0.4215,POSITIVE,positive
01/12/2022,Comeback kings Japan show they cannot be written off as they reach the last 16 of a World Cup full of unexpected results.,0,0.95,0.05,0.0258,POSITIVE,positive
01/12/2022,Germany crashed out of the Fifa World Cup on a remarkable night of drama despite victory over Costa Rica at Al Bayt Stadium.,0,0.854,0.146,0.5574,POSITIVE,positive
01/12/2022,"Like the Fosbury Flop in high jump or Netherlands' brand of 'total football', England could be changing Test cricket forever, says chief cricket writer Stephan Shemilt.",0.083,0.83,0.087,0.0258,POSITIVE,positive
01/12/2022,Japan score through Ao Tanaka to take the lead against Spain after a VAR check determines the ball did not go out of play as it was pulled back across goal.,0,0.924,0.076,0.34,POSITIVE,positive
01/12/2022,Germany crash out of the World Cup on a remarkable night of drama despite a 4-2 victory over Costa Rica at Al Bayt Stadium.,0.103,0.76,0.137,0.2263,POSITIVE,positive
01/12/2022,Underdog Derek Chisora says he does not care what the critics think as he looks to upset Tyson Fury and win WBC heavyweight title.,0.328,0.56,0.112,-0.7452,NEGATIVE,negative
01/12/2022,Uruguay striker Luis Suarez refuses to apologise for his deliberate handball on the goalline against Ghana in the 2010 World Cup.,0,0.885,0.115,0.3818,POSITIVE,positive
01/12/2022,"Japan stage another extraordinary World Cup comeback to reach the last 16, with Spain fortunate to join them in the knockout stage.",0,0.754,0.246,0.6369,POSITIVE,positive
01/12/2022,The Prince and Princess of Wales are in Boston to hand out awards for their Earthshot Prize.,0,0.596,0.404,0.8591,POSITIVE,positive
01/12/2022,Morocco end 36 years of World Cup hurt by progressing to the knockout stage - then set their sights on going all the way.,0.134,0.866,0,-0.5267,NEGATIVE,negative
01/12/2022,Homeowners are worried about rising mortgage costs - but lenders must help those struggling.,0.281,0.531,0.188,-0.1901,NEGATIVE,negative
01/12/2022,The platform is said to be hosting hundreds of videos that celebrate the Russian Wagner group.,0,0.802,0.198,0.5719,POSITIVE,positive
01/12/2022,"Friday's papers focus on the release of Prince Harry and Meghan's Netflix trailer, and Christmas strikes.",0.143,0.857,0,-0.3612,NEGATIVE,negative
01/12/2022,How are rising interest rates changing the housing market around the UK?,0,0.786,0.214,0.4588,POSITIVE,positive
01/12/2022,Belgium are knocked out of the World Cup at the group stage as Croatia progress at their expense with a goalless draw in Qatar.,0,0.887,0.113,0.4215,POSITIVE,positive
02/12/2022,"Netherlands head coach Louis van Gaal says the ""negative"" criticism of his team will not distract them from trying to win the World Cup.",0.098,0.71,0.192,0.4191,POSITIVE,positive
02/12/2022,"""I spend most Monday evenings in tears,"" says Father Dominic Cawdell, of St Peter's in Flintshire.",0.731711,0.24667613,0.021612888,0.902983248,NEGATIVE,negative
02/12/2022,The government has extended the windfall tax on oil and gas companies.,0.1277831,0.81384623,0.058370635,0.828788102,POSITIVE,positive
02/12/2022,The Children in Need and Am I Being Unreasonable? star on herding celebrities and improvising.,0.066382065,0.83934844,0.094269484,0.590369761,POSITIVE,positive
02/12/2022,A CD recording of live show which fell between shelves has been discovered during a tidy-up.,0.040618286,0.8694139,0.08996782,0.999147773,NEGATIVE,negative
02/12/2022,Research for the BBC shows the cost of Christmas dinner staples has risen to more than £30.,0.43023115,0.51955134,0.050217535,0.986324608,NEGATIVE,negative
02/12/2022,Shahd says authorities told her to remove breast tissue that grew after she began taking oestrogen.,0.48783165,0.50247407,0.009694267,0.991904616,NEGATIVE,negative
02/12/2022,Germany's elimination in the World Cup group stages for the second time in a row has led to a scathing reaction in the media at home.,0.80620027,0.18470578,0.009093969,0.615412235,NEGATIVE,negative
02/12/2022,BBC Sport examines the main things to come out of a thrilling group stage at the World Cup in Qatar.,0,0.853,0.147,0.4767,POSITIVE,positive
02/12/2022,"South Korea's players are overwhelmed with joy, while Luis Suarez and Uruguay cried tears of disbelief following a dramatic conclusion to Group H.",0.164,0.655,0.182,0.128,POSITIVE,positive
02/12/2022,Switzerland seal their place in the World Cup last 16 following an entertaining five-goal victory over Serbia to round off the group stage.,0,0.884,0.116,0.4404,POSITIVE,positive
02/12/2022,"Friday's papers focus on the release of Prince Harry and Meghan's Netflix trailer, and Christmas strikes.",0.143,0.857,0,-0.3612,NEGATIVE,negative
02/12/2022,Tyson Fury weighs in heavier than Derek Chisora and warns to 'expect carnage' in their WBC heavyweight title fight on Saturday at the Tottenham Hotspur Stadium.,0.251,0.749,0,-0.7717,NEGATIVE,negative
02/12/2022,"England will need ""a few crazy moments"" to go their way to win the first Test against Pakistan, according to all-rounder Will Jacks.",0.088,0.772,0.14,0.34,POSITIVE,positive
02/12/2022,"Twelver years on from their controversial meeting in South Africa, Luis Suarez once again stole the show as Ghana took on Uruguay at the World Cup.",0.067,0.933,0,-0.2023,NEGATIVE,negative
02/12/2022,"We asked you to rank the players in every World Cup group stage game, here is your best XI and the standout individual performers.",0,0.846,0.154,0.6369,POSITIVE,positive
02/12/2022,BBC Sport and Opta analyse the 279 World Cup shootout penalties to see the best ways to score your kick.,0,0.819,0.181,0.6369,POSITIVE,positive
02/12/2022,"As Brazil fever hits Lusail Stadium in Doha, BBC Sport travels to their group finale against Cameroon with their thousands of fans.",0.06451984,0.773555,0.16192515,0.996116281,POSITIVE,positive
02/12/2022,"With no images released to show why Japan's controversial winner against Spain was not ruled out, fans online have taken matters into their own hands.",0.134,0.702,0.164,0.2263,POSITIVE,positive
02/12/2022,Hwang Hee-chan scores a late winner for South Korea to beat Portugal 2-1 and reach the last 16 of the World Cup.,0,0.795,0.205,0.5994,POSITIVE,positive
02/12/2022,Cameroon are out of the World Cup despite securing a dramatic victory over Brazil at Lusail Stadium in their final Group G match.,0.089,0.911,0,-0.2411,NEGATIVE,negative
02/12/2022,Another UK child has died from this highly contagious infection. What should people look out for?,0.31,0.69,0,-0.7425,NEGATIVE,negative
02/12/2022,"The G7 agrees a cap of $60 a barrel on exported Russian crude, after the EU gave its backing.",0.18,0.68,0.141,-0.4215,NEGATIVE,negative
02/12/2022,Friends from Oman who turn CO2 into rock and a UK firm making packaging from seaweed are among the winners.,0,0.733,0.267,0.7351,POSITIVE,positive
02/12/2022,The Bolton comedian makes a triumphant return in the first date of his first tour for 12 years.,0,0.714,0.286,0.7184,POSITIVE,positive
02/12/2022,"Japan reach the World Cup last 16 as Germany crash out, but should Japan's winner against Spain have counted on a dramatic night?",0.068,0.701,0.231,0.6597,POSITIVE,positive
02/12/2022,"""I must be brutally honest with you,"" Sanna Marin says. ""We would be in trouble without the US.""",0.268,0.6,0.132,-0.5267,NEGATIVE,negative
02/12/2022,South Africans wait with bated breath as ANC leaders adjourn crisis talks.,0.272,0.728,0,-0.6249,NEGATIVE,negative
02/12/2022,There has been at least one death of a child in Wales but the data is not yet available for other nations.,0.109,0.891,0,-0.3506,NEGATIVE,negative
02/12/2022,The TV chef and rapper shares his big three tips for making the most of your weekly food shop.,0,0.891,0.109,0.296,POSITIVE,positive
02/12/2022,"Driven to breaking point by zero Covid, educated young Chinese are questioning the Communist Party's rule.",0.085,0.915,0,-0.1027,NEGATIVE,negative
02/12/2022,"A scientist says the fossil is ""one of the most important found in the last few decades"".",0,0.878,0.122,0.2716,POSITIVE,positive
02/12/2022,Brit nominee Pa Salieu attacked a man in Coventry shortly after his best friend was stabbed to death.,0.336,0.411,0.253,-0.34,NEGATIVE,negative
02/12/2022,He was recently told to pay almost $1.5bn (£1.2bn) for claiming a 2012 school shooting was a hoax.,0.2,0.8,0,-0.3612,NEGATIVE,negative
02/12/2022,"Harry Bolton, 19, was found dead at his flat in Hull on 7 October 2021, an inquest hears.",0.212,0.788,0,-0.6486,NEGATIVE,negative
02/12/2022,"Takeoff, youngest of the rap group Migos, was killed last month outside a Houston bowling alley.",0.243,0.757,0,-0.6705,NEGATIVE,negative
02/12/2022,Football clubs are supporting their communities as costs rise - from food banks to debt advice.,0.136,0.707,0.158,0.1027,POSITIVE,positive
02/12/2022,"Funmilayo Akinriboya runs a support group for African, Caribbean and Portuguese communities.",0,0.787,0.213,0.4019,POSITIVE,positive
02/12/2022,"South Africa's ruling party is discussing the president's future, after corruption allegations.",0,0.803,0.197,0.4019,POSITIVE,positive
02/12/2022,Scientists did the study for the government to better understand possible exposure to shoppers.,0,0.818,0.182,0.4404,POSITIVE,positive
02/12/2022,"The UK government is on course to miss its target for signing deals, as exporter numbers fall.",0.091,0.909,0,-0.1531,NEGATIVE,negative
02/12/2022,"A Commons committee says there should be ""significant"" punishments for ministers who break the rules.",0.177,0.823,0,-0.4215,NEGATIVE,negative
02/12/2022,"Some users are finding the next generation of mobile internet slow and patchy, three years after it launched.",0,0.919,0.081,0.128,POSITIVE,positive
02/12/2022,"Western casualty estimates suggest about 100,000 Ukrainian soldiers have been killed or wounded.",0.418,0.582,0,-0.836,NEGATIVE,negative
02/12/2022,"Egypt has a high Caesarean section rate, with doctors accused of using it for cash and convenience.",0.128,0.872,0,-0.296,NEGATIVE,negative
02/12/2022,"The World Cup has had plenty of goals, shocks and memorable moments - but how much do you remember from the group stage?",0.079,0.921,0,-0.2023,NEGATIVE,negative
02/12/2022,"Ghana face Uruguay in the Qatar World Cup, bringing back memories of their controversial meeting in the 2010 quarter-finals.",0.091,0.909,0,-0.2023,NEGATIVE,negative
02/12/2022,"A retrial of Bruce Lehrmann - who denies rape - would endanger his accuser's life, prosecutors say.",0.385,0.615,0,-0.8176,NEGATIVE,negative
03/12/2022,Composer Sir James MacMillan was asked in 2011 to write new music for the funeral of Queen Elizabeth.,0.128,0.872,0,-0.3612,NEGATIVE,negative
03/12/2022,Watch Memphis Depay score for the Netherlands after a brilliant 21-pass move against the USA.,0,0.774,0.226,0.5859,POSITIVE,positive
03/12/2022,Cyril Ramaphosa is accused of keeping large sums of cash on his farm then covering up its theft.,0.115,0.885,0,-0.296,NEGATIVE,negative
03/12/2022,The measure - due to come into force on Monday - intensifies pressure on Russia over the Ukraine invasion.,0.121,0.879,0,-0.296,NEGATIVE,negative
03/12/2022,"Lionel Messi produces a moment of magic in his 1,000th career game as Argentina beat Australia to reach the World Cup quarter-finals.",0,0.948,0.052,0.0258,POSITIVE,positive
03/12/2022,"Huge growth in technology means women are desperately needed to fill more jobs, businesses say.",0.133,0.615,0.251,0.3182,POSITIVE,positive
03/12/2022,Tyson Fury retains his WBC world heavyweight title with a brutal 10th-round stoppage of Derek Chisora and set up a potential undisputed showdown with Oleksandr Usyk.,0.262,0.738,0,-0.8316,NEGATIVE,negative
03/12/2022,"Of 197 children taken in by Kent County Council this year, 39 are missing, figures show.",0.128,0.872,0,-0.296,NEGATIVE,negative
03/12/2022,"Brazil great Pele is ""still undergoing treatment and remains stable"" according to a statement from his hospital in Sao Paulo.",0,0.73,0.27,0.743,POSITIVE,positive
03/12/2022,"Rio Ferdinand describes Lionel Messi's game against Australia as the ""best individual performance"" of the World Cup, as Argentina won 2-1 to reach the quarter-finals.",0,0.71,0.29,0.8402,POSITIVE,positive
03/12/2022,"England may have broken records with the bat, but it is their effort with the ball that could see them to victory in the first Test in Pakistan, writes Stephan Shemilt.",0.064,0.936,0,-0.2617,NEGATIVE,negative
03/12/2022,Four Palestinians were shot dead by Israeli troops during confrontations on one day this week.,0.343,0.657,0,-0.7783,NEGATIVE,negative
03/12/2022,BBC pundit Jermaine Jenas explains why Senegal have a winning mentality after enjoying two huge triumphs already this year.,0,0.536,0.464,0.9022,POSITIVE,positive
03/12/2022,Disabled people face a severe housing shortage as English cities fail to plan for accessibility.,0.424,0.576,0,-0.7964,NEGATIVE,negative
03/12/2022,Jon Lewis is set to take charge of England for the first time on their tour of the Caribbean - what challenges does he face in the role?,0,0.952,0.048,0.0772,POSITIVE,positive
03/12/2022,Louis van Gaal is not to everyone's taste in the Netherlands but his side countered their critics to reach the World Cup quarter-finals.,0.112,0.842,0.046,-0.3919,NEGATIVE,negative
03/12/2022,Watch highlights as goals from Lionel Messi and Julian Alvarez help Argentina reach the quarter-finals with victory against a spirited Australia side.,0,0.747,0.253,0.6249,POSITIVE,positive
03/12/2022,Elnaz Rekabi became a hero of the protest movement after competing abroad with her hair uncovered.,0.108,0.699,0.194,0.3818,POSITIVE,positive
03/12/2022,Gareth Southgate says England's tag as 'favourites' means nothing as the Three Lions prepare to face Senegal in the World Cup last-16 in Qatar.,0.46636364,0.47906455,0.05457186,0.998615384,NEGATIVE,negative
03/12/2022,Dean Burns urges other parents with any concerns about their children's health to get them checked.,0.10158775,0.85433954,0.044072747,0.995077848,NEGATIVE,negative
03/12/2022,The British Museum is said to have held secret talks with Greece about returning the sculptures.,0.044236228,0.9207637,0.035000093,0.833785355,NEGATIVE,negative
03/12/2022,The actress tells the BBC ministers should make firms enforce strict age limits on their platforms.,0.15104067,0.81815404,0.030805275,0.997428119,NEGATIVE,negative
03/12/2022,"Russia captured Mariupol earlier this year, and the images suggest it is consolidating its presence.",0.039349217,0.8503702,0.11028059,0.990199268,POSITIVE,positive
03/12/2022,The home secretary says Michael Lockwood is the subject of a probe into a historical allegation.,0.12354365,0.8582642,0.018192181,0.946860254,POSITIVE,positive
03/12/2022,"""I spend most Monday evenings in tears,"" says Father Dominic Cawdell, of St Peter's in Flintshire.",0.731711,0.24667613,0.021612888,0.902983248,NEGATIVE,negative
03/12/2022,Saturday's front pages focus on the rise of the bacteria infection and the first extracts from the former health secretary's diaries.,0.3722471,0.6061523,0.021600664,0.963525593,POSITIVE,positive
03/12/2022,The 17th Century crown has been removed from the Tower of London to be altered for the Coronation.,0.12092217,0.8533581,0.025719758,0.942743719,NEGATIVE,negative
03/12/2022,England are through to the last 16 of the World Cup but if they want to go further they must overcome a 'dangerous' Senegal side who are hoping to make Africa proud.,0,0.751,0.249,0.8519,POSITIVE,positive
03/12/2022,"A special body suit for people with cerebral palsy, multiple sclerosis and strokes has had some remarkable results.",0,0.704,0.296,0.743,POSITIVE,positive
03/12/2022,"On his 1,000th appearance in professional football, Lionel Messi stepped up again to keep Argentina's World Cup dream alive.",0,0.787,0.213,0.5574,POSITIVE,positive
03/12/2022,"As actress Kate Winslet says more can be done to protect children, is the Online Safety Bill enough, asks Laura Kuenssberg?",0,0.779,0.221,0.6597,POSITIVE,positive
04/12/2022,"Experts give tips on how to make your Christmas cheaper, greener and just as joyful.",0,0.782,0.218,0.5994,POSITIVE,positive
04/12/2022,Nick Robinson looks at the biggest risks taken by Liz Truss during her seven weeks in No 10 - and why they did not succeed.,0.248,0.752,0,-0.7121,NEGATIVE,negative
04/12/2022,Why England's emphatic win over Senegal to set up a World Cup quarter-final with France was more proof of Gareth Southgate's sure touch in team selection.,0,0.79,0.21,0.7269,POSITIVE,positive
04/12/2022,"Nadhim Zahawi says President Putin ""wants to see"" strikes, as he outlines plans to avoid disruption.",0.356,0.644,0,-0.7351,NEGATIVE,negative
04/12/2022,Watch highlights as England produce a dominant display to beat Senegal 3-0 and reach the World Cup quarter-finals.,0,0.936,0.064,0.0258,POSITIVE,positive
04/12/2022,"Jude Bellingham's record-setting performance against Senegal led England team-mate Phil Foden to declare the 19-year-old ""will be the best midfielder in the world"".",0,0.84,0.16,0.6369,POSITIVE,positive
04/12/2022,"Huge growth in technology means women are desperately needed to fill more jobs, businesses say.",0.133,0.615,0.251,0.3182,POSITIVE,positive
04/12/2022,David Gilliver has won awards for his Macro photography putting tiny figurines into imaginative scenes.,0,0.66,0.34,0.7717,POSITIVE,positive
04/12/2022,The repeal of a gay sex ban ends a period where authorities actively targeted homosexual men.,0.201,0.67,0.128,-0.3182,NEGATIVE,negative
04/12/2022,The move would mark a concession to protesters but it has not been confirmed by other authorities.,0.088,0.912,0,-0.1154,NEGATIVE,negative
04/12/2022,"Ngozi Fulani told the BBC her encounter with Lady Susan Hussey was like an ""interrogation"".",0,0.848,0.152,0.3612,POSITIVE,positive
04/12/2022,"The father of seven-year-old Hanna Roap, describes how his ""bubbly""daughter died within hours.",0.231,0.769,0,-0.5574,NEGATIVE,negative
04/12/2022,Sofia lives in cramped conditions with her boyfriend and his mother after strikes destroyed their home.,0.289,0.711,0,-0.6908,NEGATIVE,negative
04/12/2022,The union rejected an offer from train companies which included an 8% pay rise over two years.,0.239,0.761,0,-0.5719,NEGATIVE,negative
04/12/2022,Watch a different view of Jude Bellingham's game-changing performance for England as he played a key role in their opening two goals against Senegal.,0,0.897,0.103,0.34,POSITIVE,positive
04/12/2022,"With money tight, there are ways you can organise a Christmas party without the financial hangover.",0,0.838,0.162,0.4019,POSITIVE,positive
04/12/2022,"England manager Gareth Southgate praised his side's ""ruthless"" display against Senegal that sets up an ""acid test"" game against defending champions France in the World Cup quarter-finals.",0,0.791,0.209,0.765,POSITIVE,positive
04/12/2022,The Cultural Food Hub is making sure each bag given matches the needs of the person receiving it.,0,0.881,0.119,0.3182,POSITIVE,positive
04/12/2022,"Sunday's headlines focus on England's World Cup match, and alleged tensions between Prince William and Prince Harry.",0.144,0.856,0,-0.4019,NEGATIVE,negative
04/12/2022,"How one woman survived a notorious kidnapping, only to be traumatised by how she was treated afterwards.",0.279,0.575,0.146,-0.4588,NEGATIVE,negative
04/12/2022,The Callisto Protocol has been cancelled in Japan for being too gruesome but its makers are unapologetic.,0.086,0.914,0,-0.128,NEGATIVE,negative
04/12/2022,Football fans turned out in droves across England to watch the Three Lions triumph over Senegal.,0,0.829,0.171,0.4767,POSITIVE,positive
04/12/2022,"England's emphatic victory over Senegal to set up a World Cup quarter-final with France was more proof of Gareth Southgate's sure touch in team selection, writes Phil McNulty.",0,0.919,0.081,0.3182,POSITIVE,positive
04/12/2022,"Olivier Giroud becomes France's all-time top scorer, but he is upstaged by the performance of Kylian Mbappe in their last-16 win over Poland.",0,0.761,0.239,0.765,POSITIVE,positive
04/12/2022,Jude Bellingham is voted the star player by BBC Sport readers as England beat Senegal to progress to the quarter-finals of the Fifa World Cup in Qatar.,0,0.903,0.097,0.4215,POSITIVE,positive
04/12/2022,England will meet France in the World Cup quarter-finals on Saturday after an impressive demolition of Senegal at Al Bayt Stadium.,0,0.858,0.142,0.5106,POSITIVE,positive
04/12/2022,The astronauts installed new solar panels to give the International Space Station more power.,0.007319799,0.45393556,0.5387447,0.98516196,POSITIVE,positive
04/12/2022,"Aminu Adamu Mohammed, 24, describes the experience as the ''darkest hours'' of his life.",0.5763319,0.39818344,0.025484642,0.996322989,NEGATIVE,negative
04/12/2022,Raheem Sterling is leaving the England World Cup squad in Qatar after a break-in that occurred at his home in the UK while his family were in.,0.3601555,0.62510467,0.014739883,0.999120176,NEGATIVE,negative
04/12/2022,"Captain Ben Stokes and coach Brendon McCullum are ""pioneers"" in their approach to Test cricket, according to England assistant Paul Collingwood.",0.007791547,0.58986974,0.40233874,0.999718845,POSITIVE,positive
04/12/2022,"Watch the best of Kylian Mbappe's ""explosive"" performance as France beat Poland 3-1 to reach the World Cup quarter-finals.",0,0.762,0.238,0.6486,POSITIVE,positive
04/12/2022,Preview followed by live coverage of Monday's Fifa World Cup second-round match between Brazil and South Korea.,0.005437327,0.9212891,0.073273644,0.642039776,NEGATIVE,negative
04/12/2022,England will take on France in a mouth-watering World Cup quarter-final clash on Saturday. Here's what you need to know.,0.025013462,0.7412343,0.23375222,0.998796105,POSITIVE,positive
04/12/2022,England captain Harry Kane scores his first goal of the 2022 World Cup to double their lead against Senegal in the last 16.,0.002042323,0.54583234,0.45212537,0.999089479,POSITIVE,positive
04/12/2022,A selection of striking images from our readers around the world.,0.00194321,0.16580057,0.83225626,0.999874711,POSITIVE,positive
04/12/2022,"Former Formula 1 driver Patrick Tambay, most famous for his time with Ferrari in the 1980s, dies aged 73.",0.11865476,0.7259217,0.15542358,0.927177489,NEGATIVE,negative
05/12/2022,"First-half goals from Vinicius Jr, Neymar, Richarlison and Lucas Paqueta book Brazil's place in the quarter-finals of the World Cup after a dominant 4-1 victory over South Korea.",0.001880598,0.19247721,0.8056422,0.999273956,POSITIVE,positive
05/12/2022,Watch as Brazil put on a scintillating display of football and dancing during their 4-1 victory over South Korea.,0.00219492,0.11261601,0.88518906,0.998122275,POSITIVE,positive
05/12/2022,"Before Spain's World Cup last-16 tie against Morocco, Spanish football expert Guillem Balague takes a look inside the world of coach Luis Enrique.",0.028922204,0.93098927,0.040088557,0.998760462,POSITIVE,positive
05/12/2022,Why Brazil's dominant performance against South Korea in the last 16 of the World Cup is the biggest indicator of their prowess during this tournament.,0.003459378,0.2267701,0.7697705,0.999429524,POSITIVE,positive
05/12/2022,South Korea coach Paulo Bento says he is leaving his role following his team's elimination from the 2022 World Cup against Brazil.,0.30295715,0.6816837,0.015359114,0.999324441,NEGATIVE,negative
05/12/2022,England face France in a mouth-watering World Cup quarter-final on Saturday - here's all the key details.,0.014331383,0.6151678,0.37050083,0.998447657,POSITIVE,positive
05/12/2022,"Brazil's dominant performance against Croatia in the last 16 of the World Cup is the biggest indicator of their prowess during this year's tournament, writes Phil McNulty.",0.002873416,0.16313161,0.8339949,0.999593198,POSITIVE,positive
05/12/2022,"Student Chris explores trying to change the way he speaks, out of a concern his accent may hold him back.",0.37608972,0.6047796,0.019130724,0.906375527,NEGATIVE,negative
05/12/2022,Industrial action has been announced for December and January.,0.019361012,0.9427353,0.037903678,0.921795964,NEGATIVE,negative
05/12/2022,Sir Keir Starmer is to launch a report proposing far-reaching reforms to the UK's political system.,0.01196764,0.7950097,0.19302261,0.997025311,POSITIVE,positive
05/12/2022,Fifa opens disciplinary proceedings against Uruguay's FA and four players over their conduct at the end of their final World Cup group game against Ghana.,0.57314783,0.4203414,0.006510764,0.95239234,NEGATIVE,negative
05/12/2022,"Surbhi Gupta, who was laid off in the US, on the uncertainties she and other visa holders are dealing with.",0.112,0.888,0,-0.34,NEGATIVE,negative
05/12/2022,Warren Gatland says he is putting his legacy on the line by agreeing to become Wales coach for a second time as he replaces Wayne Pivac.,0,0.909,0.091,0.34,POSITIVE,positive
05/12/2022,"Hundreds of thousands of workers have walked out, or threatened to, causing widespread disruption.",0.314,0.686,0,-0.6705,NEGATIVE,negative
05/12/2022,"As 10 men finally go to trial over the 2016 Brussels attacks, the BBC speaks to victims' families.",0.245,0.755,0,-0.6369,NEGATIVE,negative
05/12/2022,The BBC speaks to people who have had difficulty getting refunds from the electronic money firm.,0.138,0.862,0,-0.34,NEGATIVE,negative
05/12/2022,"If you want to know what the government's plan is, look at what it does rather than what it says.",0,0.936,0.064,0.0772,POSITIVE,positive
05/12/2022,A landslide public vote chooses the 2022 word of the year from options prepared by lexicographers.,0,0.881,0.119,0.2263,POSITIVE,positive
05/12/2022,"Orla Guerin reports from Port-au-Prince, where Haitians live in fear of killings, kidnappings and rape.",0.508,0.492,0,-0.9246,NEGATIVE,negative
05/12/2022,BBC Sport and Opta analyse the 279 World Cup shootout penalties to see the best ways to score your kick.,0,0.819,0.181,0.6369,POSITIVE,positive
05/12/2022,Reaction to Prince Harry and Meghan's new documentary dominates some of Tuesday's front pages.,0,0.915,0.085,0.0516,POSITIVE,positive
05/12/2022,Ex-health secretary accuses Tory peer of being threatening when trying to secure a contract for a firm.,0.287,0.594,0.119,-0.5267,NEGATIVE,negative
05/12/2022,Celebrities from across the world enjoyed an evening of glitz and glamour at the awards.,0,0.553,0.447,0.8658,POSITIVE,positive
05/12/2022,Brazil deliver an ominous message to their World Cup rivals with a dazzling display of attacking brilliance to dismantle South Korea and set up a quarter-final against Croatia.,0.167,0.712,0.121,-0.128,NEGATIVE,negative
05/12/2022,"If there were any lingering doubts, England's first-Test win against Pakistan fully vindicates the philosophy of Ben Stokes and Brendon McCullum, writes Stephan Shemilt",0.074,0.703,0.224,0.6697,POSITIVE,positive
05/12/2022,The latest deadly strikes on Ukrainian infrastructure caused significant disruption to the power grid.,0.281,0.618,0.101,-0.4939,NEGATIVE,negative
05/12/2022,Croatia's experience tells as they win on penalties but it is heartbreak again for Japan in the World Cup last 16.,0.191,0.718,0.091,-0.5647,NEGATIVE,negative
05/12/2022,The 19-year-old midfielder celebrated England's 3-0 win with his parents Mark and Denise.,0,0.595,0.405,0.8176,POSITIVE,positive
05/12/2022,"Nurses, posties, teachers and lecturers are going on strike. Here's a simple rundown of why and how.",0.091,0.909,0,-0.128,NEGATIVE,negative
05/12/2022,"Explosive, tempting, shocking - the French newspapers have gone heavy on the adjectives as they await a World Cup quarter-final against England.",0.122,0.814,0.063,-0.3182,NEGATIVE,negative
05/12/2022,"Carnival dancing, world-class goals, party tricks in abundance and plenty in yellow enjoying themselves - this was Brazil at their magical best.",0.052,0.59,0.358,0.8689,POSITIVE,positive
05/12/2022,"Prince Harry describes the ""pain and suffering of women marrying into"" the Royal Family in a new clip.",0.299,0.701,0,-0.7506,NEGATIVE,negative
05/12/2022,Former England captain Alan Shearer says the Three Lions have nothing to fear about the teams left in the World Cup.,0,0.884,0.116,0.3875,POSITIVE,positive
05/12/2022,England's 3-0 win against Senegal at the World Cup dominates Monday's front pages.,0,0.688,0.312,0.6124,POSITIVE,positive
05/12/2022,Actor Maxine Peake stages pioneering Parliamentarian Betty Boothroyd's story as a comedy musical.,0,0.815,0.185,0.3612,POSITIVE,positive
05/12/2022,"The union is urging its members to reject a new offer, which will be put to a ballot.",0.153,0.847,0,-0.4019,NEGATIVE,negative
05/12/2022,"A child in Hampshire has died of strep A, officials confirm, bringing the total deaths to eight.",0.194,0.806,0,-0.5574,NEGATIVE,negative
05/12/2022,"Girl band Flo, pop singer Cat Burns and dance act Piri & Tommy are all tipped for success in 2023.",0,0.829,0.171,0.5719,POSITIVE,positive
05/12/2022,"The ship fires its main engine near the Moon, committing itself to a return to Earth on Sunday.",0,0.925,0.075,0.0772,POSITIVE,positive
06/12/2022,Everything you need to know about director James Cameron's long-awaited second trip to Pandora.,0.011393083,0.79200053,0.19660641,0.775699615,NEGATIVE,negative
06/12/2022,"As England prepare to face France in the World Cup quarter-finals, here are some key things to know about Les Bleus' star forward Kylian Mbappe.",0.022805177,0.89159596,0.08559888,0.998348117,POSITIVE,positive
06/12/2022,The north African team beat Spain on penalties in their World Cup last 16 match.,0.014021013,0.87374395,0.11223501,0.987877369,POSITIVE,positive
06/12/2022,There have been different claims made about how much rail workers get paid.,0.29632163,0.679638,0.02404033,0.986247241,NEGATIVE,negative
06/12/2022,Kimberley set up Tots in Need during a Covid lockdown after seeing a need for baby banks in Walsall.,0.080158606,0.887381,0.032460395,0.987080753,NEGATIVE,negative
06/12/2022,"The business is synonymous with the former president, but neither he or his family were on trial.",0.40532228,0.57328,0.021397777,0.998151839,NEGATIVE,negative
06/12/2022,Vivien Prior's grandmother fell pregnant while working as a housekeeper for a priest in Scotland.,0.4765123,0.50960606,0.013881614,0.990828037,NEGATIVE,negative
06/12/2022,People are urged to look out for friends and family amid unseasonably cold temperatures this week.,0,0.829,0.171,0.4767,POSITIVE,positive
06/12/2022,"Fewer banks and shops, but beauty parlours prosper - BBC analysis of Ordnance Survey data has found.",0,0.743,0.257,0.7351,POSITIVE,positive
06/12/2022,Yields of tomatoes and other crops are set to hit a record low as farmers struggle with surging costs.,0.216,0.784,0,-0.5267,NEGATIVE,negative
06/12/2022,"Watch his best moments as 21-year-old Goncalo Ramos, who replaced Cristiano Ronaldo in the starting line-up for Portugal, runs riot against Switzerland, netting a hat-trick in their 6-1 victory.",0.107,0.769,0.124,0.1531,POSITIVE,positive
06/12/2022,Cold weather payments are available to some as temperatures stay low.,0.174,0.826,0,-0.2732,NEGATIVE,negative
06/12/2022,The impacts of the upcoming strike by ambulance staff dominate some of Wednesday's front pages.,0.188,0.812,0,-0.25,NEGATIVE,negative
06/12/2022,Holiday hotspots like Bali are still recovering from the pandemic - now new laws could derail them again.,0.103,0.654,0.243,0.4588,POSITIVE,positive
06/12/2022,"From ""the greatest team rugby has ever seen"" to the worst season in more than a decade, Eddie Jones fell short of expectations in the end.",0.131,0.735,0.134,0.0258,POSITIVE,positive
06/12/2022,Morocco's history-making win is given the royal seal of approval with a call from their King after Achraf Hakimi’s penalty proves him the coolest man in the stadium.,0.088,0.708,0.204,0.5994,POSITIVE,positive
06/12/2022,"Spain are out of the World Cup after losing on penalties to Morocco in the last 16, so what next for the team and manager Luis Enrique?",0.091,0.909,0,-0.3818,NEGATIVE,negative
06/12/2022,Jan Mustafa's daughter says she's still dealing with grief after her body was found in a freezer.,0.176,0.824,0,-0.4939,NEGATIVE,negative
06/12/2022,British Jews talk about the dilemma of listening to the rapper after his antisemitic comments.,0.108,0.892,0,-0.1779,NEGATIVE,negative
06/12/2022,"Hundreds of thousands of workers have walked out, or threatened to, causing widespread disruption.",0.314,0.686,0,-0.6705,NEGATIVE,negative
06/12/2022,The duo are being recognised by Radio 1 for their outstanding contribution to dance music.,0,0.765,0.235,0.6124,POSITIVE,positive
06/12/2022,"Booming just a few years ago, the market for plant-based proteins is going through a tough patch.",0.097,0.903,0,-0.128,NEGATIVE,negative
06/12/2022,"As a six-month trial of working 80% of hours for 100% of pay ends, some firms say there is no going back.",0.159,0.841,0,-0.3818,NEGATIVE,negative
06/12/2022,Fewer banks and shops but more tattoo studios and beauty salons since 2020 - how does your High Street compare?,0,0.776,0.224,0.7351,POSITIVE,positive
06/12/2022,The government awarded thousands of contracts to private companies during the pandemic.,0,0.803,0.197,0.4019,POSITIVE,positive
06/12/2022,Cristina Fernández is found guilty of fraud over the award of public work contracts to a friend.,0.261,0.474,0.265,0.0258,POSITIVE,positive
06/12/2022,The government says it will rewrite a planning rule restricting new turbines in England.,0.178,0.822,0,-0.3818,NEGATIVE,negative
06/12/2022,"Stephen Bear denies voyeurism and two counts of disclosing private, sexual photographs and films.",0.177,0.823,0,-0.4215,NEGATIVE,negative
06/12/2022,The presenter leaves the tent after three series helping oversee signature bakes and show stoppers.,0,0.864,0.136,0.296,POSITIVE,positive
06/12/2022,"Experts uncover a ""once-in-a-lifetime"" discovery near Northampton of international significance.",0,0.792,0.208,0.2732,POSITIVE,positive
06/12/2022,Achraf Hakimi makes himself a hero with a chipped winning penalty as Morocco stun Spain in a shootout after a goalless draw to reach the World Cup quarter-finals.,0.096,0.643,0.26,0.6249,POSITIVE,positive
06/12/2022,"From stealthing to downblousing, the coining of specific terms is allowing women around the world to share experiences of abuse that have traditionally gone unrecognised - but what is actually changing?",0.081,0.87,0.05,-0.25,NEGATIVE,negative
06/12/2022,"Cristiano Ronaldo is reduced to the role of the superstar nobody wants as Portugal follow Man Utd's lead in deciding they might just be better off without him, writes Phil McNulty",0,0.912,0.088,0.4404,POSITIVE,positive
06/12/2022,A horrific gang rape and murder shocked the world in 2012 - has anything changed for women in India?,0.553,0.447,0,-0.9524,NEGATIVE,negative
06/12/2022,"BBC journalists have been able to identify more people killed in Iran, and research confirmed that high numbers come from ethnic minority groups.",0.178,0.822,0,-0.6983,NEGATIVE,negative
06/12/2022,The innovative BBC season reflects on a decade of change in a tumultuous year which has seen women taking centre stage.,0,0.861,0.139,0.4404,POSITIVE,positive
06/12/2022,"Croatia are ready to challenge ""terrifying favourites"" Brazil in their World Cup quarter-final on Friday, says manager Zlatko Dalic.",0.157,0.681,0.162,-0.2263,NEGATIVE,negative
06/12/2022,Portugal coach Fernando Santos drops Cristiano Ronaldo and is rewarded with a hat-trick from replacement Goncalo Ramos as they beat Switzerland to reach last eight.,0,0.837,0.163,0.5106,POSITIVE,positive
06/12/2022,"England comfortably beat Senegal to set up a quarter-final tie with France, so who would you choose in your Three Lions starting XI?",0,0.882,0.118,0.4215,POSITIVE,positive
06/12/2022,The South Korean ambassador to Brazil hosted a party as the two countries clashed in the World Cup.,0,0.856,0.144,0.4019,POSITIVE,positive
06/12/2022,Michael O'Neill agrees to return for a second spell as Northern Ireland manager after successfully concluding talks with the Irish FA.,0,0.783,0.217,0.6124,POSITIVE,positive
06/12/2022,"Before kick-off in Portugal's 6-1 win over Switzerland, all the talk was about Cristiano Ronaldo. By full-time, it was all about 21-year-old Goncalo Ramos.",0,0.858,0.142,0.5859,POSITIVE,positive
06/12/2022,Former Barcelona and Cameroon striker Samuel Eto'o apologises after an altercation with a man following a match at the World Cup in Qatar.,0,0.917,0.083,0.2023,POSITIVE,positive
06/12/2022,Achraf Hakimi scores the winning penalty to send Morocco into the quarter-finals of the World Cup at the expense of Spain.,0.118,0.748,0.134,0.1027,POSITIVE,positive
06/12/2022,Andy Zaltzman assesses England's astonishing win over Pakistan and shows why it was one of the most exceptional Test matches of all time.,0,0.853,0.147,0.5859,POSITIVE,positive
06/12/2022,The north African team reach the quarter-finals for the first time after beating Spain on penalties.,0.166,0.773,0.061,-0.4404,NEGATIVE,negative
06/12/2022,British Jews talk about the dilemma of listening to the rapper after his anti-Semitic comments.,0.108,0.892,0,-0.1779,NEGATIVE,negative
06/12/2022,Eigon Oliver tells BBC Sport's Nesta McGregor what life is like as a Neymar lookalike.,0,0.839,0.161,0.3612,POSITIVE,positive
07/12/2022,Cold Weather Payments are available to some if temperatures stay low.,0.174,0.826,0,-0.2732,NEGATIVE,negative
07/12/2022,A taskforce has also been set up to unlock spare beds and theatres in the private sector.,0.010032451,0.86352205,0.12644558,0.852591455,NEGATIVE,negative
07/12/2022,Airport border force strikes and Matt Hancock's decision to stand down dominate Thursday's papers.,0.25,0.75,0,-0.4588,NEGATIVE,negative
07/12/2022,Health officials advise warming living rooms in the day and bedrooms at night during the cold spell.,0,0.909,0.091,0.1531,POSITIVE,positive
07/12/2022,"Lottery numbers, the Queen's death and elections couldn't outperform US search interest in one thing...",0.196,0.653,0.151,-0.2263,NEGATIVE,negative
07/12/2022,England are considering sticking with Ollie Pope behind the stumps for the second Test against Pakistan in Multan starting on Friday.,0.021408038,0.954078,0.024514014,0.943518937,NEGATIVE,negative
07/12/2022,The Duke and Duchess are releasing a new documentary as part of a lucrative deal with Netflix,0.001542693,0.34145674,0.65700054,0.980185866,POSITIVE,positive
07/12/2022,The last 16 of the World Cup had it all - but how much do you remember? Take our Question of Sport quiz.,0.113818355,0.782161,0.104020655,0.992262483,NEGATIVE,negative
07/12/2022,Genetic material extracted from soil has revealed the ancient plants and animals of North Greenland.,0.016656682,0.85799897,0.12534443,0.997990131,POSITIVE,positive
07/12/2022,"Alan Shearer sits down with Liam Loftus to answer questions from the BBC Sport audience about England, Jude Bellingham and whether ""prime"" Alan could get into this England team.",0.055557508,0.90026927,0.044173244,0.843286395,POSITIVE,positive
07/12/2022,"Croatia take on Brazil, the Netherlands face Argentina, Morocco meet Portugal and England are up against France in the World Cup quarter-finals - here's all the key details.",0.019401867,0.90211725,0.07848084,0.99818629,POSITIVE,positive
07/12/2022,These energy-efficient suggestions will keep the oven turned off.,0.027437432,0.44830397,0.5242586,0.969119251,NEGATIVE,negative
07/12/2022,BBC Sport takes a look inside a sensory room at a World Cup stadium in Qatar.,0.060256604,0.9042694,0.035473928,0.990896761,POSITIVE,positive
07/12/2022,"The family of Lisa Dorrian say she does not deserve to be out there alone, as Crimestoppers offer £20,000.",0.1,0.9,0,-0.25,NEGATIVE,negative
07/12/2022,The UK is being hit with the first major cold snap of the winter amid rising fuel costs.,0.7217357,0.25875148,0.019512787,0.985121727,NEGATIVE,negative
07/12/2022,The Russian leader insists his country would only use its nuclear arsenal in response to a strike.,0.091,0.909,0,-0.128,NEGATIVE,negative
07/12/2022,"The historic first World Cup in the Middle East has been controversial, but how have the travelling supporters found the host nation?",0.055,0.792,0.152,0.5346,POSITIVE,positive
07/12/2022,Climate experts and Tory MPs argued the Cumbria mine would scupper UK efforts to lower emissions.,0.251,0.749,0,-0.5719,NEGATIVE,negative
07/12/2022,Double Olympic taekwondo champion Steven Lopez has life ban for sexual abuse claims overturned on appeal by the Court of Arbitration for Sport.,0.246,0.631,0.123,-0.5994,NEGATIVE,negative
07/12/2022,"Lionel Messi, Cristiano Ronaldo, Kylian Mbappe, Neymar - all the big names are ready to do battle in a stellar World Cup quarter-finals line-up.",0.104,0.797,0.1,-0.0258,NEGATIVE,negative
07/12/2022,"An annual poll suggests that women, on average worldwide, are getting angrier. Why might this be?",0.18,0.82,0,-0.5106,NEGATIVE,negative
07/12/2022,"Harry Maguire says England ""really believe"" they can win the World Cup in Qatar, unlike in 2018.",0,0.808,0.192,0.5859,POSITIVE,positive
07/12/2022,"Fifa says it is ""deeply saddened"" following the reported death of a migrant worker at a World Cup facility in Qatar.",0.309,0.691,0,-0.8221,NEGATIVE,negative
07/12/2022,"The Lawn Tennis Association is fined £820,000 by the ATP for banning Russian and Belarusian players from this summer's grass-court events.",0.6741302,0.31558213,0.010287657,0.996781826,NEGATIVE,negative
07/12/2022,Arsenal remain in control of their Champions League group as they navigate a tricky victory over Juventus at Emirates Stadium.,0.073,0.773,0.155,0.4215,POSITIVE,positive
07/12/2022,A visual guide to what is causing the cold snap across the UK and how unusual it is for temperatures to fall so low in December.,0.103,0.897,0,-0.4101,NEGATIVE,negative
07/12/2022,"After seven years in charge, Eddie Jones' reign is a difficult one to assess, writes rugby union correspondent Chris Jones.",0.122,0.878,0,-0.3612,NEGATIVE,negative
07/12/2022,Veronica Ryan's winning works include giant sculptures of Caribbean fruits on a street in Hackney.,0,0.793,0.207,0.5267,POSITIVE,positive
07/12/2022,"Kyle Walker says he will ""not roll out a red carpet"" for Kylian Mbappe when England meet France in their World Cup quarter-final.",0.1292688,0.82343096,0.047300287,0.997638464,NEGATIVE,negative
07/12/2022,"Julian Knight suspended as Conservative MP after complaint made to Metropolitan Police, party spokeswoman says",0.265,0.6,0.135,-0.3818,NEGATIVE,negative
07/12/2022,Open AI's ChatGPT generates convincing human-like answers in response to human prompts.,0,0.803,0.197,0.4019,POSITIVE,positive
07/12/2022,The Duke and Duchess of Sussex's Netflix series promises the inside story of why they left their royal roles.,0,0.874,0.126,0.3818,POSITIVE,positive
07/12/2022,The controversial brewer is told an advert for its fruit beers could mislead consumers.,0.122,0.878,0,-0.2023,NEGATIVE,negative
07/12/2022,Motorists are being urged to take precautions amid cold weather alerts and warnings across the UK.,0.128,0.872,0,-0.296,NEGATIVE,negative
08/12/2022,Listen to commentary from French broadcaster TF1 as Olivier Giroud becomes France's leading men's scorer and Kylian Mbappe scores twice in their 3-1 last-16 win over Poland at the World Cup.,0,0.888,0.112,0.5859,POSITIVE,positive
08/12/2022,Vittorio Pozzo is the only coach to have won successive men's World Cup titles but remains relatively little known - for one reason.,0,0.837,0.163,0.4404,POSITIVE,positive
08/12/2022,"England are ""just getting started"" with their thrilling results and performances, according to assistant coach Marcus Trescothick.",0,0.838,0.162,0.4767,POSITIVE,positive
08/12/2022,The last survivor of the famous Dambusters raid of WW2.,0,0.783,0.217,0.3612,POSITIVE,positive
08/12/2022,A visual guide to what is causing the cold weather across the UK and how unusual it is for temperatures to fall so low in December.,0.103,0.897,0,-0.4101,NEGATIVE,negative
08/12/2022,Can Luke Modric inspire Croatia to a shock World Cup quarter-final victory against Brazil in Qatar on Friday?,0.122,0.704,0.174,0.2732,POSITIVE,positive
08/12/2022,"Outside the stadiums and on the streets, music and dance acts from around the globe are keeping fans entertained long after the final whistle.",0,0.895,0.105,0.4019,POSITIVE,positive
08/12/2022,"The 19-year-old's family say justice is ""complete"" as US citizen Anne Sacoolas is sentenced.",0.067,0.727,0.206,0.5106,POSITIVE,positive
08/12/2022,Rules introduced after the financial crisis in 2008 aimed at limiting risks will be eased.,0.304,0.588,0.108,-0.6124,NEGATIVE,negative
08/12/2022,The US and Russia were willing to talk despite worsening relations - but there were limits to the deal.,0,0.907,0.093,0.1877,POSITIVE,positive
08/12/2022,"Luis Enrique leaves his role as Spain manager after their World Cup exit, with under-21s boss Luis de la Fuente the recommended replacement.",0,0.924,0.076,0.2023,POSITIVE,positive
08/12/2022,Homeowners are worried about higher mortgage costs - but lenders must help those struggling.,0.281,0.531,0.188,-0.1901,NEGATIVE,negative
08/12/2022,Chelsea draw 1-1 at Real Madrid to miss chance to wrap up qualification for Women's Champions League quarter-finals.,0.073,0.682,0.245,0.5859,POSITIVE,positive
08/12/2022,"Meghan and Harry's Netflix series featured a number of selfies of the pair, here are some of the best.",0,0.744,0.256,0.6705,POSITIVE,positive
08/12/2022,The BBC's Jonny Dymond analyses the footage shared in Harry and Meghan's Netflix documentary.,0,0.844,0.156,0.34,POSITIVE,positive
08/12/2022,There were no bombshells about the Royal Family in the first half of the Harry and Meghan series.,0.115,0.885,0,-0.296,NEGATIVE,negative
08/12/2022,"Louis van Gaal is one of the most decorated managers in football, but his biggest challenge has been off the pitch since being diagnosed with cancer two years ago.",0.177,0.781,0.042,-0.7684,NEGATIVE,negative
08/12/2022,"England manager Gareth Southgate is not given enough credit for the job he has done, says midfielder Kalvin Phillips.",0.108,0.892,0,-0.2924,NEGATIVE,negative
08/12/2022,"And, luckily for them, it happens to be one sung by one of the couple's best friends - Elton John.",0,0.602,0.398,0.891,POSITIVE,positive
08/12/2022,Brittney Griner flies home to the US while notorious arms dealer Viktor Bout returns to Russia.,0.162,0.838,0,-0.4404,NEGATIVE,negative
08/12/2022,Thousands of people face disruption to their festive travel plans due to railway strikes.,0.263,0.579,0.158,-0.25,NEGATIVE,negative
08/12/2022,Ex-President Pedro Castillo is impeached and accused of rebellion after he tried to dissolve parliament.,0.222,0.778,0,-0.4019,NEGATIVE,negative
08/12/2022,"Three years after winning in the High Court, hundreds of sub-postmasters are still waiting for compensation.",0,0.815,0.185,0.5267,POSITIVE,positive
08/12/2022,The government is exploring the idea of stopping some emergency service workers from walking out.,0.244,0.756,0,-0.4939,NEGATIVE,negative
08/12/2022,Cold Weather Payments are available to some if temperatures stay low.,0.174,0.826,0,-0.2732,NEGATIVE,negative
08/12/2022,"As the cost of living crisis bites, butcher Gary Peline has bought a mobile shop to keep his business going.",0.186,0.814,0,-0.6249,NEGATIVE,negative
08/12/2022,Some hints and tips to help you manage your children's Christmas expectations.,0,0.803,0.197,0.4019,POSITIVE,positive
08/12/2022,The BBC's home and legal correspondent Dominic Casciani explains the case in under three minutes.,0,0.903,0.097,0.128,POSITIVE,positive
08/12/2022,"A shortage of beds is causing severe overcrowding in A&E and putting patients at risk, doctors warn.",0.403,0.597,0,-0.7269,NEGATIVE,negative
08/12/2022,"EU ministers vote to admit Croatia to the Schengen zone, but Romania and Bulgaria must wait.",0,0.915,0.085,0.1027,POSITIVE,positive
08/12/2022,"Many surgeries are struggling to deal with increased demands as strep A cases rise, doctors say.",0.156,0.726,0.117,-0.1779,NEGATIVE,negative
08/12/2022,"There are concerns the revised criminal code could threaten democracy, human rights and free speech.",0.282,0.563,0.155,-0.4019,NEGATIVE,negative
08/12/2022,The Russian president has vowed to continue attacking Ukraine's energy infrastructure.,0.213,0.638,0.149,-0.2263,NEGATIVE,negative
08/12/2022,"A Danish investigation will look at a historic scandal in Greenland, but women tell the BBC of recent involuntary contraception.",0.103,0.897,0,-0.2382,NEGATIVE,negative
08/12/2022,The ITVX series tackles a serious subject with a big dollop of searing British humour.,0.084,0.714,0.201,0.4215,POSITIVE,positive
08/12/2022,"Microsoft said it would fight to buy Activision Blizzard, the studio behind games such as Call of Duty.",0.133,0.867,0,-0.3818,NEGATIVE,negative
08/12/2022,Sarah Chan has overcome racism and violence to become the first woman to manage African scouting for an NBA team.,0.313,0.687,0,-0.8481,NEGATIVE,negative
08/12/2022,Reaction to the Duke and Duchess of Sussex's new Netflix series dominates Friday's papers.,0,0.915,0.085,0.0516,POSITIVE,positive
08/12/2022,"In recent years, some world leaders have been making arguments for countries becoming more self-reliant.",0.162,0.838,0,-0.4019,NEGATIVE,negative
08/12/2022,The Duke and Duchess are releasing a new documentary as part of a lucrative deal with Netflix,0.001542693,0.34145674,0.65700054,0.980185866,POSITIVE,positive
08/12/2022,"The first episodes of Harry and Meghan's new documentary have dropped, here's what to look out for.",0.024960022,0.9087097,0.066330366,0.99825412,NEGATIVE,negative
08/12/2022,The first three episodes of the six-part bombshell series Harry & Meghan have been released.,0.005374357,0.908946,0.08567959,0.798348606,POSITIVE,positive
08/12/2022,"Two appetizing showdowns - Croatia v Brazil and Netherlands v Argentina - kick off the World Cup quarter-final stage on Friday, and you can watch it all on the BBC.",0.00273764,0.17398123,0.8232811,0.989740849,POSITIVE,positive
08/12/2022,Jimmy and Tommy Lindesay are covering the equivalent of a marathon every day for six months.,0.093496,0.82090694,0.085597076,0.975115895,NEGATIVE,negative
08/12/2022,How closely have you been paying attention to what's been going on over the past seven days?,0.10549879,0.872002,0.02249924,0.971916556,NEGATIVE,negative
08/12/2022,Anyone receiving change in post offices across the UK may get a King Charles 50p coin for the first time.,0.003000672,0.634808,0.36219132,0.967112243,NEGATIVE,negative
09/12/2022,Watch the full penalty shootout as Croatia beat Brazil to progress to the World Cup semi-finals.,0.152,0.707,0.141,-0.0516,NEGATIVE,negative
09/12/2022,"France forward Kylian Mbappe is ""ignoring the talk about him"" before Saturday's World Cup quarter-final against England, says captain Hugo Lloris.",0.119,0.881,0,-0.4019,NEGATIVE,negative
09/12/2022,"Honduras's president pledged to relax abortion laws, but an abortion-pill black market still thrives.",0,0.87,0.13,0.2382,POSITIVE,positive
09/12/2022,"About 115,000 postal workers are taking part in the dispute with Royal Mail.",0.184,0.816,0,-0.4019,NEGATIVE,negative
09/12/2022,"In October, James Corden was accused of stealing a Ricky Gervais joke on The Late Late Show.",0.28,0.616,0.104,-0.5719,NEGATIVE,negative
09/12/2022,"A four-year-old who was fighting for her life with a strep A infection is recovering, her grandmother says.",0.152,0.848,0,-0.3612,NEGATIVE,negative
09/12/2022,"Seychelles is one of the first countries to map its seagrasses nationwide, which are a huge store of carbon.",0,0.881,0.119,0.3182,POSITIVE,positive
09/12/2022,Lionel Messi's World Cup dream lives on after Argentina edge out the Netherlands 4-3 on penalties after a hugely dramatic quarter-final finished 2-2 after extra-time at Lusail Stadium.,0,0.929,0.071,0.25,POSITIVE,positive
09/12/2022,Where might the match be won when England meet reigning champions France in Saturday's tantalising World Cup quarter-final?,0,0.693,0.307,0.7964,POSITIVE,positive
09/12/2022,"Sky Brown, Jessica Gadirova and Andrea Spendolini-Sirieix are shortlisted for the BBC's Young Sports Personality 2022 award.",0,0.821,0.179,0.5423,POSITIVE,positive
09/12/2022,"Louise Morgan pays £71 a day for her two sons, Teddy and Dexter, to go to nursery.",0.22350651,0.72662956,0.049863964,0.933829665,POSITIVE,positive
09/12/2022,Brazil had danced into the quarter-finals of the World Cup but their dreams of a showpiece jig in the final ended in tears at Education City Stadium.,0.079,0.803,0.119,0.296,POSITIVE,positive
09/12/2022,"From phones to exercise bikes, the market for second-hand kit is booming as shoppers search for bargains.",0.003654308,0.19039224,0.8059534,0.972768307,POSITIVE,positive
09/12/2022,"After he almost drowned, the star refocused on his music career and ended up singing at Eurovision.",0.184,0.816,0,-0.5584,NEGATIVE,negative
09/12/2022,"Millions of pieces of mail have been piling up ahead of the action, the CWU union says.",0.41739655,0.5550347,0.027568743,0.943850815,POSITIVE,positive
09/12/2022,The BBC spoke to a striking worker on the picket line and someone who chose to work on Friday.,0.10483513,0.83945245,0.05571249,0.969733179,NEGATIVE,negative
09/12/2022,"England are now established as genuine contenders as they prepare to meet World Cup holders France, says manager Gareth Southgate.",0.004685245,0.3381092,0.6572056,0.999621153,POSITIVE,positive
09/12/2022,Opinion on Cristiano Ronaldo - a Portugal icon for two decades - has shifted quickly as a new band of stars emerge.,0.02314275,0.5964354,0.3804218,0.994336545,POSITIVE,positive
09/12/2022,The World Cup's first temporary ground - Stadium 974 - will soon be dismantled. But what happens next?,0.4890732,0.4813254,0.029601412,0.999643683,NEGATIVE,negative
09/12/2022,The US actress says she hasn’t landed a Hollywood role since revealing her MS diagnosis.,0.71046525,0.27808815,0.011446602,0.996366978,NEGATIVE,negative
09/12/2022,"Pakistan leg-spinner Abrar Ahmed says he is ""not a magician"" after taking seven wickets on the first day of his Test debut against England.",0.22509979,0.72545516,0.049444996,0.999741852,NEGATIVE,negative
09/12/2022,Watch the full penalty shootout as Argentina beat the Netherlands to progress to the World Cup semi-finals.,0.144,0.721,0.135,-0.0516,NEGATIVE,negative
09/12/2022,"Maids in Qatar often work long hours without a day off, despite changes to employment law.",0.35851362,0.6063511,0.03513532,0.551284969,POSITIVE,positive
09/12/2022,"Money, ID cards, flags, and even their own king: meet the Germans who refuse to recognise the state.",0.115,0.885,0,-0.296,NEGATIVE,negative
09/12/2022,J Alexander Kueng is already serving time for a federal sentence for violating Mr Floyd's civil rights.,0.197,0.73,0.073,-0.4939,NEGATIVE,negative
09/12/2022,"Nimco Ali says she's on a ""completely different planet"" from the home secretary during a broadcast interview.",0.2545129,0.6906746,0.054812398,0.980549514,POSITIVE,positive
09/12/2022,The couple's press secretary rejects claims they stepped back from royal life to protect their privacy.,0.162,0.707,0.131,-0.1531,NEGATIVE,negative
09/12/2022,"Sixteen children have now died with invasive strep A since September, health officials say.",0.231,0.769,0,-0.5574,NEGATIVE,negative
09/12/2022,Maximuscle founder Zef Eisenberg was killed attempting a land speed record at Elvington in 2020.,0.257,0.743,0,-0.6705,NEGATIVE,negative
09/12/2022,Emancipation tells the true story of “Whipped Peter” and his escape during the US Civil War.,0.182,0.607,0.21,-0.1027,NEGATIVE,negative
09/12/2022,Saturday's front pages focus on the potential impact of upcoming strikes and England's World Cup quarter-final match against France.,0.122,0.878,0,-0.3612,NEGATIVE,negative
09/12/2022,"While scientists agree on the dire state of life on Earth, they don't always agree on how we should describe it.",0.115,0.692,0.192,0.25,POSITIVE,positive
09/12/2022,Two British PMs have left office this year. So what do premiers do once they're no longer in power?,0.109,0.891,0,-0.296,NEGATIVE,negative
09/12/2022,Cold Weather Payments are available to some if temperatures stay low.,0.174,0.826,0,-0.2732,NEGATIVE,negative
09/12/2022,"The couple tell their ""truth"" about love, the media and racism, but many questions remain unanswered.",0.133,0.731,0.136,0.0129,POSITIVE,positive
09/12/2022,A visual guide to what is causing the cold weather across the UK and how unusual it is for temperatures to fall so low in December.,0.103,0.897,0,-0.4101,NEGATIVE,negative
09/12/2022,A new extinction list reveals grave conservation concern for a 'sea cow' that inspired tales of mermaids.,0.138,0.691,0.17,0.1531,POSITIVE,positive
09/12/2022,The trust has apologised to a woman for failing to admit a surgeon was responsible for a massive haemorrhage.,0.143,0.476,0.381,0.5423,POSITIVE,positive
09/12/2022,England and France are ready for their historic first knockout match in a men's tournament as they meet in the quarter-finals on the 2022 World Cup in Qatar.,0,0.912,0.088,0.3612,POSITIVE,positive
09/12/2022,A Canadian judge approves legal action by parents who say their children were addicted to the video game.,0,0.781,0.219,0.4939,POSITIVE,positive
09/12/2022,"Temperatures across the UK plummet overnight, dipping as low as -9.1C in the Scottish Highlands.",0.13,0.87,0,-0.2732,NEGATIVE,negative
09/12/2022,The UK is being hit with the first major cold snap of the winter amid rising fuel costs.,0.7217357,0.25875148,0.019512787,0.985121727,NEGATIVE,negative
09/12/2022,The Seattle-area killings made headlines after TikTok refused to remove video of the victims' bodies.,0.429,0.571,0,-0.8402,NEGATIVE,negative
09/12/2022,The Union of Jewish Students says it has lost confidence in the National Union of Students.,0.117,0.714,0.168,0.25,POSITIVE,positive
10/12/2022,"Louise Morgan pays £71 a day for her two sons, Teddy and Dexter, to go to nursery.",0.22350651,0.72662956,0.049863964,0.933829665,POSITIVE,positive
10/12/2022,The former FTX boss says he would give anything to start a new business and repay crypto investors.,0.01963164,0.5673213,0.4130471,0.992308736,NEGATIVE,negative
10/12/2022,"England manager Gareth Southgate says he will ""review and reflect"" on his side's World Cup quarter-final exit with the FA before making a decision on his future.",0.13365357,0.8337787,0.032567788,0.885838509,POSITIVE,positive
10/12/2022,"Harry Kane equals the England scoring record with his 53rd goal, netting in the World Cup quarter-final to move alongside Wayne Rooney.",0.002073384,0.4598993,0.5380273,0.998987377,POSITIVE,positive
10/12/2022,Fifa opens disciplinary proceedings against Argentina and the Netherlands after their bad-tempered 2022 World Cup quarter-final.,0.59070593,0.3965486,0.012745433,0.948990345,NEGATIVE,negative
10/12/2022,England go out of the World Cup as goals from Aurelien Tchouameni and Olivier Giroud give France a 2-1 victory and a place in the semi-finals against Morocco.,0.015462688,0.73600066,0.24853666,0.999367535,POSITIVE,positive
10/12/2022,"Thousands gathered in Chicago at the 2022 Midwest FurFest, the world's 'largest' furry convention.",0.003801525,0.637887,0.35831147,0.998836935,POSITIVE,positive
10/12/2022,"President Joe Biden's administration tells Paul Whelan, convicted of espionage, to ""keep the faith"".",0.32382208,0.63708377,0.039094158,0.996331155,POSITIVE,positive
10/12/2022,Watch all of France's goals from the 2022 World Cup in Qatar as they prepare to take on Morocco in the semi-finals.,0.00641995,0.88648313,0.10709686,0.999077797,POSITIVE,positive
10/12/2022,Washington says it has seen reports that the countries are considering jointly producing drones.,0.12690671,0.85137707,0.021716293,0.78335464,NEGATIVE,negative
10/12/2022,The event was set up to replace an annual lion hunt due to waning numbers of the animal in Kenya.,0.17948674,0.7805276,0.03998567,0.996922314,NEGATIVE,negative
10/12/2022,Two female Afghan writers give a glimpse of how women have been coping since the fall of the regime.,0.02379924,0.8687963,0.107404485,0.998780906,POSITIVE,positive
10/12/2022,BBC Sport's England reporter Kelly Somers takes us inside England's World Cup camp before Saturday's quarter-final against France.,0.019563958,0.90581745,0.07461856,0.994620562,POSITIVE,positive
10/12/2022,Scotland and south-east and west of England bear the brunt with temperatures set to drop to -10C.,0.116,0.884,0,-0.2732,NEGATIVE,negative
10/12/2022,The marvellous Moroccans have lit up this World Cup - and their fans got reward by witnessing their side becoming the first from Africa to reach the semi-finals.,0,0.839,0.161,0.5859,POSITIVE,positive
10/12/2022,Prosecutors suspect the country tried to influence European Parliament decisions using bribery.,0.167,0.833,0,-0.296,NEGATIVE,negative
10/12/2022,West Side Story icon Rita Moreno says discrimination left her with an unfair share of rubbish film roles.,0.146,0.751,0.103,-0.2263,NEGATIVE,negative
10/12/2022,BBC Sport's Jermaine Jenas and Martin Keown react to England's 2-1 defeat by France in the 2022 World Cup quarter-finals.,0.136,0.864,0,-0.4588,NEGATIVE,negative
10/12/2022,"England are awarded a second penalty in their World Cup quarter-final against France after Theo Hernandez's elbow on Mason Mount, but Harry Kane blasts over from the spot.",0.069,0.867,0.064,-0.0387,NEGATIVE,negative
10/12/2022,"Grant Wahl, 48, collapses suddenly while watching the Argentina-Netherlands game.",0.173,0.63,0.197,0.0772,POSITIVE,positive
10/12/2022,"The actress died in hospital on Friday after surgery for a fall earlier in the week, her agent says.",0.175,0.825,0,-0.5574,NEGATIVE,negative
10/12/2022,"The UK wants better relations with nations which are neither bad guys nor allies, writes Laura Kuenssberg.",0,0.723,0.277,0.6956,POSITIVE,positive
10/12/2022,The Royal College of Nursing is calling on the government to negotiate with nurses and avoid strikes.,0.239,0.761,0,-0.5719,NEGATIVE,negative
10/12/2022,"Supporters cheer as the North African side beats Portugal, defying expectations.",0,0.592,0.408,0.7351,POSITIVE,positive
10/12/2022,"Yan Rachinsky, from rights group Memorial, tells the BBC he ignored the order from the Kremlin.",0.133,0.867,0,-0.3182,NEGATIVE,negative
10/12/2022,"England manager Gareth Southgate said he needs time to ""reflect"" when asked about his future following his side's exit from the World Cup with a 2-1 defeat by France.",0.1,0.9,0,-0.4588,NEGATIVE,negative
10/12/2022,"Argentina's vast hordes of fans were finally able to celebrate as a chaotic, dramatic World Cup quarter-final against the Netherlands was won on penalties, writes Phil McNulty",0.095,0.685,0.22,0.6369,POSITIVE,positive
10/12/2022,Youssef En-Nesyri's first-half header gives Morocco a 1-0 win over Portugal as they make history and become the first ever African side to reach the semi-finals of the World Cup.,0,0.846,0.154,0.5994,POSITIVE,positive
10/12/2022,Manchester United boss Erik ten Hag is keen to find a replacement for Cristiano Ronaldo when the transfer window opens next month.,0,0.782,0.218,0.6486,POSITIVE,positive
10/12/2022,Harry Kane took responsibility for England's World Cup exit after missing a crucial penalty during their 2-1 defeat to France.,0.339,0.661,0,-0.802,NEGATIVE,negative
10/12/2022,Watch the full-time scenes as Morocco celebrate making history by beating Portugal 1-0 to become the first side from Africa to reach the semi-finals of the World Cup.,0.091,0.762,0.146,0.2023,POSITIVE,positive
10/12/2022,Moroccan fans tell of pride and tears as their team makes it to the World Cup semi-finals.,0.098,0.777,0.124,0.128,POSITIVE,positive
10/12/2022,The North African side stuns Portugal in Qatar to reach its first World Cup semi-final.,0,0.855,0.145,0.0516,POSITIVE,positive
10/12/2022,Fans from Leeds and London watch as England are knocked out of the World Cup after losing to France.,0.126,0.874,0,-0.3818,NEGATIVE,negative
10/12/2022,"As England exit the World Cup at the quarter-final stage, BBC Sport's Phil McNulty says this loss feels even more painful than those of previous tournaments.",0.195,0.805,0,-0.702,NEGATIVE,negative
10/12/2022,Harry Kane misses a late penalty as France beat England in their World Cup quarter-final to set up a semi-final against Morocco.,0.214,0.786,0,-0.5994,NEGATIVE,negative
10/12/2022,"Cristiano Ronaldo's World Cup dream is over, and probably for good - but is his whole career also reaching the end of the road?",0,0.78,0.22,0.5647,POSITIVE,positive
10/12/2022,Bukayo Saka is rated the best player as England lose to France in the Fifa World Cup quarter-final in Qatar.,0.108,0.723,0.169,0.3612,POSITIVE,positive
11/12/2022,"Morocco becoming the first African team to reach the World Cup semi-finals can ""galvanise"" the continent, says top Caf official.",0,0.861,0.139,0.2263,POSITIVE,positive
11/12/2022,An explosion at a block of flats in St Helier leaves three people dead and a dozen missing.,0.42,0.58,0,-0.8555,NEGATIVE,negative
11/12/2022,Mother-of-five Charlotte Chapman says positive attitude gets her through any tough times.,0.099,0.662,0.238,0.4767,POSITIVE,positive
11/12/2022,Pictures of captain Harry Kane cover the front pages after England's World Cup loss to France.,0.133,0.867,0,-0.3182,NEGATIVE,negative
11/12/2022,Watch all the drama from England's World Cup quarter-final defeat by France in under two minutes.,0.167,0.833,0,-0.4588,NEGATIVE,negative
11/12/2022,How does the Women's Super League title race shape up after Manchester City and Manchester United played out a thrilling draw on Sunday?,0,0.596,0.404,0.9042,POSITIVE,positive
11/12/2022,Leeds fighter Josh Warrington is stunned on home soil as Luis Alberto Lopez wins by majority decision to take the IBF featherweight world title.,0.051,0.758,0.191,0.5994,POSITIVE,positive
11/12/2022,There is no update on their condition after the incident at Babbs Mill Park on Sunday.,0.128,0.872,0,-0.296,NEGATIVE,negative
11/12/2022,The Libyan man is accused of making the bomb which destroyed Pan Am flight 103 over Lockerbie.,0.091,0.579,0.331,0.7783,POSITIVE,positive
11/12/2022,Longstanding tensions between Kosovo's authorities and its Serb minority have risen again.,0.197,0.803,0,-0.4019,NEGATIVE,negative
11/12/2022,They pick an image from September's Highland Games for first festive card since Charles became King.,0,0.833,0.167,0.4588,POSITIVE,positive
11/12/2022,"Snow, ice and freezing fog sweep in over the weekend, with temperatures set to fall as low as -15C.",0.171,0.829,0,-0.3612,NEGATIVE,negative
11/12/2022,Thirteen-year-old Lissandro won with 203 points for his song Oh Maman! at the contest in Armenia.,0,0.79,0.21,0.6114,POSITIVE,positive
11/12/2022,A depleted Leicester clinch an away win with an efficient display at Ospreys in Pool B of the Heineken Champions Cup.,0,0.615,0.385,0.875,POSITIVE,positive
11/12/2022,The duo will make their fifth assault on the charts with a cover of Do They Know It's Christmas.,0.183,0.817,0,-0.5859,NEGATIVE,negative
11/12/2022,BBC Sport looks at the main talking points from UFC 282 as the judges' scoring in Paddy Pimblett's win and the main event attracts criticism.,0.092,0.701,0.207,0.5574,POSITIVE,positive
11/12/2022,Former England captain Alan Shearer says Gareth Southgate has shown he is the right man to take this exciting young team to the 2024 European Championship.,0,0.783,0.217,0.7684,POSITIVE,positive
11/12/2022,"Harry Kane says England will use their World Cup defeat by France to be ""mentally and physically stronger for the next challenge"" as they arrived home.",0.1,0.769,0.13,-0.0258,NEGATIVE,negative
11/12/2022,The most-watched single TV channel moment of 2022 sees England lose 2-1 to France in Qatar.,0.153,0.847,0,-0.4019,NEGATIVE,negative
11/12/2022,Fans watched as England are knocked out of the World Cup after losing to France.,0.157,0.843,0,-0.3818,NEGATIVE,negative
11/12/2022,Moroccan fans tell of pride and tears as their team makes it to the World Cup semi-finals.,0.098,0.777,0.124,0.128,POSITIVE,positive
11/12/2022,"Welsh voices filled global airwaves at the World Cup, but how much does singing matter back home?",0,0.933,0.067,0.0387,POSITIVE,positive
11/12/2022,Figures obtained by Labour through Freedom of Information requests reveal staff pressures in the NHS.,0.118,0.667,0.215,0.4404,POSITIVE,positive
11/12/2022,"England's second Test against Pakistan is ""50-50"", according to assistant coach Marcus Trescothick.",0.036014788,0.92639995,0.037585255,0.69716382,POSITIVE,positive
11/12/2022,"New way of altering DNA is used to engineer an ""exciting"", experimental therapy for a 13-year girl.",0.004566999,0.37438297,0.62105006,0.991108775,POSITIVE,positive
11/12/2022,"PSG putting together package to sign Manchester United's Rashford, Brazil's FA plans to contact Manchester City boss Guardiola, three English clubs make offers for Gvardiol, plus more.",0.014859534,0.9114769,0.073663615,0.988933921,POSITIVE,positive
11/12/2022,Laura Kuenssberg questions guests including NHS England's medical director and the foreign secretary.,0.1302928,0.83294266,0.036764458,0.904114425,POSITIVE,positive
11/12/2022,"The prime minister and health secretary both claim they would cost an extra £1,000 per household.",0.61976,0.36310285,0.01713716,0.991985083,NEGATIVE,negative
11/12/2022,"England manager Gareth Southgate says he is ""conflicted"" about his future, having ""found large parts of the last 18 months difficult"".",0.7360167,0.24630111,0.017682143,0.997745037,NEGATIVE,negative
11/12/2022,"Roxy Rhodes, 37, fell into a bath full of scalding hot water when she was two.",0.69458425,0.29543516,0.009980592,0.996735632,NEGATIVE,negative
11/12/2022,"After ten years, Ancient Rome sitcom Plebs is coming to an end with a feature-length finale.",0.39612916,0.5611123,0.04275856,0.997030139,NEGATIVE,negative
11/12/2022,"England captain Owen Farrell says the Rugby Football Union's decision to sack Eddie Jones as head coach was ""unbelievably disappointing"".",0.9155824,0.07771,0.006707551,0.999755681,NEGATIVE,negative
11/12/2022,"After a 26-day flight around the Moon, Nasa's future astronaut ship parachutes into the Pacific.",0.025780112,0.9265214,0.047698487,0.997288465,POSITIVE,positive
11/12/2022,"Kyiv's forces hit a hotel used by the mercenary group, according to Luhansk governor Serhiy Haidai.",0.23174801,0.7513684,0.01688358,0.997380316,NEGATIVE,negative
11/12/2022,England may be out but four teams remain in the Qatar World Cup. BBC Sport looks at the subplots before two semi-finals no-one predicted.,0.23074618,0.69589317,0.07336068,0.969497263,NEGATIVE,negative
11/12/2022,"England manager Gareth Southgate says he will ""review and reflect"" on his side's World Cup quarter-final exit with the FA before making a decision on his future.",0.13365357,0.8337787,0.032567788,0.885838509,POSITIVE,positive
11/12/2022,"Harry Kane equals the England scoring record with his 53rd goal, netting in the World Cup quarter-final to move alongside Wayne Rooney.",0.002073384,0.4598993,0.5380273,0.998987377,POSITIVE,positive
11/12/2022,"Four other residents are still unaccounted for, police say.",0.56744814,0.42291123,0.009640657,0.974306643,NEGATIVE,negative
12/12/2022,Seven of the nine people missing since the explosion are named by police.,0.155,0.845,0,-0.296,NEGATIVE,negative
12/12/2022,But there is confusion over who is being blamed in the latest trailer of the Harry and Meghan series.,0.29,0.71,0,-0.7876,NEGATIVE,negative
12/12/2022,"BBC analysis finds 51,000 Ukrainians have reached the end of their six-month sponsorship in the UK.",0,0.915,0.085,0.1027,POSITIVE,positive
12/12/2022,"No reason is given, but there is growing unease among Russians over President Putin's invasion of Ukraine.",0.243,0.66,0.097,-0.4767,NEGATIVE,negative
12/12/2022,Forecasters say the freezing conditions will bring more problems for travellers on Tuesday.,0.285,0.715,0,-0.5256,NEGATIVE,negative
12/12/2022,An officer tried to punch through the ice as emergency workers attempted to reach the children.,0.147,0.791,0.062,-0.3612,NEGATIVE,negative
12/12/2022,A record number of Nicaraguans are heading to the US as conditions worsen at home.,0.199,0.723,0.078,-0.4588,NEGATIVE,negative
12/12/2022,Eight finalists are named for the 2022 BBC Sports Personality Unsung Hero of the Year award.,0,0.664,0.336,0.7964,POSITIVE,positive
12/12/2022,A visual guide to what is causing the cold weather across the UK and how unusual it is for temperatures to fall so low in December.,0.103,0.897,0,-0.4101,NEGATIVE,negative
12/12/2022,Former England captain Alan Shearer says Gareth Southgate has shown he is the right man to take this exciting young team to the 2024 European Championship.,0,0.783,0.217,0.7684,POSITIVE,positive
12/12/2022,Former Masters champion Yan Bingtao is suspended from the World Snooker Tour as part of an ongoing investigation into match-fixing.,0.124,0.72,0.156,0.2023,POSITIVE,positive
12/12/2022,"Strikes in England, Wales and Northern Ireland are set to go ahead on Thursday after talks fail.",0.286,0.714,0,-0.7184,NEGATIVE,negative
12/12/2022,Hidden diaries sent to the BBC show the everyday risks and dangers that women face.,0.29,0.71,0,-0.6486,NEGATIVE,negative
12/12/2022,Children hospitalised after falling in a lake and troops to be used in strikes feature on front pages.,0.215,0.785,0,-0.4767,NEGATIVE,negative
12/12/2022,The dark comedy about feuding friends in 1920s Ireland leads the pack going into next year's awards.,0.107,0.537,0.355,0.7184,POSITIVE,positive
12/12/2022,Russian troops have reportedly been locked up for refusing to fight in the invasion of Ukraine.,0.275,0.725,0,-0.6486,NEGATIVE,negative
12/12/2022,West Bromwich Albion produce a superb second-half comeback to beat Sunderland and climb five places in the Championship.,0,0.682,0.318,0.7906,POSITIVE,positive
12/12/2022,Four people have been arrested over accusations Qatar bribed officials to try to win influence.,0.255,0.566,0.179,-0.1531,NEGATIVE,negative
12/12/2022,Zoe Conway sets out what you should know about the rail strike and other strike action this week.,0.158,0.842,0,-0.25,NEGATIVE,negative
12/12/2022,"Melvyn Ryan's granddaughter, Nicole Lea, says she was told no ambulances were available.",0.155,0.845,0,-0.296,NEGATIVE,negative
12/12/2022,"With winter weather here and energy prices up, here are some ways to save money on your bills.",0,0.751,0.249,0.6486,POSITIVE,positive
12/12/2022,Ross McCullam admitted Megan Newborough's manslaughter but had denied murder.,0.559,0.376,0.065,-0.9042,NEGATIVE,negative
12/12/2022,"Disruption on the railways is expected, with industrial action in December and January.",0.172,0.828,0,-0.3612,NEGATIVE,negative
12/12/2022,There may be an air of disappointment after England's World Cup exit but here is why fans of the Three Lions have reason to feel optimistic.,0.074,0.825,0.101,0.2023,POSITIVE,positive
12/12/2022,"Former Argentina defender Pablo Zabaleta says emotion is always a big part of how they play, but it feels like it is playing a bigger part than ever at this World Cup.",0,0.757,0.243,0.7469,POSITIVE,positive
12/12/2022,"As environmental and ethical concerns grow over pet food, some say cultivated meat is the solution.",0,0.714,0.286,0.6808,POSITIVE,positive
12/12/2022,Three people who live in a damp-ridden tower block have spoken of their health concerns about mould.,0.162,0.838,0,-0.4404,NEGATIVE,negative
12/12/2022,They may sing and dance like other musicians but they are made with artificial intelligence.,0,0.688,0.312,0.7096,POSITIVE,positive
12/12/2022,Abu Agila Masud is the first person charged on US soil in connection with the 1988 airline attack.,0.234,0.766,0,-0.5994,NEGATIVE,negative
12/12/2022,Heathrow and Gatwick also cancel flights after fog and snow sweeps the country.,0.143,0.857,0,-0.25,NEGATIVE,negative
12/12/2022,"Wintry scenes from across the country as the Met Office issues warnings of ice, fog and snow.",0.121,0.879,0,-0.296,NEGATIVE,negative
12/12/2022,The OBR says Britain's economy will shrink next year and grow only slowly in the years after that.,0.465618,0.47639424,0.057987735,0.999295235,NEGATIVE,negative
12/12/2022,"Prosecutors want the collection of more than 1,000 munitions to be used in any future court action.",0,0.925,0.075,0.0772,POSITIVE,positive
12/12/2022,Argentina's Lionel Messi and Luka Modric of Croatia have a lot in common - but only one will get a final chance to win a World Cup.,0,0.732,0.268,0.8271,POSITIVE,positive
12/12/2022,"Lionel Messi's presence will give Argentina a ""special advantage"" against Croatia in their World Cup semi-final, says defender Nicolas Tagliafico.",0,0.724,0.276,0.6249,POSITIVE,positive
12/12/2022,How Morocco fans celebrated as their national team became the first African and Arab country to reach a World Cup semi-final.,0,0.789,0.211,0.5859,POSITIVE,positive
12/12/2022,Can you name the 21 players to score in World Cup semi-finals since 2002?,0.061627183,0.90013736,0.038235486,0.965112686,POSITIVE,positive
12/12/2022,BBC Sport's Nesta McGregor takes a look at a cruise ship where football fans can stay for the 2022 World Cup in Qatar.,0.009615124,0.8882365,0.10214834,0.990755737,POSITIVE,positive
12/12/2022,"England manager Gareth Southgate says he is ""conflicted"" about his future, having ""found large parts of the last 18 months difficult"".",0.7360167,0.24630111,0.017682143,0.997745037,NEGATIVE,negative
12/12/2022,"Premiership Rugby is to ""relaunch"" for the 2024-25 season, as the league looks to recover from a turbulent period.",0.03925998,0.8106552,0.15008476,0.966138184,NEGATIVE,negative
12/12/2022,"The hosts of the podcast, downloaded more than 430m times, hint there's something else to come.",0.008919082,0.38852274,0.60255814,0.985703647,POSITIVE,positive
12/12/2022,Hedydd Elias says she was told in 2019 she would have to wait two-and-a-half years for NHS therapy.,0.61796725,0.3668111,0.015221693,0.998703361,NEGATIVE,negative
12/12/2022,BBC Sport's football expert Chris Sutton predicts the scores for the two World Cup semi-finals in Qatar.,0.050534684,0.90833706,0.041128244,0.981981814,POSITIVE,positive
12/12/2022,With Christmas fast approaching here's what you need to know before borrowing money.,0.17080128,0.7610822,0.0681165,0.997160316,NEGATIVE,negative
13/12/2022,"The boss of the UK's biggest rail union accuses the BBC of ""parroting"" the right-wing press.",0.138,0.862,0,-0.34,NEGATIVE,negative
13/12/2022,Victims of illegal money lenders tell BBC Spotlight how they faced a cycle of debt and intimidation.,0.483,0.517,0,-0.8807,NEGATIVE,negative
13/12/2022,"Argentina winning the World Cup will see Qatar 2022 become known as Lionel Messi's World Cup, says BBC Sport's Phil McNulty.",0,0.855,0.145,0.5267,POSITIVE,positive
13/12/2022,Belgium Football Association advertise for a new manager following their early World Cup exit.,0.21987939,0.73870236,0.041418236,0.727004826,NEGATIVE,negative
13/12/2022,Lionel Messi was voted player of the match as he led his side to the World Cup final with victory over Croatia in Qatar.,0.001824375,0.08771515,0.91046053,0.999758899,POSITIVE,positive
13/12/2022,"An Argentine pop song has become the unofficial World Cup anthem for Lionel Messi, the Argentina squad and fans.",0.006283169,0.55700696,0.43670994,0.998768628,POSITIVE,positive
13/12/2022,The BBC TV show co-host needed hospital treatment while filming at an aerodrome.,0.61975825,0.36731854,0.012923154,0.998357952,NEGATIVE,negative
13/12/2022,"The head of MI6 tweets far more than any other head past or present, MPs say.",0.15750037,0.7439314,0.09856819,0.894960105,POSITIVE,positive
13/12/2022,Abigail Kinoiki Kekaulike Kawānanakoa's ancestors include Hawaiian royalty and an Irish landowner.,0.048498314,0.9334321,0.018069575,0.994392991,POSITIVE,positive
13/12/2022,Why are Albanian migrants coming to the UK and how many have arrived?,0.31767404,0.6669716,0.015354308,0.992552042,NEGATIVE,negative
13/12/2022,"The Way of Water is the follow-up to 2009's Avatar, the highest-grossing movie of all time.",0.001260718,0.11484995,0.8838893,0.999471724,POSITIVE,positive
13/12/2022,Israeli researchers claim to have developed a flock of gene-edited hens that lay eggs from which only female chicks hatch.,0.02365946,0.91028076,0.066059716,0.986632288,NEGATIVE,negative
13/12/2022,A squad drawn from the diaspora who dance with their mums and demonstrate their Islamic faith - meet the Morocco players who have made World Cup history.,0,0.896,0.104,0.4215,POSITIVE,positive
13/12/2022,"Three months ago, France's Antoine Griezmann was a substitute amid a contract farce - now there is no stopping him in his second great World Cup.",0.22,0.642,0.139,-0.1027,NEGATIVE,negative
13/12/2022,Lionel Messi and Julian Alvarez shine for Argentina as they beat Croatia 3-0 to reach the World Cup final.,0,0.942,0.058,0.0258,POSITIVE,positive
13/12/2022,"Manager Walid Regragui says Morocco have ""great desire"" to pull off another shock as they aim to create more history and reach a World Cup final.",0.079,0.609,0.312,0.7693,POSITIVE,positive
13/12/2022,BBC Scotland's David Cowan recalls the trial 22 years ago of two men accused of the Lockerbie bombing.,0.115,0.885,0,-0.296,NEGATIVE,negative
13/12/2022,The airport apologised after double-amputee Tony Hudgell was forced to wait four-and-a-half hours.,0.195,0.714,0.091,-0.3818,NEGATIVE,negative
13/12/2022,Could nuclear fusion really provide the world with almost limitless supplies of energy?,0,0.851,0.149,0.2732,POSITIVE,positive
13/12/2022,"Argentina's ""young diamond"" Julian Alvarez sparkles in their 3-0 semi-final win over Croatia, the Man City striker scored twice and won a penalty to help his country secure a place in Sunday's World Cup final.",0.065,0.562,0.374,0.9231,POSITIVE,positive
13/12/2022,"Azeem Rafiq says he has ""been driven out of the country"" by ""threats and abuse"" since ""opening his heart out"" about racism at Yorkshire.",0.346,0.654,0,-0.9022,NEGATIVE,negative
13/12/2022,"France captain Hugo Lloris says ""it was not easy to find the words"" when he texted Tottenham team-mate Harry Kane after England's World Cup exit.",0.091,0.909,0,-0.3412,NEGATIVE,negative
13/12/2022,Lionel Messi was dubbed the greatest player of all time as he led Argentina into the World Cup final - and one last chance to win the most famous trophy of all.,0,0.737,0.263,0.875,POSITIVE,positive
13/12/2022,Testing by consumer group Which? finds some cheap lights fail to meet UK electrical safety regulations.,0.172,0.69,0.138,-0.1779,NEGATIVE,negative
13/12/2022,"Many of the front pages carry the story of the deaths of three boys in Solihull, as well as plans to use taxis as ambulances during strikes.",0.084,0.845,0.071,-0.1027,NEGATIVE,negative
13/12/2022,"A decade ago, a gunman opened fire at Sandy Hook Elementary in Connecticut, killing 26.",0.382,0.618,0,-0.7783,NEGATIVE,negative
13/12/2022,"What do BBC Sport users want to say to ""conflicted"" England manager Gareth Southgate as he considers his future?",0,0.933,0.067,0.0772,POSITIVE,positive
13/12/2022,"Former Argentina international Pablo Zabaleta calls Lionel Messi ""incredible"" as he wins his fourth player of the match award of the World Cup after inspiring his team to the final with a goal and assist during their 3-0 win over Croatia.",0,0.723,0.277,0.93,POSITIVE,positive
13/12/2022,US researchers have overcome a major barrier to achieving low-carbon nuclear fusion.,0.13,0.87,0,-0.128,NEGATIVE,negative
13/12/2022,"About 40,000 rail workers will start walking out on Tuesday in a row about jobs and pay.",0.085,0.915,0,-0.1027,NEGATIVE,negative
13/12/2022,Stephen Bear shared footage of himself having sex with a woman that ended up on the OnlyFans website.,0,0.87,0.13,0.34,POSITIVE,positive
13/12/2022,A visual guide to what is causing the cold weather across the UK and how unusual it is for temperatures to fall so low in December.,0.103,0.897,0,-0.4101,NEGATIVE,negative
13/12/2022,The Met Office says areas covered by the extended warning could see fresh snowfalls on higher ground.,0.122,0.761,0.117,-0.0258,NEGATIVE,negative
13/12/2022,"The Trust and Safety Council advised on how Twitter tackled hate speech, child abuse and self-harm.",0.304,0.462,0.235,-0.4215,NEGATIVE,negative
13/12/2022,Warren Gatland believes he can turn around Welsh rugby's fortunes once again after returning to the top job.,0,0.904,0.096,0.2023,POSITIVE,positive
13/12/2022,Rail disruption and another Royal Mail walkout - what you need to know by the BBC’s Zoe Conway.,0.242,0.758,0,-0.5859,NEGATIVE,negative
13/12/2022,"The photograph shows the family of five dressed casually, smiling and holding hands in Norfolk.",0,0.734,0.266,0.5719,POSITIVE,positive
13/12/2022,The chief spokesman and negotiator for the RMT has a crucial job as rail workers strike.,0.097,0.903,0,-0.128,NEGATIVE,negative
13/12/2022,"One victim is named locally as Jack Johnson, 10, as the Solihull community mourns their loss.",0.375,0.625,0,-0.7783,NEGATIVE,negative
13/12/2022,His wealth has been hit as shares in his electric carmaker Tesla have more than halved.,0,0.722,0.278,0.6597,POSITIVE,positive
13/12/2022,Lionel Messi and Julian Alvarez were on target as Argentina beat Croatia to reach the World Cup final.,0,0.939,0.061,0.0258,POSITIVE,positive
13/12/2022,Sam Bankman-Fried is accused of a scheme to defraud investors in failed crypto exchange FTX.,0.314,0.686,0,-0.6705,NEGATIVE,negative
13/12/2022,"Hundreds of thousands of workers have walked out, or threatened to, causing widespread disruption.",0.314,0.686,0,-0.6705,NEGATIVE,negative
14/12/2022,"Battery-powered lanterns and cleaning the fireplace, the BBC explores how habits are changing this winter.",0.032449406,0.8234737,0.14407699,0.992392778,POSITIVE,positive
14/12/2022,The dancer and actor was an integral part of Ellen DeGeneres' talk show until it ended this year.,0.008619804,0.6572499,0.33413026,0.652918398,NEGATIVE,negative
14/12/2022,Randal Kolo Muani scores France's second goal less than a minute after coming off the bench following some quick feet from Kylian Mbappe.,0.002984426,0.37912816,0.61788744,0.991742253,POSITIVE,positive
14/12/2022,Argentina forward Lionel Messi says Sunday's final against France or Morocco will be the last World Cup game of his career.,0.00606835,0.7152634,0.27866817,0.993976057,NEGATIVE,negative
14/12/2022,Syrian BBC journalist Lina Shaikhouni reflects on the first Arab World Cup.,0.04366437,0.9233707,0.03296486,0.996393859,POSITIVE,positive
14/12/2022,How the players rated as France beat Morocco in the Fifa World Cup semi-final in Qatar.,0.027177338,0.93434006,0.038482618,0.997709632,POSITIVE,positive
14/12/2022,France beat Morocco to set up a final potentially for the ages against Argentina as Kylian Mbappe meets Lionel Messi.,0.00451536,0.46957913,0.5259055,0.998493433,POSITIVE,positive
14/12/2022,"Hundreds of thousands of workers have walked out, or threatened to, causing widespread disruption.",0.314,0.686,0,-0.6705,NEGATIVE,negative
14/12/2022,"The former PM's paid appearances since September include speeches in America, India and Portugal.",0.031099068,0.9042611,0.06463988,0.944653034,POSITIVE,positive
14/12/2022,"In a rare show of discontent, personnel say they wait days or sometimes weeks for repairs.",0.727502,0.26399523,0.008502768,0.99923718,NEGATIVE,negative
14/12/2022,Use our calculator to find out how much the cost of living is going up in your household.,0.1095843,0.8244108,0.0660049,0.998409331,NEGATIVE,negative
14/12/2022,Some nurses can't join their colleagues on the picket lines for financial or practical reasons.,0.119,0.881,0,-0.2235,NEGATIVE,negative
14/12/2022,"If you're worried, the BBC's health reporter Laura Foster has some information to help.",0.13,0.71,0.16,0.128,POSITIVE,positive
14/12/2022,"In the Kurdistan region, women who feel trapped in abusive households often see suicide by self-immolation as their only way out.",0.402,0.598,0,-0.9201,NEGATIVE,negative
14/12/2022,Will a plan to protect 30% of the planet for nature by 2030 be agreed and how will it work?,0,0.783,0.217,0.5719,POSITIVE,positive
14/12/2022,Vaccine nurse says being descended from Henrietta Lacks helps her understand her patients' fears.,0.161,0.69,0.149,-0.0516,NEGATIVE,negative
14/12/2022,The rapper has accused her ex Tory Lanez of shooting her in the foot after a Hollywood party.,0.111,0.754,0.136,0.128,POSITIVE,positive
14/12/2022,Abrham Meareg and others are suing Meta for $2bn over claims its algorithm spread hate in Ethiopia.,0.279,0.721,0,-0.7003,NEGATIVE,negative
14/12/2022,Rail disruption and another Royal Mail walkout - what you need to know by the BBC’s Zoe Conway.,0.242,0.758,0,-0.5859,NEGATIVE,negative
14/12/2022,At least four people have died after a boat carrying migrants started sinking off the Kent coast.,0.194,0.806,0,-0.5574,NEGATIVE,negative
14/12/2022,Special forces killed two Afghan parents and shot their two boys. No one was held accountable.,0.299,0.58,0.121,-0.6124,NEGATIVE,negative
14/12/2022,"The World Cup dream is over for Morocco but there is no sadness, just sheer pride at their country's historic performance.",0.235,0.602,0.163,-0.4678,NEGATIVE,negative
14/12/2022,Bear was found guilty of sharing a video of himself having sex with Georgia Harrison without her consent.,0.21,0.658,0.132,-0.1695,NEGATIVE,negative
14/12/2022,Jordan McSweeney beat Zara Aleena to death as she walked home from a night out in east London.,0.196,0.804,0,-0.5994,NEGATIVE,negative
14/12/2022,Celebrations for Les Bleus as Moroccan fans are left in silent despair.,0.173,0.827,0,-0.3182,NEGATIVE,negative
14/12/2022,"The cost of living is increasing at its fastest rate in 40 years, due to rising food and energy prices.",0,0.9,0.1,0.2732,POSITIVE,positive
14/12/2022,Ollie Pope says batting is still his priority despite keeping wicket in England's two Test wins in Pakistan.,0,0.821,0.179,0.5719,POSITIVE,positive
14/12/2022,Jordan McSweeney refused to leave the Old Bailey's cells to be sentenced for Zara Aleena's murder.,0.434,0.566,0,-0.802,NEGATIVE,negative
14/12/2022,The six-year-old becomes the fourth boy to die after being pulled from the water in Solihull.,0.206,0.794,0,-0.5994,NEGATIVE,negative
14/12/2022,"What you need to know about the nurses' strike in England, Wales and NI - by the BBC’s Zoe Conway.",0.077,0.923,0,-0.128,NEGATIVE,negative
14/12/2022,Defending world champions France edge past Morocco at Al Bayt Stadium to set up a World Cup final against Argentina.,0,0.841,0.159,0.5267,POSITIVE,positive
14/12/2022,"Routine surgery is likely to be disrupted, but life-preserving and urgent care will still be provided.",0,0.683,0.317,0.7579,POSITIVE,positive
14/12/2022,"BBC pundits Alan Shearer, Didier Drogba and Rio Ferdinand were full of praise for Antoine Griezmann's all-round performance during France's 2-0 win over Morocco.",0,0.748,0.252,0.8126,POSITIVE,positive
14/12/2022,Everton cruise to a 3-0 victory over Spurs in the final Women's Super League game of 2022.,0,0.794,0.206,0.5994,POSITIVE,positive
14/12/2022,"American sports journalist Grant Wahl died from a ruptured aortic aneurysm at the World Cup in Qatar, his widow says.",0.156,0.736,0.108,-0.2732,NEGATIVE,negative
14/12/2022,Detectives still do not know the identity of the woman whose remains were found exactly 40 years ago.,0.67665267,0.3178254,0.005521914,0.997489214,NEGATIVE,negative
14/12/2022,"Buckingham Palace spread stories about Meghan to ""suit other peoples' agendas"", Meghan's lawyer says.",0.20035918,0.76095223,0.038688537,0.984443188,POSITIVE,positive
14/12/2022,"A second report finds widespread, ongoing misconduct in the United States' top-flight National Women's Soccer League (NWSL).",0,0.843,0.157,0.4215,POSITIVE,positive
14/12/2022,Moroccan hopes of being the first African side to reach the last two ended in a 2-0 defeat by France.,0.131,0.699,0.17,-0.0258,NEGATIVE,negative
14/12/2022,France will have a chance to defend their title they won in 2018 after beating Morocco 2-0 to reach World Cup final.,0.112,0.634,0.254,0.4215,POSITIVE,positive
14/12/2022,BBC Sport charts Morocco's journey to becoming the first African nation to reach the World Cup semi-finals as they prepare to take on France in the last four.,0,0.961,0.039,0.0258,POSITIVE,positive
14/12/2022,Morocco have drawn football fans' support around the globe ahead of their game against France.,0,0.838,0.162,0.4019,POSITIVE,positive
14/12/2022,"Royal Mail staff will begin further industrial action, joining a second day of rail strikes.",0.161,0.839,0,-0.3612,NEGATIVE,negative
14/12/2022,"Hundreds of people asked to help, after Alishah's family spoke about struggling to pay for hot meals.",0.201,0.67,0.129,-0.128,NEGATIVE,negative
14/12/2022,"The PM's plan for the asylum system, and the rail and nurses' strikes lead several of today's papers.",0.128,0.872,0,-0.3612,NEGATIVE,negative
15/12/2022,"As we build up to the World Cup final between Argentina and France, we want you to select your combined XI.",0,0.939,0.061,0.0772,POSITIVE,positive
15/12/2022,"BBC Sport pundits Alan Shearer, Rio Ferdinand and Didier Drogba discuss England manager Gareth Southgate's future.",0.060803555,0.9033097,0.0358867,0.995126605,POSITIVE,positive
15/12/2022,The World Cup host nation artificially produced huge amounts of water for daily use.,0,0.85,0.15,0.3182,POSITIVE,positive
15/12/2022,Fact-checking a claim made by Health Minister Maria Caulfield.,0.10839855,0.86362284,0.027978582,0.936661959,NEGATIVE,negative
15/12/2022,"Double Olympic champion Adam Peaty says ""I don't get bronze often"" after missing out on the 100m breaststroke title at the World Championships.",0.075,0.683,0.242,0.7096,POSITIVE,positive
15/12/2022,NHS staff on the picket line explain why they have taken strike action over pay and conditions.,0.162,0.838,0,-0.2263,NEGATIVE,negative
15/12/2022,"Hundreds of thousands of workers have walked out, or threatened to, causing widespread disruption.",0.314,0.686,0,-0.6705,NEGATIVE,negative
15/12/2022,"As nurses take part in the largest strike in NHS history, use our tool to see if your area is affected.",0.14,0.86,0,-0.2732,NEGATIVE,negative
15/12/2022,Video shows gushing water and submerged platforms as Storm Efraín shuts forces several stations.,0.14897957,0.81588465,0.03513571,0.953326225,NEGATIVE,negative
15/12/2022,Boris Becker is released from prison after serving eight months of his sentence for hiding £2.5m worth of assets and loans to avoid paying debts.,0.244,0.601,0.155,-0.5859,NEGATIVE,negative
15/12/2022,"Theo Clarke says public life is toxic for women, as she calls for MPs to be given maternity cover.",0.78835773,0.20382765,0.007814607,0.998431146,NEGATIVE,negative
15/12/2022,"Dr Nasser Mohamed, an openly gay Qatari, who no longer lives in Qatar, tells BBC Sport about starting an LGBTQ+ supporters' group.",0.088,0.797,0.116,0.1779,POSITIVE,positive
15/12/2022,The result of the Stretford and Urmston by-election is expected to be announced early on Friday.,0.00712067,0.9454372,0.047442086,0.966351032,NEGATIVE,negative
15/12/2022,How closely have you been paying attention to what's been going on over the past seven days?,0.10549879,0.872002,0.02249924,0.971916556,NEGATIVE,negative
15/12/2022,BBC royal correspondent looks at the royal rift at the centre of the new episodes of Harry and Meghan.,0.0568617,0.9031715,0.03996682,0.968180895,POSITIVE,positive
15/12/2022,"About 17,000 nurses at almost all health boards in Wales are striking for the first time over pay.",0.076,0.924,0,-0.1027,NEGATIVE,negative
15/12/2022,Athletics legend Usain Bolt is awarded the Lifetime Achievement award at BBC Sports Personality of the Year 2022.,0,0.721,0.279,0.7351,POSITIVE,positive
15/12/2022,Nurses belonging to the Royal College of Nursing union have voted to strike.,0.111,0.889,0,-0.128,NEGATIVE,negative
15/12/2022,Twitter owner Elon Musk's critics say the suspension contradicts his avowed commitment to free speech.,0.214,0.512,0.274,0.3182,POSITIVE,positive
15/12/2022,"Argentina captain Lionel Messi describes team-mate Julian Alvarez a ""spectacular"" and ""extraordinary"" after his World Cup semi-final double.",0.002539937,0.1507247,0.84673536,0.999844193,POSITIVE,positive
15/12/2022,"Tributes are paid to Jack Johnson, siblings Finlay and Samuel Butler and Thomas Stewart.",0.023352884,0.8408941,0.13575307,0.999094486,POSITIVE,positive
15/12/2022,England are considering handing a debut to 18-year-old leg-spinner Rehan Ahmed in the third Test against Pakistan.,0.016672425,0.9578105,0.025516985,0.969780147,POSITIVE,positive
15/12/2022,"About 115,000 postal workers are taking part in the dispute with Royal Mail.",0.184,0.816,0,-0.4019,NEGATIVE,negative
15/12/2022,The Netflix finale shows the family tensions and fallings out as Harry and Meghan left for the US.,0.137,0.863,0,-0.4019,NEGATIVE,negative
15/12/2022,Will Argentina's Lionel Messi or France's Kylian Mbappe inspire their nation to World Cup success? BBC Sport looks at other players who have been instrumental in earlier tournaments.,0,0.778,0.222,0.8126,POSITIVE,positive
15/12/2022,John Swinney has gone some way to address SNP criticisms with a budget that was devolution in action.,0.106,0.894,0,-0.2263,NEGATIVE,negative
15/12/2022,Arsenal are through to the quarter-finals of the Women's Champions League despite losing to holders Lyon in a match marred by an injury to striker Vivianne Miedema.,0.089,0.733,0.178,0.4184,POSITIVE,positive
15/12/2022,The global brewing giants highlight a brand's nationality but does it matter when they brew it overseas?,0,0.831,0.169,0.2144,POSITIVE,positive
15/12/2022,Several of Thursday's papers lead with the migrant boat that got into difficulty while crossing the Channel.,0.13,0.87,0,-0.34,NEGATIVE,negative
15/12/2022,"The rate at which prices are rising has fallen slightly, but inflation remains near a 40-year high.",0.104,0.896,0,-0.1901,NEGATIVE,negative
15/12/2022,The only bridge of its kind inspires a new production of Cinderella using long-string marionettes.,0,0.656,0.344,0.743,POSITIVE,positive
15/12/2022,A gift the officer received from a senior Ukrainian official explodes at police headquarters in Warsaw.,0.069,0.75,0.181,0.4215,POSITIVE,positive
15/12/2022,"About 1,700 properties are still cut off, despite dozens of staff being drafted in to fix the network.",0.11,0.89,0,-0.2732,NEGATIVE,negative
15/12/2022,Travellers face disruption on the railways and roads on Friday - by the BBC’s Zoe Conway.,0.152,0.848,0,-0.3612,NEGATIVE,negative
15/12/2022,The warning comes as Royal Mail staff walk out in a fight over pay and conditions.,0.348,0.652,0,-0.6597,NEGATIVE,negative
15/12/2022,"The CIA reiterates it ""never engaged"" the alleged assassin, Lee Harvey Oswald, as over 13,000 files go online.",0.117,0.883,0,-0.3089,NEGATIVE,negative
15/12/2022,"Interest rates have risen again as the cost if living goes up, so how could this affect you?",0,0.85,0.15,0.4588,POSITIVE,positive
15/12/2022,Tens of thousands of nurses have expressed anger and sadness at being on picket lines on Thursday.,0.306,0.694,0,-0.765,NEGATIVE,negative
15/12/2022,"A woman died at the scene and two children, aged four and six, died later in hospital, police say.",0.31,0.69,0,-0.802,NEGATIVE,negative
15/12/2022,Restrictions on liquids and removing electrical items from bags are to axed by June 2024.,0.141,0.859,0,-0.3182,NEGATIVE,negative
15/12/2022,"Interest rates are expected to rise again as the cost if living goes up, so how could this affect you?",0,0.864,0.136,0.4588,POSITIVE,positive
15/12/2022,"Everyone earning more than £43,662 will pay more next year as Scottish government looks to raise money for public services.",0.069,0.931,0,-0.1027,NEGATIVE,negative
15/12/2022,Heavy shelling of critical infrastructure knocks out the power supply to the entire Ukrainian port.,0.141,0.859,0,-0.3182,NEGATIVE,negative
15/12/2022,"Rangers ""had a lot of anxiety to get through"" before coming from behind twice in Michael Beale's first game in charge to edge out Hibernian as the Scottish Premiership returned.",0.057,0.943,0,-0.1779,NEGATIVE,negative
15/12/2022,High levels of maghemite were found in some air samples but it is not known if they are harmful.,0.4827122,0.5025622,0.014725567,0.794062197,NEGATIVE,negative
16/12/2022,Harry and Meghan say they lost a baby due to stress but experts say we need more miscarriage research.,0.182,0.818,0,-0.3716,NEGATIVE,negative
16/12/2022,Critics ask why the Swedish zoo shot the chimpanzees instead of tranquilising them.,0.155,0.845,0,-0.296,NEGATIVE,negative
16/12/2022,Cold Weather Payments are available to some owing to a run of sub-zero temperatures.,0.26746127,0.6618387,0.07069996,0.995797932,NEGATIVE,negative
16/12/2022,Lady Susan Hussey has met Sistah Space founder Ngozi Fulani at Buckingham Palace.,0.021794109,0.9541412,0.024064718,0.994651258,POSITIVE,positive
16/12/2022,The 42-year-old from Fife had to buy cheap replacement clothes from a market on the five-star trip.,0.4630178,0.5040746,0.032907605,0.999523282,NEGATIVE,negative
16/12/2022,If Bitcoin was a boxer it would be on its back on the canvas. It is down but is it out?,0.27138418,0.6749445,0.053671338,0.997035861,NEGATIVE,negative
16/12/2022,Katie Razzall's seven takeaways from the Duke and Duchess of Sussex's Netflix documentary,0.018458989,0.9157456,0.0657954,0.979528308,POSITIVE,positive
16/12/2022,BBC Sport's football expert Chris Sutton predicts the scores for the World Cup final between Argentina and France and the third-place play-off in Qatar.,0.03511139,0.9223597,0.04252896,0.967240274,POSITIVE,positive
16/12/2022,"The pair, who were on a secret mission with a new bomb design, crashed in North Yorkshire in 1944.",0.167,0.833,0,-0.4939,NEGATIVE,negative
16/12/2022,"Gabriel Maniak's tattoos on Phil Foden, Raheem Sterling and others have been seen by millions.",0.07797788,0.8477462,0.07427595,0.993370056,POSITIVE,positive
16/12/2022,So much of it has been seized in Europe's cocaine capital that authorities struggle to destroy it all.,0.266,0.734,0,-0.7003,NEGATIVE,negative
16/12/2022,Travel disruption the weekend before Christmas - the BBC’s Zoe Conway has what you need to know.,0.143,0.857,0,-0.3612,NEGATIVE,negative
16/12/2022,Saturday's front pages focus on the NHS strikes and tensions within the Royal Family.,0.302,0.698,0,-0.6369,NEGATIVE,negative
16/12/2022,Beau Greaves will make darts history at Alexandra Palace on Friday as the youngest woman to compete at the PDC World Championships.,0,0.868,0.132,0.4939,POSITIVE,positive
16/12/2022,"Social media videos and eyewitness accounts show a crush, the venue doors breached and violent clashes.",0.297,0.703,0,-0.6705,NEGATIVE,negative
16/12/2022,"Two people are injured as the Berlin aquarium, containing a million litres of water, bursts open.",0.162,0.838,0,-0.4019,NEGATIVE,negative
16/12/2022,A woman says she feared for her life during a crush at a gig where several people were badly hurt.,0.465,0.535,0,-0.8834,NEGATIVE,negative
16/12/2022,"More than 98% of them backed strikes after an offer of a 50p per hour pay rise, the GMB union says.",0.177,0.773,0.05,-0.4215,NEGATIVE,negative
16/12/2022,"Kharkiv suffers ""colossal"" damage as the latest wave of Russian strikes targets power supplies.",0.444,0.556,0,-0.8316,NEGATIVE,negative
16/12/2022,Senior figures fear the PM may be taking an overly cautious approach as the war enters a key phase.,0.362,0.638,0,-0.8176,NEGATIVE,negative
16/12/2022,"Disruption on the railways is expected, with industrial action in December and January.",0.172,0.828,0,-0.3612,NEGATIVE,negative
16/12/2022,"Police are investigating after two boys were found dead at a home in Dagenham, east London.",0.235,0.765,0,-0.6486,NEGATIVE,negative
16/12/2022,The nurses' strike and the fallout from Prince Harry's Netflix docuseries feature in several of Friday's papers.,0.086,0.914,0,-0.128,NEGATIVE,negative
16/12/2022,Nurses are striking over a pay offer recommended by a review body.,0.125,0.714,0.161,0.1027,POSITIVE,positive
16/12/2022,"Watch some of the best goals from the 2022 World Cup, featuring Marcus Rashford's free-kick for England against Wales and strikes by Brazil forward Richarlison and Kylian Mbappe of France.",0.072,0.807,0.121,0.4019,POSITIVE,positive
16/12/2022,"Fifa is to reconsider the format of the 2026 World Cup following the success of the four-group format at the 2022 tournament, says president Gianni Infantino.",0,0.871,0.129,0.5719,POSITIVE,positive
16/12/2022,Many female fans say they welcome the ban on selling alcohol in World Cup stadiums.,0.184,0.663,0.153,-0.1531,NEGATIVE,negative
16/12/2022,BBC Sport examines the young players who have impressed with their performances at the 2022 World Cup in Qatar.,0,0.853,0.147,0.4767,POSITIVE,positive
16/12/2022,"Morocco head coach Walid Regragui says his players can be proud that they are playing a seventh game at the 2022 World Cup, even though it is not Sunday's final.",0,0.846,0.154,0.5994,POSITIVE,positive
16/12/2022,The World Cup has nearly reached its conclusion - but how much do you remember of Qatar 2022?,0,0.93,0.07,0.0516,POSITIVE,positive
16/12/2022,"As Argentina look to win the World Cup for the first time since 1986, BBC Sport takes a closer at manager Lionel Scaloni.",0,0.847,0.153,0.5859,POSITIVE,positive
16/12/2022,France boss Didier Deschamps is on the verge of winning his third World Cup and his second as a manager - but how has he done it?,0,0.916,0.084,0.296,POSITIVE,positive
16/12/2022,Watch behind-the-scenes footage and match action from Lionel Messi's stunning semi-final performance in Argentina's World Cup semi-final win against Croatia.,0,0.738,0.262,0.7506,POSITIVE,positive
16/12/2022,Chelsea claim a quarter-final spot in the Women's Champions League with ease after beating Vllaznia in their penultimate group match.,0.12,0.643,0.237,0.4404,POSITIVE,positive
16/12/2022,Birmingham City move up to seventh in the Championship as Troy Deeney's early double helps beat Paul Ince's Reading.,0,0.756,0.244,0.6705,POSITIVE,positive
16/12/2022,"Christmas lights await England, but not before the chance of a 3-0 clean sweep over Pakistan in Karachi, the 'City of Lights'.",0.085,0.724,0.191,0.3899,POSITIVE,positive
17/12/2022,"Argentina are aiming to lift the World Cup for the first time since 1986, while France are hoping to win successive tournaments.",0,0.686,0.314,0.8271,POSITIVE,positive
17/12/2022,A Kyiv metro station and bomb shelter is transformed into a TV studio for the selection programme.,0.186,0.814,0,-0.4939,NEGATIVE,negative
17/12/2022,"Rebecca Ikumelo's family say she was well respected for her ""care, kindness and love"".",0,0.573,0.427,0.802,POSITIVE,positive
17/12/2022,Fine Gael's Leo Varadkar is the leader under a deal with government partners Fianna Fáil.,0,0.878,0.122,0.2023,POSITIVE,positive
17/12/2022,"Hamza Yassin, Fleur East, Helen Skelton and Molly Rainford all hope to land the glitterball trophy.",0,0.838,0.162,0.4404,POSITIVE,positive
17/12/2022,People are being advised not to travel on the railways as workers continue strikes on Saturday.,0.143,0.857,0,-0.3612,NEGATIVE,negative
17/12/2022,"Health bosses warn of ""extensive disruption"" as staff are set to walk out on December 21 and 28.",0.196,0.804,0,-0.4404,NEGATIVE,negative
17/12/2022,Victim support groups warn that scams targeting those looking to save money have soared.,0.329,0.405,0.266,-0.1027,NEGATIVE,negative
17/12/2022,"Friends and colleagues say his plans may be hard to predict, but they wouldn't bet against him.",0.066,0.822,0.112,0.2144,POSITIVE,positive
17/12/2022,"Hamza Yassin, Fleur East, Helen Skelton and Molly Rainford all fought to land the glitterball trophy.",0.133,0.867,0,-0.3182,NEGATIVE,negative
17/12/2022,Berlin police say a tweet asking for help in tracking down suspects linked to the incident is fake.,0.248,0.631,0.122,-0.4215,NEGATIVE,negative
17/12/2022,"Taraneh Alidoosti is accused of ""spreading falsehoods"" about the protest movement gripping Iran.",0.276,0.724,0,-0.4939,NEGATIVE,negative
17/12/2022,People gather to remember four young boys who died after falling into a frozen lake.,0.302,0.698,0,-0.6369,NEGATIVE,negative
17/12/2022,Scientists say a rare reef habitat near the mouth of the Amazon is at risk from oil exploration.,0.107,0.711,0.183,0.128,POSITIVE,positive
17/12/2022,"BBC News NI is granted rare access to one of the 2,500 disused mines across Northern Ireland.",0,0.889,0.111,0.25,POSITIVE,positive
17/12/2022,Uncovering the stories of three women thought to have been murdered by the same man in 1960s Glasgow.,0.206,0.794,0,-0.6597,NEGATIVE,negative
17/12/2022,The atmosphere at Westminster is the calmest it's been for a long time - but is it enough for the Tory Party?,0,0.771,0.229,0.6542,POSITIVE,positive
17/12/2022,"During a tour of his home, Grant Shapps faces questions about the government's intervention on energy bills.",0,0.753,0.247,0.5574,POSITIVE,positive
17/12/2022,The BBC visits a Lincolnshire warm space and speaks with a couple seeking respite from the chill.,0,0.881,0.119,0.2263,POSITIVE,positive
17/12/2022,England's famous red jerseys are perhaps the greatest visual reminder of their World Cup triumph.,0,0.64,0.36,0.8074,POSITIVE,positive
17/12/2022,Senior Ukrainian commanders say Russia could be planning a new attack early next year.,0.205,0.795,0,-0.4767,NEGATIVE,negative
17/12/2022,A right-wing Christian movement in the US is set on what it sees as its divine mission.,0,0.806,0.194,0.5574,POSITIVE,positive
17/12/2022,Ospreys record their first win in Europe in two years as they battle to a 21-10 win against Montpellier.,0.103,0.595,0.302,0.7184,POSITIVE,positive
17/12/2022,Croatia show their class once more by clinching their third top-three finish at the World Cup with a 2-1 third-place play-off victory over history-makers Morocco.,0.002463592,0.09726183,0.9002746,0.999714434,POSITIVE,positive
17/12/2022,"Croatia's third top-three finish at the World Cup has a ""golden layer"", says boss Zlatko Dalic after his side clinch a play-off victory over history-makers Morocco.",0.006662196,0.29581416,0.69752365,0.998449087,POSITIVE,positive
17/12/2022,Work to transform the home of a woman left paralysed in a botched kidnapping gets under way.,0.18530704,0.7406848,0.0740082,0.991055846,NEGATIVE,negative
17/12/2022,His charisma and unusual residence made P-22 an icon - but the mountain lion's days are numbered.,0.053175133,0.38104123,0.5657836,0.597210705,POSITIVE,positive
17/12/2022,"P-22's charisma and Griffith Park residence made him an icon. Now, he's passed away.",0.29455826,0.52719617,0.1782456,0.869192421,NEGATIVE,negative
17/12/2022,"Plans for military personnel to keep front-line services running are in place, the government says.",0.031947743,0.88033444,0.08771793,0.902027607,POSITIVE,positive
17/12/2022,Police say 31 objects from Dresden's Green Vault have been recovered after the 2019 robbery.,0.06282028,0.88601995,0.051159833,0.984530926,NEGATIVE,negative
17/12/2022,A selection of striking images from our readers around the world.,0.00194321,0.16580057,0.83225626,0.999874711,POSITIVE,positive
17/12/2022,Dramatic video shows flames inside the MNKY HSE restaurant in London's Mayfair as guests rushed to get outside.,0.5510563,0.43160358,0.017340075,0.904619753,NEGATIVE,negative
17/12/2022,"Rehan Ahmed may have to get used to plaudits after a promising first day in Test cricket, writes Stephan Shemilt.",0,0.87,0.13,0.4019,POSITIVE,positive
17/12/2022,Former Argentina defender Pablo Zabaleta explains what it feels like to be one of only 444 men to have played in a World Cup final.,0,0.769,0.231,0.6486,POSITIVE,positive
17/12/2022,Detectives say Ross McCullam had the potential to kill again after he brutally murdered his girlfriend.,0.502,0.498,0,-0.9337,NEGATIVE,negative
17/12/2022,"Emma Raducanu says she is now injury free and feeling ""good"" following her exhibition match with Wimbledon runner-up Ons Jabeur on Friday.",0.105,0.714,0.18,0.25,POSITIVE,positive
17/12/2022,"As Kylian Mbappe looks to win his second World Cup aged just 23, French football writer Julien Laurens looks at the striker's journey to the top.",0,0.811,0.189,0.6808,POSITIVE,positive
17/12/2022,"Mislav Orsic on the left, just inside the area and he bends a brilliant strike that is out of Morocco goalkeeper Bono's reach.",0.059,0.748,0.193,0.5267,POSITIVE,positive
17/12/2022,Supporters in Buenos Aires and Paris are preparing for an historic World Cup final clash.,0,0.828,0.172,0.4404,POSITIVE,positive
17/12/2022,"As Lionel Messi bids to lead Argentina to World Cup glory, his biography writer Guillem Balague takes a closer look at his journey.",0,0.857,0.143,0.5423,POSITIVE,positive
17/12/2022,"Lionel Messi's World Cup story is almost over but, however it ends, Gary Lineker feels things will be a lot less enjoyable without him.",0,0.866,0.134,0.5284,POSITIVE,positive
17/12/2022,Who scored the best goal at the Fifa World Cup and what was the standout moment? Choose your favourites in our World Cup awards.,0,0.753,0.247,0.802,POSITIVE,positive
17/12/2022,"A selection of powerful images from all over the globe, taken in the past seven days.",0,0.833,0.167,0.4215,POSITIVE,positive
17/12/2022,"With many families struggling to heat homes or feed children, presents are ""on the backburner"".",0.167,0.833,0,-0.4215,NEGATIVE,negative
18/12/2022,Emi Martinez's penalty shootout mind games help secure an incredible win for Argentina and make the dancing goalkeeper a hero.,0.102,0.475,0.424,0.8591,POSITIVE,positive
18/12/2022,"After Lionel Messi led Argentina to World Cup glory, no-one can now deny he belongs in the same pantheon as Pele and Diego Maradona.",0.086,0.789,0.125,0.2732,POSITIVE,positive
18/12/2022,"Useful information on strikes during the week up to Christmas, by the BBC’s Zoe Conway.",0.136,0.707,0.158,0.1027,POSITIVE,positive
18/12/2022,Thirty-nine people were rescued and four people died attempting to enter the UK in a dinghy.,0.186,0.67,0.144,-0.2023,NEGATIVE,negative
18/12/2022,"The cold snap that caused travel disruption and power cuts is ending on Sunday, forecasters say.",0.251,0.749,0,-0.5719,NEGATIVE,negative
18/12/2022,"Watch all eight of Kylian Mbappe's goals at the 2022 World Cup, including a hat-trick in the final, as the France forward claims the Golden Boot.",0.002093579,0.44774276,0.5501636,0.999549806,POSITIVE,positive
18/12/2022,Many say the series resonated because of their own experiences - but it also raised questions about race.,0.010016729,0.45155704,0.5384262,0.997084916,POSITIVE,positive
18/12/2022,"The amount of time without sea-ice is becoming too long for the bears to survive, experts say.",0.6606322,0.3213864,0.01798139,0.999501467,NEGATIVE,negative
18/12/2022,"The move affects content from Facebook, Instagram and Mastodon among other social media sites.",0.10995424,0.84032565,0.049720112,0.969602585,POSITIVE,positive
18/12/2022,"Lionel Scaloni has never managed at club level, and yet the youngest coach in Qatar has taken Argentina to the World Cup final.",0.29695478,0.5950687,0.107976586,0.999323368,POSITIVE,positive
18/12/2022,How you rated the players as Argentina beat France 4-2 on penalties at the end of one of the most dramatic World Cup finals.,0.04425641,0.76180494,0.1939387,0.998751283,POSITIVE,positive
18/12/2022,"Kylian Mbappe scores a ""sensational"" volley as France come from 2-0 down to level in the World Cup final against Argentina.",0.005731178,0.47749746,0.5167714,0.99961096,POSITIVE,positive
18/12/2022,"As some shoppers swap mains bulbs for battery lights, we investigate if money is really being saved.",0,0.839,0.161,0.4728,POSITIVE,positive
18/12/2022,Sunday's front pages look at the ongoing NHS strikes as well as tensions within the Royal Family.,0.244,0.657,0.099,-0.4767,NEGATIVE,negative
18/12/2022,The union says ministers must respond within 48 hours of next week's walkout to avoid more action.,0.231,0.769,0,-0.5423,NEGATIVE,negative
18/12/2022,France's Kylian Mbappe beats Argentina's Lionel Messi to the World Cup Golden Boot award in the final.,0,0.821,0.179,0.5423,POSITIVE,positive
18/12/2022,"Africa will win the World Cup 'within 15-20 years' says Morocco coach Walid Regragui, who has come closer than any coach to delivering that long-held aim.",0,0.868,0.132,0.5859,POSITIVE,positive
18/12/2022,Watch the story of Lionel Messi from his early years in Rosario to captaining his country to glory at the Copa America in 2021.,0,0.868,0.132,0.5423,POSITIVE,positive
18/12/2022,Lionel Messi finally achieves his World Cup dream as Argentina win their third crown on penalties following one of the greatest finals in the tournament's history at Lusail Stadium.,0,0.722,0.278,0.875,POSITIVE,positive
18/12/2022,Lionel Messi restores Argentina's lead in extra time as they lead France 3-2 in the World Cup final.,0,0.885,0.115,0.296,POSITIVE,positive
18/12/2022,"Alan Shearer, Rio Ferdinand and Pablo Zabaleta share their thoughts on the tournament and their experience in Qatar ahead of the final.",0,0.905,0.095,0.296,POSITIVE,positive
18/12/2022,"Lionel Messi seeks to emulate Diego Maradona by winning the World Cup with Argentina, but how does their influence compare in their runs to the final?",0,0.919,0.081,0.296,POSITIVE,positive
18/12/2022,The party goes off in Buenos Aires as Argentina celebrates but in Paris there is disappointment.,0.206,0.6,0.194,-0.3071,NEGATIVE,negative
18/12/2022,How France striker Kylian Mbappe's night promised so much but ended with probably the worst way to win the World Cup's Golden Boot.,0.173,0.613,0.213,0.0772,POSITIVE,positive
18/12/2022,Argentina and France faced each other in a nail-biting match that resulted in a penalty shoot-out.,0.188,0.812,0,-0.4588,NEGATIVE,negative
18/12/2022,How Argentina great Lionel Messi lifting the famous trophy was an iconic moment that will live forever in World Cup history and Middle East imagery.,0,0.854,0.146,0.6249,POSITIVE,positive
18/12/2022,A man and a woman are charged with neglect and have been remanded in custody.,0.304,0.696,0,-0.5859,NEGATIVE,negative
18/12/2022,"After false claims of a ""climate lockdown"" in Oxford spread online, councillors receive death threats.",0.358,0.642,0,-0.7717,NEGATIVE,negative
18/12/2022,"Lionel Messi leads Argentina to World Cup glory, beating France on penalties in one of the most thrilling climaxes in final history.",0.104,0.658,0.239,0.5984,POSITIVE,positive
18/12/2022,"The director tells Desert Island Discs he fears sharks are ""mad"" at him after his 1975 blockbuster.",0.129,0.691,0.18,0.2732,POSITIVE,positive
18/12/2022,"The new ""front-line creative brigade"" will consist of volunteer musicians and mobilised recruits.",0,0.805,0.195,0.4404,POSITIVE,positive
18/12/2022,Watch Lionel Messi's reaction after Gonzalo Montiel scores the decisive penalty as Argentina beat France 4-2 to win a thrilling World Cup final.,0.101,0.604,0.295,0.7003,POSITIVE,positive
18/12/2022,"Alan Shearer, Rio Ferdinand and Pablo Zabaleta give their reaction to the World Cup final as Argentina win an incredible game on penalties following a dramatic 3-3 draw.",0,0.872,0.128,0.5859,POSITIVE,positive
18/12/2022,"The party has only just started in Buenos Aires, but in Paris the crowds have already gone home.",0,0.902,0.098,0.2144,POSITIVE,positive
18/12/2022,Gonzalo Montiel scores the winning penalty as Argentina beat France 4-2 in a penalty shootout to win the World Cup final in Qatar.,0.192,0.577,0.231,0.296,POSITIVE,positive
18/12/2022,"There will be relief and celebration at the FA as Gareth Southgate remains, but he must now be the winner England want.",0,0.686,0.314,0.8271,POSITIVE,positive
18/12/2022,"It was one of the greatest finals in World Cup history, so how did the ""breathless"" showpiece unfold?",0,0.802,0.198,0.6369,POSITIVE,positive
18/12/2022,Watch the moment Lionel Messi lifts the World Cup trophy for Argentina after they beat France 4-2 on penalties after a thrilling 3-3 draw in the final.,0,0.89,0.11,0.4767,POSITIVE,positive
18/12/2022,"Harry Brook says Jonny Bairstow should go ""straight back"" into the England side when he has recovered from a broken leg.",0.135,0.783,0.083,-0.296,NEGATIVE,negative
18/12/2022,Kylian Mbappe scores another penalty to complete his hat-trick as France make it 3-3 against Argentina in the World Cup final.,0.13,0.87,0,-0.4588,NEGATIVE,negative
18/12/2022,"As rebels step up attacks, the government has responded with air strikes in the Oromia region.",0.356,0.644,0,-0.7351,NEGATIVE,negative
19/12/2022,Lionel Messi is named BBC Sports Personality's World Sport Star of the Year after inspiring Argentina to World Cup glory.,0,0.741,0.259,0.743,POSITIVE,positive
19/12/2022,"Steve Barclay is told by the mother that she is scared for ""the length"" of her daughter's life.",0.146,0.854,0,-0.4404,NEGATIVE,negative
19/12/2022,Strikes by ambulance service workers and nurses dominate the front pages on Tuesday.,0.267,0.733,0,-0.4588,NEGATIVE,negative
19/12/2022,"As some shoppers swap mains bulbs for battery lights, we investigate if money is really being saved.",0,0.839,0.161,0.4728,POSITIVE,positive
19/12/2022,Kyiv fears a fresh Russian assault is on the horizon after President Putin travelled to Minsk.,0.316,0.574,0.11,-0.6486,NEGATIVE,negative
19/12/2022,"The man tried to ""escape"" on one occasion and broke his arm in the process, a court hears.",0.149,0.851,0,-0.4215,NEGATIVE,negative
19/12/2022,"Dennis McGrory is convicted after he raped, stabbed and strangled a teenager in Islington in 1975.",0.478,0.522,0,-0.9001,NEGATIVE,negative
19/12/2022,More cancelled appointments and medical disruption as nurses strike again - by the BBC’s Zoe Conway.,0.344,0.656,0,-0.6478,NEGATIVE,negative
19/12/2022,England manager Sarina Wiegman tells BBC Sport about the impact of the Lionesses winning the Euros.,0,0.815,0.185,0.5267,POSITIVE,positive
19/12/2022,"His distinctively dour voice can be heard on hits like Ghost Town, Gangsters and Too Much, Too Young.",0.111,0.769,0.12,0.0516,POSITIVE,positive
19/12/2022,The firm won contracts to supply protective equipment after being recommended by peer Baroness Mone.,0,0.703,0.297,0.6705,POSITIVE,positive
19/12/2022,"The committee airs critical testimony by a Trump loyalist and criticises his daughter, Ivanka Trump.",0.254,0.608,0.138,-0.2732,NEGATIVE,negative
19/12/2022,The French national team are met by thousands in Paris after losing to Argentina on Sunday.,0.148,0.852,0,-0.3818,NEGATIVE,negative
19/12/2022,"Take a look at how the most dramatic World Cup final played out, with alternative angles, behind the scenes content and unseen shots.",0,0.897,0.103,0.34,POSITIVE,positive
19/12/2022,Many LGBTQ+ fans and allies feel let down by the authorities after experiencing discrimination at the World Cup in Qatar - and the BBC's Jack Murley believes that will be the tournament's true legacy.,0,0.92,0.08,0.4215,POSITIVE,positive
19/12/2022,"Argentina defeat France on penalties to win the World Cup in a tournament that saw more goals and shocks, record numbers of teenagers - and veterans - making starts.",0.18,0.704,0.116,-0.2648,NEGATIVE,negative
19/12/2022,"One newspaper suggests a destiny has been fulfilled for Lionel Messi, while another says it is ""spring once again in Argentina"" - BBC Sport looks at how the world reacted to the World Cup final.",0,0.92,0.08,0.4215,POSITIVE,positive
19/12/2022,"Brighton hope ""it won't be a problem for a couple of years"" when it comes to keeping hold of Alexis Mac Allister, says chief executive Paul Barber.",0,0.817,0.183,0.6319,POSITIVE,positive
19/12/2022,Argentines are giddy with joy as they celebrate their football team's victory in the World Cup.,0.072,0.588,0.339,0.7845,POSITIVE,positive
19/12/2022,"Who caught your eye the most at the 2022 World Cup? We reveal the XI with the best average ratings, who the stats say was best and ask you to choose your team of the tournament.",0,0.802,0.198,0.8555,POSITIVE,positive
19/12/2022,A selection of great World Cup photographs taken in Qatar - plus the stories behind them by the people who captured them.,0,0.823,0.177,0.6249,POSITIVE,positive
19/12/2022,Decision day looms for sealing a global deal to stop the destruction of nature.,0.429,0.571,0,-0.7579,NEGATIVE,negative
19/12/2022,Gaby Hutchinson becomes the second person to die following Asake's gig at the Brixton Academy.,0.218,0.782,0,-0.5994,NEGATIVE,negative
19/12/2022,The Farrell question. A new captain. A fresh identity. Matt Dawson runs through new England coach Steve Borthwick's in-tray.,0,0.874,0.126,0.3182,POSITIVE,positive
19/12/2022,"Four decades since the tragedy, the names of those who died are expected to be added to a memorial.",0.333,0.667,0,-0.8402,NEGATIVE,negative
19/12/2022,Savan Kotecha writes songs for some of the world's biggest artists - he tells Newsbeat how he does it.,0.009010082,0.5588022,0.43218774,0.999660254,POSITIVE,positive
19/12/2022,The government-funded scheme will cap fares in England outside London from 1 January to 31 March.,0.014648385,0.9138153,0.07153626,0.9476794,NEGATIVE,negative
19/12/2022,Human rights activist Sayed Ahmed Alwadaei has complained to the Tory Party over the incident.,0.5527337,0.43803763,0.00922862,0.989101946,NEGATIVE,negative
19/12/2022,Memorable moments from the Montreal meeting that brought a historic deal.,0.001172093,0.03824757,0.96058035,0.999876857,POSITIVE,positive
19/12/2022,The BBC's technology editor Zoe Kleinman looks at the future of Musk and Twitter.,0.018090408,0.82444745,0.15746203,0.995661318,POSITIVE,positive
19/12/2022,"When's it announced, who's in the running, and what's the biggest Christmas song of all time?",0.011964229,0.6497183,0.3383175,0.998805165,POSITIVE,positive
19/12/2022,The plan will put 30% of the planet under protection by the end of the decade.,0.036291286,0.53722906,0.4264797,0.926313996,POSITIVE,positive
20/12/2022,The personnel are among 600 members of the armed forces providing assistance during strikes.,0.161,0.839,0,-0.3612,NEGATIVE,negative
20/12/2022,You are more likely to be good at something if you enjoy it and England are winning Test matches because of the joy they bring to their cricket.,0,0.643,0.357,0.9231,POSITIVE,positive
20/12/2022,"The PM insists he won’t back down against striking workers, as nurses demand a 19% pay rise.",0.172,0.828,0,-0.2263,NEGATIVE,negative
20/12/2022,What you need to know about Wednesday's ambulance workers strike - by the BBC’s Zoe Conway.,0.097,0.903,0,-0.128,NEGATIVE,negative
20/12/2022,MSPs are set to decide on the controversial plans to reform gender recognition legislation.,0.122,0.878,0,-0.2023,NEGATIVE,negative
20/12/2022,Nurses have been striking in a dispute about pay. How much do they earn at the moment?,0.227,0.773,0,-0.4767,NEGATIVE,negative
20/12/2022,"Watch the Argentina team, led by captain Lionel Messi, arrive in Buenos Aires after winning the 2022 World Cup in Qatar.",0,0.855,0.145,0.5267,POSITIVE,positive
20/12/2022,What you need to know about emergency care during the ambulance strike.,0.252,0.552,0.196,0.0258,POSITIVE,positive
20/12/2022,"Players who have signed up to the controversial LIV Golf circuit will be allowed to play at the 2023 Masters, Augusta officials confirm.",0.071,0.833,0.095,0.1531,POSITIVE,positive
20/12/2022,"Hundreds of thousands of workers have walked out, or threatened to, causing widespread disruption.",0.314,0.686,0,-0.6705,NEGATIVE,negative
20/12/2022,The Argentine footballer has picked up more than 57 million likes for his collection of photos.,0,0.843,0.157,0.4215,POSITIVE,positive
20/12/2022,The first week of the new year will be marked by rail strikes as drivers take action over pay.,0.187,0.813,0,-0.4404,NEGATIVE,negative
20/12/2022,A shortlist of six contenders is announced for the 2022 BBC Sports Personality of the Year award.,0,0.811,0.189,0.5423,POSITIVE,positive
20/12/2022,Warnings from ministers and NHS bosses ahead of Wednesday's ambulance strike cover front pages.,0.236,0.764,0,-0.4019,NEGATIVE,negative
20/12/2022,Scott Arfield's astonishing stoppage-time double snatches Rangers a dramatic Scottish Premiership victory over Aberdeen and prevents their fragile title hopes from splintering further.,0,0.83,0.17,0.4767,POSITIVE,positive
20/12/2022,"The magnitude 6.4 tremor struck overnight, killing at least two people and damaging roads and buildings.",0.427,0.573,0,-0.8658,NEGATIVE,negative
20/12/2022,"The prime minister is under pressure to reopen nurses' pay talks, as ambulance workers prepare for walk outs.",0.184,0.816,0,-0.3818,NEGATIVE,negative
20/12/2022,"Kaylea Louise Titford, 16, was found dead at her Powys home in October 2020.",0.249,0.751,0,-0.6486,NEGATIVE,negative
20/12/2022,"""Another tragic loss of a beautiful soul,"" Charlatans singer Tim Burgess says about the keyboardist.",0.262,0.545,0.193,-0.1027,NEGATIVE,negative
20/12/2022,Newcastle reach the quarter-finals of the Carabao Cup with a hard-fought win over Bournemouth at St James' Park.,0,0.754,0.246,0.5994,POSITIVE,positive
20/12/2022,"Manfred Goldberg was 13 when he was sent to Stutthof, where the entrance became known as Death Gate.",0.187,0.813,0,-0.5994,NEGATIVE,negative
20/12/2022,"There is likely to be major disruption as paramedics, call handlers and emergency care assistants go on strike on Wednesday.",0.256,0.62,0.124,-0.34,NEGATIVE,negative
20/12/2022,The former Love Island contestant told the BBC she wants the government to simplify laws in the UK.,0,0.802,0.198,0.6369,POSITIVE,positive
20/12/2022,"Australia's first ambassador to China recounts a fascinating, high-stakes visit - and his unlikely place in it.",0,0.8,0.2,0.5423,POSITIVE,positive
20/12/2022,"BBC Sport takes a closer look at the next World Cup which will take place in the United States, Canada and Mexico.",0,0.877,0.123,0.4215,POSITIVE,positive
20/12/2022,Will Quince also urges people not to make unnecessary car journeys during action by ambulance workers.,0.26729637,0.6969145,0.03578916,0.978476822,POSITIVE,positive
20/12/2022,"Irmgard Furchner, 97, who worked for a Nazi commandant, is convicted in Germany.",0.7431864,0.24850261,0.008310981,0.985424578,NEGATIVE,negative
20/12/2022,The 70-year-old is already serving 23 years in jail after he was convicted in New York two years ago.,0.8819967,0.114138275,0.003865068,0.994264424,NEGATIVE,negative
20/12/2022,We look at the runner and riders to take over as the social media firm's chief executive.,0.013456399,0.8764492,0.11009435,0.992497742,POSITIVE,positive
20/12/2022,The Specials' most famous track became an anthem for disaffected Britain.,0.052675366,0.5787428,0.3685819,0.934627831,POSITIVE,positive
20/12/2022,"The move further restricts women's access to education, after they were excluded from secondary schools.",0.266,0.734,0,-0.5719,NEGATIVE,negative
20/12/2022,"Ethiopia's civil war has left tens of thousands, including large numbers of children, malnourished.",0.231,0.769,0,-0.5994,NEGATIVE,negative
20/12/2022,A Siberian city is marking Christmas with ice statues of soldiers. But not all locals back the war.,0.251,0.749,0,-0.7469,NEGATIVE,negative
20/12/2022,"For some disabled refugees, fleeing Ukraine has given a better quality of life, provoking a dilemma.",0.201,0.632,0.167,0.1027,POSITIVE,positive
20/12/2022,Argentina's World Cup winners have to abandon an open-top bus and take a helicopter ride over the millions of fans celebrating in Buenos Aires.,0.098,0.673,0.229,0.5994,POSITIVE,positive
20/12/2022,"The star reflects on his historic headline set, and shares never-before-seen photos from Worthy Farm.",0,0.718,0.282,0.6249,POSITIVE,positive
20/12/2022,"As China deals with a new Covid wave, Ros Atkins looks at why it’s hard to assess its scale.",0.076,0.924,0,-0.1027,NEGATIVE,negative
21/12/2022,Strictly Come Dancing's Amy Dowden talks about how nasty comments can hurt her.,0.389,0.611,0,-0.7906,NEGATIVE,negative
21/12/2022,England's Lionesses are named BBC Sports Personality Team of the Year 2022 while Sarina Wiegman wins Coach of the Year.,0,0.837,0.163,0.5719,POSITIVE,positive
21/12/2022,Celtic restore their nine-point lead at the summit of the Scottish Premiership after victory over stubborn Livingston.,0.136,0.754,0.111,-0.128,NEGATIVE,negative
21/12/2022,Andy Murray whips up the home crowd with a stirring victory over Jack Draper to leave Battle of the Brits level at 1-1 after day one.,0.142,0.858,0,-0.4215,NEGATIVE,negative
21/12/2022,Britain's teenage world champion gymnast Jessica Gadirova is named BBC Young Sports Personality of the Year.,0,0.794,0.206,0.5994,POSITIVE,positive
21/12/2022,A marathon debate on controversial gender reforms ends for the night after the lights go out in the Holyrood chamber.,0.091,0.909,0,-0.2023,NEGATIVE,negative
21/12/2022,The comedian criticised David Beckham's links with Qatar but has previously played gigs there himself.,0.101,0.638,0.261,0.4588,POSITIVE,positive
21/12/2022,Many of those injured in the demonstrations avoid going to hospital for fear of being arrested.,0.483,0.517,0,-0.8807,NEGATIVE,negative
21/12/2022,"What you need to know about Thursday's walkout by highway workers, by the BBC's Zoe Conway.",0.133,0.867,0,-0.3182,NEGATIVE,negative
21/12/2022,"Seen as a symbol of Christmas in Australia, the beetles seem to have gone missing in recent years.",0.121,0.879,0,-0.296,NEGATIVE,negative
21/12/2022,European countries are helping consumers facing surging energy prices.,0,0.619,0.381,0.5106,POSITIVE,positive
21/12/2022,"Two years after post-Brexit trading began with the EU, UK businesses feel frustrated, says BCC.",0.195,0.805,0,-0.5267,NEGATIVE,negative
21/12/2022,"Damien Bendall carried out ""brutal, vicious and cruel attacks"" on his defenceless victims.",0.561,0.439,0,-0.8885,NEGATIVE,negative
21/12/2022,"Brazil great Pele's cancer is advancing, according to the hospital where the 82-year-old is being treated.",0.196,0.622,0.182,-0.0772,NEGATIVE,negative
21/12/2022,China's figures say no-one died of Covid on Wednesday - but there is scepticism about the data.,0.243,0.757,0,-0.5423,NEGATIVE,negative
21/12/2022,"Drew Houston, co-founder and CEO of data-sharing platform Dropbox, shares his business advice for the CEO Secrets series.",0,0.885,0.115,0.296,POSITIVE,positive
21/12/2022,Arsenal clinch top spot in Group C of the Women's Champions League as Frida Maanum scores a hat-trick in a 9-1 win at bottom side Zurich.,0,0.69,0.31,0.8402,POSITIVE,positive
21/12/2022,"Rugby league legend Rob Burrow is honoured with the Helen Rollason Award at Sports Personality of the Year, as former team-mate Kevin Sinfield receives special recognition.",0.103,0.629,0.269,0.7003,POSITIVE,positive
21/12/2022,A penalty from Raul Jimenez and a Rayan Ait-Nouri goal are enough for Wolves as they edge past League Two strugglers Gillingham in the Carabao Cup fourth round.,0.184,0.816,0,-0.6597,NEGATIVE,negative
21/12/2022,Christian Eriksen and Marcus Rashford score as Manchester United see off Burnley at Old Trafford in the Carabao Cup fourth round.,0,0.877,0.123,0.4215,POSITIVE,positive
21/12/2022,The plane had flown from The Gambia to the West Sussex airport on 7 December.,0.03671503,0.9374131,0.025871841,0.697209656,POSITIVE,positive
21/12/2022,"As the Taliban shut universities and other education centres, Afghan women see their future crumble.",0.9157222,0.08218096,0.002096845,0.999084592,NEGATIVE,negative
21/12/2022,The Ukrainian president takes his first foreign trip since Russia invaded his country in February.,0.37322804,0.60773546,0.019036524,0.995418191,POSITIVE,positive
21/12/2022,"Almost 90% of pubs are considering shorter opening hours over winter as bills rise, according to a new survey.",0.17538433,0.7436327,0.08098301,0.990500569,NEGATIVE,negative
21/12/2022,President Vladimir Putin claims he still continues to see Ukraine as a brotherly nation.,0.045682877,0.7894105,0.16490674,0.99685955,POSITIVE,positive
21/12/2022,"Thousands of paramedics, call handlers and technicians are taking action in England and Wales until midnight.",0.20226525,0.7468494,0.05088531,0.934519708,POSITIVE,positive
21/12/2022,"England and Arsenal footballer Beth Mead is crowned BBC Sports Personality of the Year 2022, ahead of Ben Stokes and Eve Muirhead.",0.004412618,0.5479418,0.4476456,0.999583542,POSITIVE,positive
21/12/2022,Damon Alexander-Cole became homeless in 2020 and found that walking helped him to rebuild his life.,0.010128419,0.43002495,0.55984664,0.988910019,POSITIVE,positive
21/12/2022,"How many people seek asylum in the UK versus other countries, and how many are allowed to stay?",0.16800684,0.80993426,0.022058874,0.995340466,NEGATIVE,negative
21/12/2022,England and Arsenal forward Beth Mead has been voted BBC Sports Personality of the Year 2022.,0.003431736,0.41132563,0.5852426,0.998895764,POSITIVE,positive
21/12/2022,"Hundreds of people were sent to immigration removal centres after Manston exceeded capacity, emails show.",0.642588,0.3421154,0.015296602,0.998921871,NEGATIVE,negative
21/12/2022,It would be the president's first foreign trip since Russia invaded his country in February.,0.34116217,0.62212807,0.036709685,0.996007681,POSITIVE,positive
22/12/2022,"The Oath Keepers and Proud Boys had a shared love of Donald Trump, but not so much for each other.",0,0.716,0.284,0.6542,POSITIVE,positive
22/12/2022,"Prosecutors have accused Sam Bankman-Fried of ""one of the biggest financial frauds in US history"".",0.297,0.703,0,-0.6705,NEGATIVE,negative
22/12/2022,"Ambulances, airports and trains - strikes are not taking a Christmas break - by the BBC’s Zoe Conway.",0.152,0.848,0,-0.3612,NEGATIVE,negative
22/12/2022,A team is translating the Bible - from original Greek and Hebrew - into British Sign Language.,0,0.85,0.15,0.3182,POSITIVE,positive
22/12/2022,"But molnupiravir showed no obvious benefit at reducing hospital cases and deaths, a study found.",0.149,0.638,0.213,0.296,POSITIVE,positive
22/12/2022,Quentin Sommerville traces the journey of a 22 year old from the start of the war to being awarded the highest honour for bravery.,0.12,0.585,0.295,0.6908,POSITIVE,positive
22/12/2022,Education Secretary Gillian Keegan said teachers are in the top 10% of earners in some parts of the country.,0,0.909,0.091,0.2023,POSITIVE,positive
22/12/2022,Hundreds of people recognised for showcasing community values are recognised in the service.,0,0.816,0.184,0.4019,POSITIVE,positive
22/12/2022,Some people are choosing to hire their Christmas tree to try to reduce waste and help the environment.,0.13,0.744,0.126,-0.0258,NEGATIVE,negative
22/12/2022,The Wagner group's role is growing but it faces the same challenges as the wider Russian military.,0,0.843,0.157,0.2023,POSITIVE,positive
22/12/2022,"The White House says North Korea provided missiles and rockets to be used in Ukraine, which Pyongyang denies.",0.141,0.859,0,-0.4215,NEGATIVE,negative
22/12/2022,"Fifa is investigating how celebrity chef Salt Bae and a number of other people gained ""undue access"" to the pitch at the end of the World Cup final in Qatar.",0,0.874,0.126,0.4404,POSITIVE,positive
22/12/2022,How Ukraine's president travelled out of his country for the first time since the war began.,0.206,0.794,0,-0.5994,NEGATIVE,negative
22/12/2022,The final vote on the controversial proposals will now not be held until Thursday.,0.122,0.878,0,-0.2023,NEGATIVE,negative
22/12/2022,The Claudia Winkleman-fronted TV series has built a fiercely devoted following in recent weeks.,0,0.816,0.184,0.4019,POSITIVE,positive
22/12/2022,Charities say families seeking support over the holding period face a postcode lottery.,0,0.629,0.371,0.7096,POSITIVE,positive
22/12/2022,Three professionals talk turkeys and share top tips on how to keep costs and stress levels down.,0.135,0.673,0.192,0.0516,POSITIVE,positive
22/12/2022,"The cost of living and sustainable shopping are driving a trend for pre-loved party pieces, experts say.",0,0.847,0.153,0.4019,POSITIVE,positive
22/12/2022,"Chinese comedian He Huang went viral with a performance in Sydney, prompting a heated response.",0,0.822,0.178,0.3818,POSITIVE,positive
22/12/2022,"If you're struggling to afford your gas and electricity bills, what options are available?",0.177,0.823,0,-0.4215,NEGATIVE,negative
22/12/2022,Mark Peacock needs a double lung transplant but that has not stopped him creating a winter wonderland.,0.135,0.75,0.115,-0.0857,NEGATIVE,negative
22/12/2022,Headlines include clashes over Scotland's gender law and advice to avoid nan if you have flu.,0.255,0.745,0,-0.5859,NEGATIVE,negative
22/12/2022,The impact of NHS strikes dominates the front pages of Thursday's newspapers.,0.182,0.73,0.088,-0.3182,NEGATIVE,negative
22/12/2022,"A bumpy year in UK politics has seen Partygate, three prime ministers and a lot of strikes.",0.152,0.848,0,-0.3612,NEGATIVE,negative
22/12/2022,New Premier League referees chief Howard Webb wants to encourage former professional players to take up officiating.,0,0.829,0.171,0.5106,POSITIVE,positive
22/12/2022,Manchester City beat Liverpool in an entertaining fourth-round tie to reach the last eight of the Carabao Cup.,0,0.8,0.2,0.4588,POSITIVE,positive
22/12/2022,"Carter has his first pair of football boots, three years earlier than doctors thought he would walk.",0.030214718,0.8026928,0.16709255,0.948573589,NEGATIVE,negative
22/12/2022,"A new law will simplify the process of transitioning, but the UK government says it has concerns and may step in.",0.025714302,0.716006,0.25827968,0.950784922,POSITIVE,positive
22/12/2022,Manchester United will host League One side Charlton Athletic in the quarter-finals of the Carabao Cup.,0,0.843,0.157,0.4215,POSITIVE,positive
22/12/2022,All US states and southern parts of Canada are set to have their coldest Christmas in 40 years.,0.4893371,0.45426273,0.056400143,0.877894282,NEGATIVE,negative
22/12/2022,The exhibition will open in January in London after three years in the making.,0.006480521,0.8537084,0.13981107,0.994160473,POSITIVE,positive
22/12/2022,"Britain's economy is expected to shrink in 2023, and grow only slowly in the following period.",0.4346359,0.50471294,0.060651153,0.998793602,NEGATIVE,negative
22/12/2022,Migrants arriving in El Paso will spend their first Christmas away from home. Many left loved ones behind.,0,0.813,0.187,0.5994,POSITIVE,positive
22/12/2022,"Some think Caroline is a ""Scrooge"" for charging her family-of-12 but she says it is ""fair"".",0.42988354,0.51743084,0.052685685,0.983788252,POSITIVE,positive
22/12/2022,The general secretary of the nursing union has led the first nationwide strikes in the profession's history.,0.135,0.865,0,-0.3612,NEGATIVE,negative
22/12/2022,Thousands of people who had coronavirus face yet another Christmas with the smell disorder parosmia.,0.162,0.838,0,-0.4019,NEGATIVE,negative
22/12/2022,"Pep Guardiola and Jurgen Klopp both heap praise on Thursday's ""spectacular"" EFL Cup tie between Manchester City and Liverpool.",0,0.833,0.167,0.5574,POSITIVE,positive
22/12/2022,"Emma Hayes calls Chelsea's 3-0 win over Paris St-Germain her ""favourite"" display of the season as Sam Kerr's strike and two Lauren James goals secure top spot in Women's Champions League Group A.",0.037,0.685,0.279,0.872,POSITIVE,positive
23/12/2022,"Homelessness in England is on the rise, but one scheme to stop rough sleeping has proved a success.",0.123,0.656,0.221,0.5023,POSITIVE,positive
23/12/2022,A community group welcomes 150 people to a festive meal in Oxfordshire to fight loneliness and isolation.,0.34,0.42,0.239,-0.34,NEGATIVE,negative
23/12/2022,From royal palaces to glamorous restaurants to trees that aren't really trees.,0,0.769,0.231,0.5106,POSITIVE,positive
23/12/2022,George Cohen will forever be immortalised as one of just 11 men to start and win a football World Cup final with England.,0,0.847,0.153,0.5859,POSITIVE,positive
23/12/2022,How you can celebrate while doing less harm to the planet,0.202,0.566,0.233,0.1263,POSITIVE,positive
23/12/2022,The charity campaigners now have more Christmas number ones than any other act in chart history.,0,0.762,0.238,0.5233,POSITIVE,positive
23/12/2022,"The newspaper says it regrets publishing the piece, in which Clarkson said he ""hated"" the duchess.",0.143,0.857,0,-0.3612,NEGATIVE,negative
23/12/2022,Mother-of-three Heather Smedley was hit by a police car which was pursuing a suspected stolen vehicle.,0.298,0.702,0,-0.6249,NEGATIVE,negative
23/12/2022,Protesters and police clash after what authorities say may have been a racially-motivated attack.,0.312,0.688,0,-0.6124,NEGATIVE,negative
23/12/2022,"Trains will stop running at around 15:00 on Saturday, as walkouts on the railways and other industries continue.",0.196,0.804,0,-0.4404,NEGATIVE,negative
23/12/2022,England bowl out the West Indies for just 43 on their way to completing a 5-0 clean sweep in the T20 series in Barbados.,0,0.891,0.109,0.4019,POSITIVE,positive
23/12/2022,Aston Villa boss Unai Emery plans to speak to goalkeeper Emiliano Martinez about his celebrations following Argentina's World Cup win.,0,0.833,0.167,0.5859,POSITIVE,positive
23/12/2022,How well do you remember the news of the past 12 months?,0,0.84,0.16,0.2732,POSITIVE,positive
23/12/2022,Sharon Valler will be offering free surplus supermarket food to people on Saturday evening.,0,0.798,0.202,0.5106,POSITIVE,positive
23/12/2022,A man who set up a mental health charity after his daughter took her own life urges people to talk.,0,0.859,0.141,0.4215,POSITIVE,positive
23/12/2022,"How does Santa visit everyone, and is there mince in mince pies: your Christmas questions answered.",0.0693764,0.7958619,0.13476168,0.874382496,NEGATIVE,negative
23/12/2022,Greater Manchester Police are appealing for information after a number of incidents at Etihad Stadium.,0,0.759,0.241,0.4215,POSITIVE,positive
23/12/2022,"To celebrate the Premier League's return, here is one of the competition's greatest goals, by Fulham's Pajtim Kasami's, from 2013.",0,0.695,0.305,0.836,POSITIVE,positive
23/12/2022,London Irish survive a spell with just 12 men to hand Saracens their first Premiership defeat of the campaign.,0.135,0.721,0.144,0.0516,POSITIVE,positive
23/12/2022,"Rangers manager Michael Beale happy with ""pretty comfortable"" 1-0 win over Ross County that narrows the gap to Scottish Premiership leaders Celtic to six points.",0,0.6,0.4,0.9325,POSITIVE,positive
23/12/2022,A Met Office yellow alert for snow and ice has been put in place for Christmas Day and Boxing Day.,0,0.891,0.109,0.296,POSITIVE,positive
23/12/2022,Danube Street in Edinburgh was once home to Scotland's most famous brothel.,0.03547365,0.6233118,0.34121454,0.976233661,POSITIVE,positive
23/12/2022,"The Massachusetts man's head-scratching strategy nets him nearly $2m, plus 20 annual payments of $25,000.",0.024504157,0.8681341,0.10736175,0.994706213,NEGATIVE,negative
23/12/2022,Four British women are preparing to spend Christmas in the world's most southerly post office.,0.017240869,0.68972594,0.2930332,0.998390436,POSITIVE,positive
23/12/2022,Bravemansgame heads nine horses declared for the King George VI Chase at Kempton on 26 December.,0.012491935,0.9534146,0.034093436,0.950391948,POSITIVE,positive
23/12/2022,England's Sam Curran becomes the most expensive auction buy in the history of the Indian Premier League after being bought by Punjab Kings for £1.85m.,0.11778148,0.7345604,0.14765814,0.999167562,POSITIVE,positive
23/12/2022,Explore the data on coronavirus in the UK.,0.096101485,0.87375444,0.030144153,0.995736361,POSITIVE,positive
23/12/2022,Esther Abrami has worked with The Snowman composer Howard Blake on a new arrangement.,0.006975394,0.939137,0.053887695,0.997674286,POSITIVE,positive
23/12/2022,"The Santas, who were thought to be on a pub crawl, got wedged in a hedge in Cornwall.",0.29337263,0.68517387,0.021453407,0.999195874,NEGATIVE,negative
23/12/2022,"Manchester City manager Pep Guardiola says Kalvin Phillips was ""overweight"" when he returned to training from the World Cup.",0.2626335,0.68600345,0.05136307,0.998985708,NEGATIVE,negative
23/12/2022,Travellers arriving in the UK are warned to expect disruption and delays as staff who check passports go on strike.,0.264,0.736,0,-0.6249,NEGATIVE,negative
23/12/2022,Charles is set to include a tribute to his late mother in his first Christmas Day address.,0.005499905,0.6732738,0.3212263,0.997799218,POSITIVE,positive
23/12/2022,A Miller & Carter restaurant begins sinking into a lake at a major UK shopping centre.,0.48555872,0.4915909,0.022850372,0.999109685,NEGATIVE,negative
24/12/2022,One photographer has been capturing the capital from a helicopter - and shares his festive results.,0,0.698,0.302,0.6369,POSITIVE,positive
24/12/2022,Watch highlights from each World Cup this century and vote for which you think was the best one.,0,0.802,0.198,0.6369,POSITIVE,positive
24/12/2022,Richard Wigglesworth wins his first match as interim head coach at Leicester as they beat Gloucester 28-8.,0,0.812,0.188,0.5719,POSITIVE,positive
24/12/2022,"Valeria Shashenok will be spending the festive season in London, not with her loved ones in Ukraine.",0.149,0.709,0.142,-0.0377,NEGATIVE,negative
24/12/2022,Reo Hatate and Kyogo Furuhashi score twice each as Celtic ease by St Johnstone to regain a nine-point lead at the summit of the Scottish Premiership.,0,0.906,0.094,0.3612,POSITIVE,positive
24/12/2022,The prime minister has been criticised by some Labour MPs after his chat with homeless man goes viral online.,0.135,0.865,0,-0.4215,NEGATIVE,negative
24/12/2022,The latest move by Afghanistan's Islamist rulers is condemned by the United Nations and the US.,0.147,0.711,0.142,-0.0258,NEGATIVE,negative
24/12/2022,President Zelensky urges his people to persevere as Russian attacks leave millions without power.,0.255,0.745,0,-0.4767,NEGATIVE,negative
24/12/2022,Gender law continues to dominate some front pages as papers preview the King's first Christmas speech.,0.091,0.909,0,-0.128,NEGATIVE,negative
24/12/2022,"At least 19 deaths are linked to the freeze, which has brought blizzards and floods to the US and Canada.",0,0.941,0.059,0.0516,POSITIVE,positive
24/12/2022,"Argentina captain Lionel Messi reaches an ""agreement in principle"" to renew his contract at Paris St-Germain says BBC Sport's Guillem Balague.",0,0.812,0.188,0.5267,POSITIVE,positive
24/12/2022,"Rishi Sunak phones diplomats, Royal Navy crew and other workers to thank them for their efforts.",0,0.857,0.143,0.3612,POSITIVE,positive
24/12/2022,"A spokesperson for the royal couple says the newspaper profited off ""hate, violence and misogyny"".",0.223,0.652,0.125,-0.4215,NEGATIVE,negative
24/12/2022,"Protesters clash with police following Friday's shootings, which killed three people.",0.416,0.584,0,-0.7506,NEGATIVE,negative
24/12/2022,Volunteers are spending their day with care leavers to ensure they are not alone this Christmas.,0,0.633,0.367,0.7608,POSITIVE,positive
24/12/2022,Families tell of how Christmas is a time when they reflect on their loved ones who have died.,0.16,0.667,0.173,0.0772,POSITIVE,positive
24/12/2022,Chris Sutton takes on singer and West Ham fan Chesney Hawkes to pick his winners and losers from the festive Premier League games.,0.11,0.617,0.273,0.6124,POSITIVE,positive
24/12/2022,An amputee says she feels less isolated since she started helping other people who have lost limbs.,0.21,0.683,0.107,-0.2748,NEGATIVE,negative
24/12/2022,How well do you remember the news of the past 12 months?,0,0.84,0.16,0.2732,POSITIVE,positive
24/12/2022,In 2023 several countries will launch missions to the Moon and beyond.,0.004608304,0.7520903,0.2433014,0.998832166,POSITIVE,positive
24/12/2022,Wales' Anglican and Catholic archbishops have issued a joint Christmas message for the first time.,0.005150359,0.8295854,0.16526431,0.997341096,POSITIVE,positive
24/12/2022,"Liverpool re-sign Gemma Bonner, who captained the side to two WSL titles in her first spell at the club.",0.003897584,0.49949172,0.49661064,0.997736931,POSITIVE,positive
24/12/2022,RnB singer Akon is planning a Senegalese super-city running on cryptocurrency. But will it happen?,0.028465174,0.9303912,0.041143678,0.995674789,NEGATIVE,negative
24/12/2022,Video of Lesya and Valeriy's military checkpoint wedding went viral in March 2022.,0.016913405,0.77229875,0.21078783,0.619772017,POSITIVE,positive
24/12/2022,Lanez faces more than 20 years in jail for wounding the Grammy award-winning rapper in 2020.,0.90057427,0.095532864,0.003892849,0.995699286,NEGATIVE,negative
24/12/2022,"So far at least 12 deaths have been linked to the cold snap, which has brought blizzards and floods.",0.92733395,0.07012517,0.002540933,0.990724862,NEGATIVE,negative
24/12/2022,"Crews were called to Hockley, Essex, on Christmas Eve and treated the dog and owner at the scene.",0.09310144,0.83948773,0.067410894,0.905904114,POSITIVE,positive
24/12/2022,Danube Street in Edinburgh was once home to Scotland's most famous brothel.,0.03547365,0.6233118,0.34121454,0.976233661,POSITIVE,positive
24/12/2022,"As the Premier League returns following the World Cup break, BBC Sport brings you up to speed on where it left off.",0.0247658,0.7745907,0.20064355,0.998687208,POSITIVE,positive
24/12/2022,The year 2022 has had lots of memorable sporting moments but how many do you recall? Take the BBC Sport Christmas quiz to find out.,0.005803712,0.23194394,0.76225233,0.612582207,POSITIVE,positive
25/12/2022,At least 38 deaths are now linked to a fearsome winter storm pummelling much of the US and Canada.,0.137,0.863,0,-0.4019,NEGATIVE,negative
25/12/2022,His comments at Christmas Eve Mass in the Vatican follow previous comments about the war in Ukraine.,0.196,0.804,0,-0.5994,NEGATIVE,negative
25/12/2022,"The family of Rachael Moore, 22, who died on Christmas Eve, describes her as a ""caring friend"".",0.173,0.673,0.154,-0.1027,NEGATIVE,negative
25/12/2022,"Russell T Davies says he wants to give fans ""a lovely little Christmas present"".",0,0.759,0.241,0.5859,POSITIVE,positive
25/12/2022,The 26-year-old was shot in the head while celebrating Christmas with her sister and friends.,0,0.657,0.343,0.7783,POSITIVE,positive
25/12/2022,Warnings for ice and snow are in place in parts of the UK as rail strikes continue on Boxing Day.,0.207,0.793,0,-0.5719,NEGATIVE,negative
25/12/2022,One of the holiest days for Christians is marked with festivities and prayer around the world.,0,0.829,0.171,0.4767,POSITIVE,positive
25/12/2022,How well do you remember the news of the past 12 months?,0,0.84,0.16,0.2732,POSITIVE,positive
25/12/2022,"It's a year since the James Webb telescope launched, and we've marvelled at its pictures ever since.",0,0.909,0.091,0.128,POSITIVE,positive
25/12/2022,A UK charity runs the only shelter for ill-treated and abandoned donkeys in the West Bank.,0.16,0.691,0.149,-0.0516,NEGATIVE,negative
25/12/2022,The Christmas Eve service was organised by the Princess of Wales and featured tributes to the late Queen.,0.013206892,0.7295223,0.25727084,0.999277771,POSITIVE,positive
25/12/2022,"Freya Davies, Alice Davidson-Richards, Nat Sciver and Katherine Brunt share what they would buy their teammates for Secret Santa.",0,0.891,0.109,0.296,POSITIVE,positive
25/12/2022,How well can you remember kits from the past 30 years? Eight kits for each team have been jumbled up - your job is to put them in the right order.,0,0.932,0.068,0.2732,POSITIVE,positive
25/12/2022,From Oscars hopefuls such as The Fabelmans to crowd-pleasers like the Barbie movie.,0,0.828,0.172,0.3612,POSITIVE,positive
25/12/2022,Jermell Charlo's bout with Tim Tszyu is postponed after the undisputed super-welterweight world champion breaks his hand in training.,0.072,0.643,0.285,0.743,POSITIVE,positive
25/12/2022,Volunteers are spending their day with care leavers to ensure they are not alone this Christmas.,0,0.633,0.367,0.7608,POSITIVE,positive
25/12/2022,"Dutch trance legend Armin van Buuren hopes the London singer's music keeps on ""inspiring others"".",0,0.699,0.301,0.6808,POSITIVE,positive
25/12/2022,Some of the 14 fishermen were abducted by al-Shabab militants off the Somali coast eight years ago.,0.171,0.829,0,-0.5106,NEGATIVE,negative
25/12/2022,"In his first Christmas speech, King Charles praises public services and volunteers helping those in need.",0,0.714,0.286,0.6808,POSITIVE,positive
25/12/2022,King Charles III's first Christmas Day speech dominates the headlines as papers reflect on his message.,0,0.926,0.074,0.0516,POSITIVE,positive
25/12/2022,The former Desert Island Discs host returns to the radio programme - this time as the interviewee.,0.011335453,0.8797342,0.108930364,0.782660306,POSITIVE,positive
25/12/2022,Two people remain unaccounted for after a group is hit near a resort in western Austria.,0.72110003,0.2736891,0.005210843,0.985573232,NEGATIVE,negative
25/12/2022,The 22-year-old was in a car involved in a crash with a vehicle that had failed to stop for police.,0.369,0.631,0,-0.802,NEGATIVE,negative
25/12/2022,Members of the Royal Family attended a Sunday morning service at St Mary Magdalene Church.,0.004161945,0.90421736,0.091620766,0.978091002,POSITIVE,positive
25/12/2022,Tottenham boss Antonio Conte suggests he will only select players who were not involved in the World Cup for his side's Boxing Day match at Brentford.,0.18227592,0.77894384,0.038780253,0.998641551,NEGATIVE,negative
25/12/2022,A selection of striking images from our readers around the world.,0.00194321,0.16580057,0.83225626,0.999874711,POSITIVE,positive
25/12/2022,A corner shop in Twickenham has been opening on Christmas Day for 25 years to help fight loneliness.,0.244,0.633,0.122,-0.4019,NEGATIVE,negative
25/12/2022,While the news dominated the choices there was room for some more unusual expressions.,0.062344704,0.8173986,0.120256685,0.998690307,NEGATIVE,negative
26/12/2022,"Premier League football resumes with a feast of Boxing Day fixtures which produces 25 goals, as table-toppers Arsenal show no signs of letting up.",0.091,0.909,0,-0.296,NEGATIVE,negative
26/12/2022,"Eddie Howe may allow the Newcastle fans to let their imaginations run wild, but he is remaining grounded for now.",0,0.929,0.071,0.1154,POSITIVE,positive
26/12/2022,"Nika survived the Russian assault on Kharkiv earlier this year, and is now settled in the UK.",0.172,0.679,0.149,-0.128,NEGATIVE,negative
26/12/2022,"Jurgen Klopp says Stefan Bajcetic's goal for Liverpool was ""like a Christmas story"" after their win at Aston Villa.",0,0.717,0.283,0.743,POSITIVE,positive
26/12/2022,Ospreys defeat 14-man Scarlets 34-14 in the United Rugby Championship after Argentina flanker Tomas Lezana is shown a fifth-minute red card.,0.117,0.661,0.222,0.4019,POSITIVE,positive
26/12/2022,"A decade on from the UK's first hand transplant, a Leeds patient and his surgeon tell their story.",0,0.824,0.176,0.4939,POSITIVE,positive
26/12/2022,"The wife and daughter of Ali Daei, who has backed protesters, are taken off a flight out of Iran.",0.1,0.842,0.058,-0.2023,NEGATIVE,negative
26/12/2022,The former PM tells the BBC that Rishi Sunak should avoid creating new loopholes for criminal gangs.,0.257,0.642,0.101,-0.5267,NEGATIVE,negative
26/12/2022,"Liverpool agree to sign Netherlands forward Cody Gakpo from PSV Eindhoven, say the Dutch club.",0,0.848,0.152,0.3612,POSITIVE,positive
26/12/2022,With the winter sales season in full swing here's what you need to know before borrowing money.,0.13357803,0.80991274,0.056509253,0.987208307,NEGATIVE,negative
26/12/2022,"As the Premier League returns following the World Cup break, BBC Sport brings you up to speed on where it left off.",0.0247658,0.7745907,0.20064355,0.998687208,POSITIVE,positive
26/12/2022,"Doctor Who, a 007 global contest and the return of Waterloo Road are among next year's TV treats.",0.001632748,0.4426279,0.5557394,0.996989429,POSITIVE,positive
26/12/2022,A terminally-ill father was able to meet his first grandchild after his daughter had IVF treatment.,0.20245783,0.66350824,0.1340339,0.986880541,POSITIVE,positive
26/12/2022,Sequins are nearly always made of plastic and will take hundreds of years or more to decompose.,0.8885668,0.1066413,0.004792,0.99884665,NEGATIVE,negative
26/12/2022,The body of a woman is found two days after a bus falls from a bridge into a river in the Galicia region.,0.47900063,0.5041299,0.016869511,0.992766857,NEGATIVE,negative
26/12/2022,More people headed to the shops compared to last year but numbers remain far below pre-Covid levels.,0.32830337,0.58088523,0.09081141,0.997426569,NEGATIVE,negative
26/12/2022,The 10.7 million who saw King Charles's message compares with 8.96 million who watched the Queen a year ago.,0.115735926,0.7982067,0.08605735,0.970699131,NEGATIVE,negative
26/12/2022,A woman and four children have also been taken to hospital after two cars collided on the Dungannon Road.,0.6580432,0.3296924,0.012264379,0.993537009,NEGATIVE,negative
26/12/2022,"The measure, to take effect from 8 January, is part of China's about-turn on its zero-Covid policy.",0.04842785,0.9062143,0.045357928,0.986763656,NEGATIVE,negative
26/12/2022,"The airbase, used by Russian planes targeting Ukraine, is hit for the second time this month.",0.82309806,0.1732207,0.003681227,0.99688977,NEGATIVE,negative
26/12/2022,"""Unmanned aerial vehicles"" violated South Korean airspace, say the country's joint chiefs of staff.",0.207,0.793,0,-0.5267,NEGATIVE,negative
26/12/2022,"The city's death toll from severe blizzard conditions soars to 25, about half the nationwide total.",0.317,0.683,0,-0.7579,NEGATIVE,negative
26/12/2022,How well do you remember the news of the past 12 months?,0,0.84,0.16,0.2732,POSITIVE,positive
26/12/2022,Eight fire engines were sent to the scene and a building has partially collapsed due to the fire.,0.33,0.67,0,-0.7096,NEGATIVE,negative
26/12/2022,This is the festive quiz in which no-one is expected to know any of the answers.,0,0.833,0.167,0.4588,POSITIVE,positive
26/12/2022,Five NGOs suspend operations in Afghanistan after women are banned from working for them.,0.306,0.694,0,-0.6486,NEGATIVE,negative
26/12/2022,"A man, 30, and a woman, 19, are in custody after being held in connection with Elle Edwards's killing.",0.216,0.784,0,-0.6597,NEGATIVE,negative
26/12/2022,About 20% of our water supply is lost to leaks and scientists say miniature 'pipe robots' could help.,0.11,0.762,0.129,0.1027,POSITIVE,positive
26/12/2022,Anger swells despite a fierce crackdown as the regime faces its biggest challenge in decades.,0.218,0.706,0.076,-0.5267,NEGATIVE,negative
26/12/2022,Hundreds brave the North Sea as the Cromer dip makes a welcome comeback.,0,0.61,0.39,0.7506,POSITIVE,positive
26/12/2022,Kathy Burke and Richard E Grant are among the celebrity names remembering Ronan Vibert.,0,0.828,0.172,0.3612,POSITIVE,positive
26/12/2022,Locals on Union Island are trained to ensure a diminutive reptile does not get wiped out by poachers.,0,0.86,0.14,0.3818,POSITIVE,positive
26/12/2022,Anne Wood tells the story of how she created the Teletubbies.,0,0.833,0.167,0.25,POSITIVE,positive
27/12/2022,"Meat millionaire Pavel Antov, who recently denied criticising the war in Ukraine, had just turned 65.",0.422,0.578,0,-0.8591,NEGATIVE,negative
27/12/2022,Recruitment of Welsh language teachers in the Argentine province has been difficult since Covid.,0.161,0.839,0,-0.3612,NEGATIVE,negative
27/12/2022,Women open up about the problem of opioid abuse in Somalia following the death of a popular TikToker.,0.406,0.489,0.105,-0.8402,NEGATIVE,negative
27/12/2022,"As the conflict enters its second calendar year, experts predict what could happen on the ground.",0.133,0.867,0,-0.3182,NEGATIVE,negative
27/12/2022,"The people struggling to make ends meet in a village deemed England's ""least deprived"" area.",0.161,0.691,0.147,-0.0634,NEGATIVE,negative
27/12/2022,PM Pedro Sánchez backs aid for households amid an energy crisis prompted by Russia's war in Ukraine.,0.379,0.535,0.086,-0.7964,NEGATIVE,negative
27/12/2022,Join us as we lift the curtain on some of the most anticipated books coming our way next year.,0,0.891,0.109,0.296,POSITIVE,positive
27/12/2022,"A robot has given evidence in Parliament, an MP has used a chatbot to write a speech - what next?",0.36845922,0.59250355,0.039037175,0.997708082,NEGATIVE,negative
27/12/2022,"The musician tells Jamie Oliver, who is guest editing R4's Today, how cooking is a space for his neurodiversity.",0.011573657,0.85251075,0.13591558,0.997393489,POSITIVE,positive
27/12/2022,A battered little piece of jewellery found in a Norfolk field is much older than first thought.,0.3544717,0.6008873,0.04464102,0.991616666,NEGATIVE,negative
27/12/2022,"Police issue a new CCTV image of Lyla Lake, who was last seen at Reading train station a week ago.",0.04690987,0.9235833,0.029506844,0.995021939,NEGATIVE,negative
27/12/2022,An investigation has begun after a pedestrian was struck by a marked police car in Livingston on Boxing Day.,0.111,0.889,0,-0.25,NEGATIVE,negative
27/12/2022,Properties were evacuated and four people taken to hospital after the incident in Evesham.,0.35633385,0.6263103,0.017355952,0.990148425,NEGATIVE,negative
27/12/2022,"Nearly half of the confirmed deaths have been in the hard-hit town of Buffalo, New York.",0.77920544,0.21364617,0.007148352,0.98555994,NEGATIVE,negative
27/12/2022,Shaunagh Brown ends her rugby career on a high as Harlequins thrash Bristol Bears to leapfrog them in the Premier 15s table.,0.001641072,0.20939614,0.7889628,0.739084423,NEGATIVE,negative
27/12/2022,Sean Dilley says he acted 'instinctively' after being targeted in central London early on Tuesday.,0.3381319,0.6433124,0.018555762,0.977229476,POSITIVE,positive
27/12/2022,"Strikes this week include staff from customer service, safety and timetabling at three companies.",0.145,0.694,0.162,0.0772,POSITIVE,positive
27/12/2022,"The oil price cap, agreed by Western countries, aims to reduce Russian revenue for its war in Ukraine.",0.177,0.727,0.095,-0.4215,NEGATIVE,negative
27/12/2022,"After 12 years, Jamz Supernova looks back with pride as she hangs up her 1Xtra headphones.",0,0.862,0.138,0.34,POSITIVE,positive
27/12/2022,Why has a fictional miracle cure taken off online - and who's making money out of it?,0,0.787,0.213,0.5859,POSITIVE,positive
27/12/2022,Bristol Bears produce a gutsy defensive performance to beat Harlequins and move off the bottom of the Premiership table.,0,0.939,0.061,0.0258,POSITIVE,positive
27/12/2022,"Manchester United manager Erik Ten Hag believes his team are capable of increasing the number of goals they score in games, having seen them beat Nottingham Forest 3-0.",0,0.789,0.211,0.6908,POSITIVE,positive
27/12/2022,Anass Zaroury hits the fastest Championship goal of the season - after just 49 seconds - as leaders Burnley beat Birmingham City.,0,0.868,0.132,0.4404,POSITIVE,positive
27/12/2022,Marcus Rashford is instrumental as Manchester United continue their renaissance with a comfortable Premier League win over Nottingham Forest.,0,0.602,0.398,0.872,POSITIVE,positive
27/12/2022,Chelsea boost their top-four hopes as they resume their Premier League season with a comfortable victory over Bournemouth at Stamford Bridge.,0,0.659,0.341,0.8316,POSITIVE,positive
27/12/2022,"It’s dangerous and painstaking work, and even a momentary lapse of concentration could prove fatal.",0.355,0.645,0,-0.765,NEGATIVE,negative
27/12/2022,Arsenal underline their title credentials by fighting back to beat West Ham as they move seven points clear at the top of the Premier League.,0.087,0.761,0.152,0.2263,POSITIVE,positive
27/12/2022,A Scottish soldier fighting in Ukraine had a few hours' respite before going back to the front line.,0.143,0.857,0,-0.3612,NEGATIVE,negative
27/12/2022,"""Other countries try it but it's not the same,"" argues one local - the hairstyle is a national icon.",0,0.852,0.148,0.4168,POSITIVE,positive
27/12/2022,"Tributes to Elle Edwards, who was shot dead in a pub on Christmas Eve, dominate Tuesday's front papers.",0.279,0.721,0,-0.7003,NEGATIVE,negative
27/12/2022,Match of the Day pundit Alan Shearer shows how Bukayo Saka came to the fore against West Ham in the absence of injured striker Gabriel Jesus.,0.097,0.903,0,-0.4019,NEGATIVE,negative
27/12/2022,"Cody Fisher's ""heart-broken"" family pays tribute to their ""best friend"" who died in a nightclub.",0.164,0.5,0.336,0.5859,POSITIVE,positive
27/12/2022,But Chinese tourists will not have unfettered access to all countries - as some impose restrictions.,0.167,0.833,0,-0.4215,NEGATIVE,negative
28/12/2022,The US company says the levy on its profits will discourage future investment in Europe.,0.15,0.695,0.155,0.0258,POSITIVE,positive
28/12/2022,Gig economy workers say they're having to make changes as orders drop and their wages stagnate.,0.123,0.877,0,-0.2732,NEGATIVE,negative
28/12/2022,"Jasmine Harrison, 23, explains what it was like to spend three months swimming the length of the UK.",0,0.872,0.128,0.3612,POSITIVE,positive
28/12/2022,The low-cost way of life is not immune to the rising cost of items like fuel and food.,0.093,0.785,0.123,0.1561,POSITIVE,positive
28/12/2022,"The Ukrainian city, liberated from Russian control last month, is coming under heavy bombardment.",0.7379142,0.25289512,0.009190587,0.996393025,NEGATIVE,negative
28/12/2022,"Dealing with menopause wasn't how Emma, Soe-Myat and Elspeth had imagined their 20s.",0.49121442,0.47181,0.0369756,0.998935997,NEGATIVE,negative
28/12/2022,"If you're tempted to buy a heated airer, then watch this. We investigate whether it's worth it.",0,0.888,0.112,0.2263,POSITIVE,positive
28/12/2022,"Clean-up is underway in Erie County, which was one of the hardest hit regions in the US.",0.29772496,0.6171511,0.08512399,0.980500937,POSITIVE,positive
28/12/2022,Provisional figures suggest this year's average temperature will beat the all-time high set in 2014.,0.0026032,0.33977404,0.65762275,0.993300796,POSITIVE,positive
28/12/2022,The BBC's political editor looks back at some of the moments away from the photo-op in a dramatic year at Westminster.,0.06274192,0.762216,0.17504212,0.887949288,POSITIVE,positive
28/12/2022,Erling Haaland becomes the fastest player to reach 20 Premier League goals as Manchester City overcome a stubborn Leeds to reduce Arsenal's lead at the top of the table to five points.,0.08,0.833,0.086,-0.2023,NEGATIVE,negative
28/12/2022,"Two boys, aged 17, are charged with Emma Lovell's murder, Queensland police say.",0.371,0.629,0,-0.7579,NEGATIVE,negative
28/12/2022,Looming strikes and sexual assault claims at the Sandhurst military academy lead the papers.,0.415,0.585,0,-0.7783,NEGATIVE,negative
28/12/2022,Revitalised Rangers maintain Michael Beale's 100% start going into the Old Firm derby as Motherwell's worrying run in the Scottish Premiership continues.,0.103,0.897,0,-0.34,NEGATIVE,negative
28/12/2022,"Celtic will go into next week's ""showcase"" Glasgow derby on a run of 12 straight Scottish Premiership wins after thumping Hibernian at Easter Road.",0,0.789,0.211,0.6808,POSITIVE,positive
28/12/2022,"About 1,000 workers at six UK airports will resume their walkout over pay and conditions.",0.222,0.778,0,-0.4019,NEGATIVE,negative
28/12/2022,Captain Leah Williamson admits she feared missing games during England's successful Euro 2022 campaign because of her endometriosis.,0.213,0.551,0.236,0.1531,POSITIVE,positive
28/12/2022,Liverpool reach an agreement to sign Netherlands forward Cody Gakpo from Dutch club PSV Eindhoven.,0,0.751,0.249,0.5106,POSITIVE,positive
28/12/2022,Meet the social media influencers sharing their love of the Welsh language to new audiences.,0,0.65,0.35,0.7906,POSITIVE,positive
28/12/2022,"From Wagatha Christie to Batgirl, these moments were some of the year's most unfortunate.",0.202,0.798,0,-0.5095,NEGATIVE,negative
28/12/2022,Adama Diémé was motivated after seeing once-verdant villages in Senegal without a single tree.,0,0.8,0.2,0.4588,POSITIVE,positive
28/12/2022,At least one person has been killed after heavy fog caused a pile-up near the city of Zhengzhou.,0.22,0.78,0,-0.6705,NEGATIVE,negative
28/12/2022,"Watch Cody Gakpo's goals for the Netherlands at the 2022 World Cup, as Liverpool reach agreement to sign the striker from PSV Eindhoven.",0,0.83,0.17,0.5106,POSITIVE,positive
28/12/2022,"Health officials investigate possible Step A links to child's death, as police inquiry continues.",0.245,0.755,0,-0.5994,NEGATIVE,negative
28/12/2022,"The shooting of Elle Edwards, 26, was ""the most appalling and callous murder"", a detective says.",0.166,0.834,0,-0.4201,NEGATIVE,negative
28/12/2022,The former detainee tells the tennis star how she watched his second Wimbledon triumph in 2016.,0,0.829,0.171,0.4767,POSITIVE,positive
28/12/2022,"The Bafta-winning actor was best known for political satire, including Bremner, Bird and Fortune.",0,0.756,0.244,0.6369,POSITIVE,positive
28/12/2022,The Vatican says the ex-Pope's condition has worsened and Pope Francis asks pilgrims to pray.,0.159,0.714,0.126,-0.1531,NEGATIVE,negative
28/12/2022,Cody Fisher was fatally injured while on a night out in Birmingham on Boxing Day.,0.365,0.635,0,-0.7845,NEGATIVE,negative
28/12/2022,Several other countries have imposed restrictions on travellers from China as Covid cases surge.,0.091,0.909,0,-0.0772,NEGATIVE,negative
28/12/2022,"In-form Marcus Rashford is scoring goals for Manchester United, but Alan Shearer and Michael Owen explain why the club should still buy a striker.",0,0.921,0.079,0.2263,POSITIVE,positive
28/12/2022,A 19-year-old was just months away from becoming the first woman in her family to go to university until the ban.,0.159,0.841,0,-0.5574,NEGATIVE,negative
29/12/2022,"BBC Brasil journalist Fernando Duarte, who has met Pele many times, explains the impact and legacy of the man known around the world as 'King Pele'.",0.009964376,0.6371027,0.35293287,0.999343693,POSITIVE,positive
29/12/2022,"BBC Match of the Day presenter and former England star Gary Lineker says Pele was a ""legend"" of football, and was ""synonymous"" with the sport.",0.030938258,0.6325369,0.33652484,0.998917103,POSITIVE,positive
29/12/2022,"""King"" Pele ""changed everything"", says Brazil forward Neymar as tributes pour in for the late footballing legend.",0.03054421,0.5586805,0.41077533,0.998973012,POSITIVE,positive
29/12/2022,Jurgen Klopp says he sees similarities between Darwin Nunez's early Liverpool career and Robert Lewandowski's start at Borussia Dortmund.,0.010248386,0.63325685,0.35649472,0.982684672,POSITIVE,positive
29/12/2022,Motherhood has been at the centre of heated US debate - this school shows how it's reshaping lives.,0.14204258,0.69196427,0.16599311,0.998403132,POSITIVE,positive
29/12/2022,"The UK is considering restrictions on visitors from China as the US, Japan and Italy reintroduce testing.",0.25170502,0.73324186,0.01505309,0.987167656,NEGATIVE,negative
29/12/2022,BBC Sport's Joe Wilson reports on the life and career of Edson Arantes do Nascimento.,0.028585784,0.91488737,0.05652683,0.994033873,POSITIVE,positive
29/12/2022,How closely have you been paying attention to what's been going on over the past seven days?,0.10549879,0.872002,0.02249924,0.971916556,NEGATIVE,negative
29/12/2022,The provocative doyenne of British fashion married punk style with the flamboyance of high fashion.,0.2031199,0.7529806,0.043899506,0.999186695,POSITIVE,positive
29/12/2022,Watch as Brazil legend Pele discusses the pivotal parts of his footballing career.,0.012336341,0.8617544,0.12590921,0.999199569,POSITIVE,positive
29/12/2022,There is concern about the plans of Benjamin Netanyahu and his far-right and religious allies.,0.6199781,0.37317497,0.006847016,0.547782302,NEGATIVE,negative
29/12/2022,Watch some of the best World Cup goals scored by legendary Brazil forward Pele.,0,0.756,0.244,0.6369,POSITIVE,positive
29/12/2022,Chris Sutton takes on Afrobeats star and Manchester United fan Maulo to pick his winners and losers from this weekend's Premier League games.,0.111,0.621,0.268,0.5859,POSITIVE,positive
29/12/2022,Ukrainian officials say cities across the country are targeted in several waves of strikes.,0.161,0.839,0,-0.3612,NEGATIVE,negative
29/12/2022,"Al Nassr want Cristiano Ronaldo and Sergio Ramos at the club, Manchester City are outbidding AC Milan for Rafael Leao, plus more.",0,0.942,0.058,0.0772,POSITIVE,positive
29/12/2022,"The life of the man regarded by many as the finest ever player of the ""beautiful game"".",0,0.804,0.196,0.5994,POSITIVE,positive
29/12/2022,Olympic champion Eve Muirhead speaks to BBC Scotland about the defining year of her career.,0,0.782,0.218,0.5994,POSITIVE,positive
29/12/2022,Hospitals are under pressure in China following the easing of lockdown restrictions.,0.155,0.704,0.141,-0.0516,NEGATIVE,negative
29/12/2022,"Pele made football a spectacle of natural grace and beauty and became a global icon, says chief football writer Phil McNulty.",0,0.637,0.363,0.8442,POSITIVE,positive
29/12/2022,A selection of some of the most powerful pictures taken by news agency photographers around the UK this year.,0,0.846,0.154,0.4754,POSITIVE,positive
29/12/2022,She was the anarchic idealist who stormed the battlements of the status quo and transformed Britain.,0.078,0.778,0.144,0.296,POSITIVE,positive
29/12/2022,Eleri fitted a new kitchen for her friend using £300 worth of upcycled materials.,0,0.683,0.317,0.6249,POSITIVE,positive
29/12/2022,"Accounts have gained huge followings with odd ""crafting"" videos - but is there another side to them?",0.091,0.718,0.191,0.2023,POSITIVE,positive
29/12/2022,BBC Sport looks back to Pele's hat-trick against France in the 1958 World Cup semi-final which later saw Brazil become world champions.,0,0.861,0.139,0.5267,POSITIVE,positive
29/12/2022,"The football legend, regarded by many as the world's greatest player, has died at the age of 82.",0.151,0.672,0.176,0.1531,POSITIVE,positive
29/12/2022,Patients at Askern Medical Practice are told they have aggressive lung cancer in a messaging error.,0.42,0.58,0,-0.8271,NEGATIVE,negative
29/12/2022,"Brazil legend Pele, who is regarded by many as football's greatest player, dies at the age of 82.",0,0.802,0.198,0.6369,POSITIVE,positive
29/12/2022,BBC Sport selects seven of the finest moments from Pele's stellar career to illustrate just what makes him so special.,0,0.845,0.155,0.541,POSITIVE,positive
29/12/2022,Police have released footage of a suspect's arrest over a pub shooting that killed Elle Edwards.,0.365,0.635,0,-0.7845,NEGATIVE,negative
29/12/2022,Watch some of the best World Cup goals scored by legendary Brazilian forward Pele.,0,0.756,0.244,0.6369,POSITIVE,positive
29/12/2022,Beijing is finally opening its borders - but some countries are wary of a Covid threat.,0.261,0.739,0,-0.6808,NEGATIVE,negative
29/12/2022,For the first time in modern history a living Pope will help bury a dead Pope.,0.226,0.632,0.142,-0.3818,NEGATIVE,negative
29/12/2022,The pioneer who brought punk-inspired creations to the mainstream has died aged 81.,0.209,0.64,0.151,-0.25,NEGATIVE,negative
30/12/2022,"The family of Christmas Eve pub shooting victim Elle Edwards, 26, need answers, say police.",0.13,0.87,0,-0.2732,NEGATIVE,negative
30/12/2022,"The former president's returns showed big losses, complicated business set-ups and no taxes paid in 2020.",0.259,0.741,0,-0.5994,NEGATIVE,negative
30/12/2022,Brazil begins its first day of mourning the late footballing legend as landmarks are lit up in tribute.,0.146,0.854,0,-0.4404,NEGATIVE,negative
30/12/2022,The controversial influencer is detained in an investigation into rape and human trafficking.,0.479,0.521,0,-0.8481,NEGATIVE,negative
30/12/2022,The Queen guitarist is knighted in a list that also celebrates the Lionesses' Euro 2022 victory.,0,0.791,0.209,0.5719,POSITIVE,positive
30/12/2022,"It has been a tough year with more challenges to come, but some retailers are proving the fittest can survive.",0.064,0.87,0.066,0.012,POSITIVE,positive
30/12/2022,Premier League and English Football League clubs wore black armbands and held a minute's applause before kick-off in Friday's games in honour of Brazil legend Pele.,0,0.78,0.22,0.7579,POSITIVE,positive
30/12/2022,Is there evidence that travel restrictions help stop the spread of coronavirus?,0.148,0.671,0.181,0.128,POSITIVE,positive
30/12/2022,Artist Grayson Perry and Queen's Brian May are among the cultural figures in the New Year Honours.,0,0.833,0.167,0.4939,POSITIVE,positive
30/12/2022,Chris Bryant and Julian Lewis are among the political figures recognised in the New Year Honours list.,0,0.833,0.167,0.4939,POSITIVE,positive
30/12/2022,Dara McAnulty and Pat Jennings are among those from Northern Ireland on the New Year Honours list.,0,0.833,0.167,0.4939,POSITIVE,positive
30/12/2022,Files reveal Tony Blair's government was once offered the chance to move the venue out of London.,0,0.889,0.111,0.25,POSITIVE,positive
30/12/2022,Tributes to Brazilian football icon Pele following his death and the financial toll of strikes lead the front pages.,0.274,0.726,0,-0.7506,NEGATIVE,negative
30/12/2022,England players Leah Williamson and Beth Mead and former Olympic heptathlon champion Denise Lewis are among those recognised in the New Year's Honours,0,0.747,0.253,0.7964,POSITIVE,positive
30/12/2022,Pelé won his first World Cup only 70 years after slavery was finally abolished in Brazil.,0.213,0.622,0.164,-0.2732,NEGATIVE,negative
30/12/2022,From winning the World Cup at 17 to being widely regarded as the greatest footballer of all time - Pele's incredible life in pictures.,0,0.734,0.266,0.8225,POSITIVE,positive
30/12/2022,"Three designers, spanning generations, recall the influence of the pioneering fashion creator.",0.006671006,0.60585964,0.38746935,0.999596655,POSITIVE,positive
30/12/2022,Wout Faes scores two own goals as Liverpool come from behind to beat Leicester in their final Premier League game of 2022.,0.00835876,0.77883613,0.21280505,0.996993423,POSITIVE,positive
30/12/2022,Cristiano Ronaldo joins Saudi Arabian side Al Nassr on a deal that runs until 2025.,0.005685362,0.9310546,0.063260116,0.983119547,POSITIVE,positive
30/12/2022,"As the disease surges in China, the global health agency tells Chinese officials it needs to see more data on its spread.",0.53088045,0.45262033,0.016499188,0.999242187,NEGATIVE,negative
30/12/2022,The UK says it is acting over concerns about infection data provided by the Chinese government.,0.252332,0.72602445,0.021643566,0.996711969,NEGATIVE,negative
30/12/2022,"The then prime minister believed Russia's president was at heart a ""patriot"", archive files reveal.",0.27476612,0.6799803,0.04525362,0.94120121,POSITIVE,positive
30/12/2022,"Business leaders, a master distiller and a Beano illustrator are among those recognised by the King.",0.002655145,0.36643365,0.63091123,0.999671578,POSITIVE,positive
30/12/2022,"England and Harlequins prop Joe Marler receives a two-week ban for comments to Bristol's Jake Heenan, with a further four-week sanction suspended.",0.271,0.729,0,-0.7717,NEGATIVE,negative
30/12/2022,"All 16 drones - of which seven were aimed at Kyiv - were destroyed, Ukrainian representatives say.",0.186,0.814,0,-0.4939,NEGATIVE,negative
30/12/2022,"A police officer's account of the aftermath describes ""a scene of chaos and drug use"".",0.222,0.778,0,-0.5719,NEGATIVE,negative
30/12/2022,The BBC's Steve Rosenberg takes to Moscow's streets to see how the Ukraine war has changed Russia.,0.196,0.804,0,-0.5994,NEGATIVE,negative
30/12/2022,"The 36-year-old former kickboxer once said women should ""bear responsibility"" for sexual assault.",0.241,0.759,0,-0.5859,NEGATIVE,negative
31/12/2022,"Eddie Howe says 2022 has been a ""year of real progress"" after Newcastle end it third in the table despite being held to a draw by Leeds.",0,0.896,0.104,0.4215,POSITIVE,positive
31/12/2022,"Obituary of Benedict XVI, a conservative figure who became the first pope to stand down in 600 years.",0.07194084,0.8578721,0.07018702,0.977075934,NEGATIVE,negative
31/12/2022,The Pacific nation of Kiribati was the first to see in the new year - followed by New Zealand.,0.00430504,0.799404,0.19629093,0.999103069,POSITIVE,positive
31/12/2022,The West Coast Mainline is closed between Carlisle and Scotland as a clean-up takes place after Friday's floods.,0.40506595,0.57649297,0.0184411,0.992518187,NEGATIVE,negative
31/12/2022,"Mikel Arteta and Bukayo Saka insist Arsenal are not getting carried away, despite leading the league by seven points at the end of 2022.",0.04675315,0.74182636,0.21142049,0.736588001,POSITIVE,positive
31/12/2022,Saracens earn a comprehensive victory over rivals Exeter to take their lead at top of the Premiership back to 10 points.,0,0.826,0.174,0.4215,POSITIVE,positive
31/12/2022,Memorable acts from the song contest's history performed at a special concert in The Netherlands.,0,0.828,0.172,0.4019,POSITIVE,positive
31/12/2022,Non-league footballer Cody Fisher was fatally attacked at a club in Birmingham on Boxing Day.,0.375,0.625,0,-0.802,NEGATIVE,negative
31/12/2022,"New year bookings at bars and restaurants are down due to rail strikes and price rises, industry experts say.",0.122,0.878,0,-0.3612,NEGATIVE,negative
31/12/2022,"The PM says 2022 has been tough but promises to focus on people's priorities, in New Year's message.",0.061,0.775,0.165,0.4854,POSITIVE,positive
31/12/2022,The 2023 sporting calendar features World Cups in women's football and men's rugby union as well as men's and women's Ashes cricket series and the Ryder Cup.,0,0.925,0.075,0.2732,POSITIVE,positive
31/12/2022,The first black football icon had a huge impact in Africa and his trips to the continent were full of drama.,0,0.892,0.108,0.3182,POSITIVE,positive
31/12/2022,"The vote has been hailed a victory by Palestinians and described as ""despicable"" by Israel.",0,0.872,0.128,0.2263,POSITIVE,positive
31/12/2022,"From a confusing news debate to a nude photoshoot, there was plenty to keep Indian social media buzzing.",0.112,0.888,0,-0.2263,NEGATIVE,negative
31/12/2022,Demarai Gray's stunner cancels out Erling Haaland's opener as Manchester City draw with Everton in a fractious Premier League affair.,0.095,0.905,0,-0.2263,NEGATIVE,negative
31/12/2022,Cameron Norrie beats Rafael Nadal for the first time before Katie Swan sees off Nuria Parrizas-Diaz in the United Cup.,0,0.872,0.128,0.4215,POSITIVE,positive
31/12/2022,England players Leah Williamson and Beth Mead and former Olympic heptathlon champion Denise Lewis are among those recognised in the New Year's Honours,0,0.747,0.253,0.7964,POSITIVE,positive
31/12/2022,The 28-year-old faces four counts of first-degree murder and burglary in a case that shocked the US.,0.333,0.667,0,-0.7906,NEGATIVE,negative
31/12/2022,"From the Queen's death to Iran's longest running protests in decades, here's how BBC News covered the year.",0.266,0.734,0,-0.7003,NEGATIVE,negative
31/12/2022,"The head of the Catholic Church pays his respects to his predecessor Benedict, who resigned from his post in 2013.",0.09,0.807,0.103,0.0772,POSITIVE,positive
31/12/2022,Ukraine's president says his country will never forgive Russians for the terror they have inflicted.,0.286,0.714,0,-0.6386,NEGATIVE,negative
31/12/2022,The past year has seen public outrage over sewage with volunteers taking action into their own hands.,0.171,0.829,0,-0.5106,NEGATIVE,negative
31/12/2022,"From Beyoncé and Harry Styles to Eliza Rose and Cat Burns, here are some of the years top tracks.",0,0.909,0.091,0.2023,POSITIVE,positive
31/12/2022,"The first front pages of 2023 cover a range of stories, including Rishi Sunak promising ""better times ahead"".",0,0.728,0.272,0.6808,POSITIVE,positive
31/12/2022,Press Association photographers reflect on their best images from the past year.,0,0.724,0.276,0.6369,POSITIVE,positive
31/12/2022,A trip to the beach changed Matthew Bassett's life - now he's determined to say yes to everything.,0,0.733,0.267,0.6249,POSITIVE,positive
31/12/2022,"Teresa Hanson, 53, appeared at Hull Magistrates' Court charged with killing her husband Paul Hanson.",0.323,0.677,0,-0.7351,NEGATIVE,negative
31/12/2022,"Gary McKee had been aiming to reach the target for charity, having run 26.2 miles every day this year.",0,0.813,0.187,0.4404,POSITIVE,positive
31/12/2022,"The Wikileaks founder fighting extradition to the US will seek leave from Belmarsh, his wife says.",0.209,0.791,0,-0.4019,NEGATIVE,negative
31/12/2022,The 31-year-old had been arrested on suspicion of conspiracy to murder but has now been released.,0.426,0.574,0,-0.7845,NEGATIVE,negative
01/01/2023,From eating grapes in Madrid to a mass of balloons in Wuhan - how people have seen in the new year around the world.,0.12673259,0.7641314,0.109136015,0.993363023,POSITIVE,positive
01/01/2023,"Gerwyn Price is knocked out as Michael van Gerwen, Michael Smith, Gabriel Clemens and Dimitri van den Bergh reach the World Darts Championship semi-finals.",0,0.846,0.154,0.4588,POSITIVE,positive
01/01/2023,The Most Reverend Justin Welby uses his new year's message to highlight the social care crisis.,0.181,0.573,0.247,0.128,POSITIVE,positive
01/01/2023,"Following their New Year's Day loss to Aston Villa, Spurs are conceding goals at a rate not seen in the Premier League era.",0.099,0.901,0,-0.3182,NEGATIVE,negative
01/01/2023,Former Ryder Cup player Barry Lane dies at the age of 62 after a short illness.,0.162,0.838,0,-0.4019,NEGATIVE,negative
01/01/2023,Leinster apologise after the Wolfe Tones song 'Celtic Symphony' was played following Sunday's win over Connacht at the RDS.,0,0.645,0.355,0.8316,POSITIVE,positive
01/01/2023,It is the latest place to approve the process - considered to be greener than a burial or cremation.,0.011629057,0.34430292,0.644068,0.681651652,POSITIVE,positive
01/01/2023,"Nottingham Forest claim a valuable point in their relegation fight with a deserved draw against Chelsea, who lose ground on the Premier League top four.",0.182,0.651,0.168,-0.1027,NEGATIVE,negative
01/01/2023,Who needs online dating apps when you can meet eligible partners at the tip of a sword?,0.10954075,0.75274056,0.13771865,0.995415688,NEGATIVE,negative
01/01/2023,"How many people seek asylum in the UK versus other countries, and how many are allowed to stay?",0.16800684,0.80993426,0.022058874,0.995340466,NEGATIVE,negative
01/01/2023,"A walrus, which has drawn large crowds since arriving in Scarborough on Saturday, is filmed returning to the sea.",0.019196993,0.87557185,0.10523115,0.981598556,POSITIVE,positive
01/01/2023,A viral video shows the pair performing a rendition of Abba's Waterloo in a Braemar hotel.,0.005186009,0.7702521,0.22456191,0.89336139,NEGATIVE,negative
01/01/2023,The BBC's Steve Rosenberg on the Kremlin's alternative reality as 2023 begins.,0.08910059,0.84441084,0.06648854,0.955750406,POSITIVE,positive
01/01/2023,Match of the Day pundits Alan Shearer and Danny Murphy analyse Marcus Rashford's performance at Wolves after he was dropped to the bench for internal disciplinary reasons.,0.24555683,0.73610353,0.01833968,0.962818563,NEGATIVE,negative
01/01/2023,Tottenham Hotspur head coach Antonio Conte says his side do not have many creative players after their 2-0 defeat at home to Aston Villa in the Premier League.,0.172,0.828,0,-0.6604,NEGATIVE,negative
01/01/2023,The soul-quaking sounds of Gabriels have earned the band fifth place in Radio 1's Sound Of 2023 list.,0.002255828,0.2776549,0.72008926,0.998146296,POSITIVE,positive
01/01/2023,Local wildlife experts say it may be the first time a walrus has been seen in Yorkshire.,0.10057756,0.8476278,0.051794633,0.970483303,POSITIVE,positive
01/01/2023,The RSPCA shares some of the strangest animal rescues from the past year.,0,0.71,0.29,0.5423,POSITIVE,positive
01/01/2023,Who is capable of doing special things? Who could make a future manager? It's Garth Crooks' Team of the Week.,0,0.75,0.25,0.6868,POSITIVE,positive
01/01/2023,"The West must be in it for the ""long haul"" as Russia shows no signs of relenting, says Nato's chief.",0.104,0.896,0,-0.296,NEGATIVE,negative
01/01/2023,"When the pop song Better Days was released in 2010, it contained a secret message hidden in the catchy tune.",0,0.861,0.139,0.4404,POSITIVE,positive
01/01/2023,Warnings about the risk caused by NHS delays leads the front pages this Bank Holiday Monday.,0.215,0.65,0.135,-0.1531,NEGATIVE,negative
01/01/2023,"The energy bill support package will continue after April, but will be less generous.",0,0.597,0.403,0.7514,POSITIVE,positive
01/01/2023,Marc Wilkinson said he wanted to carry out an altruistic act to help people struggling with the cost of living.,0.119,0.766,0.115,-0.0258,NEGATIVE,negative
01/01/2023,An ice alert is in force for the whole of Scotland and train services face a week of cancellations.,0,0.885,0.115,0.296,POSITIVE,positive
01/01/2023,"Thirty years since their break-up, Slovakia and the Czech Republic have a harmonious relationship.",0,0.8,0.2,0.4588,POSITIVE,positive
01/01/2023,The United Ukrainian Ballet represent the country's cultural frontline against the Russian invasion.,0,0.811,0.189,0.4215,POSITIVE,positive
01/01/2023,The Viking Orion has been denied entry to Australia as a fungus is found growing on its hull.,0.148,0.765,0.087,-0.296,NEGATIVE,negative
01/01/2023,Skylines around the world have been lit up by fireworks and bright lights as the year 2023 begins.,0,0.854,0.146,0.4404,POSITIVE,positive
01/01/2023,"More than 8,000 performers delight flag-waving crowds at an annual parade in central London.",0,0.769,0.231,0.5994,POSITIVE,positive
01/01/2023,"The 77-year-old says he will rebuild a country his predecessor had reduced to ""terrible ruins"".",0.193,0.807,0,-0.4767,NEGATIVE,negative
01/01/2023,"Volunteers are needed to help identify sharks, skates and rays as part of a conservation project.",0,0.838,0.162,0.4019,POSITIVE,positive
02/01/2023,"Cristiano Ronaldo's contract has Newcastle clause, Benoit Badiashile set for Chelsea medical, Liverpool target Matheus Nunes, plus more.",0.03170827,0.9243487,0.04394307,0.572459817,POSITIVE,positive
02/01/2023,People in the black community are urging others to speak out about their experience with OCD.,0.043189526,0.7861187,0.17069183,0.951393664,POSITIVE,positive
02/01/2023,Matt Proudfoot leaves his role as England forwards coach less than a month after Eddie Jones' departure as head coach.,0.12554045,0.847156,0.027303558,0.996905386,NEGATIVE,negative
02/01/2023,The Duke of Sussex's calls to reconcile with his father and brother leads Tuesday's front pages.,0.03140449,0.8818877,0.08670779,0.992856979,POSITIVE,positive
02/01/2023,Child drumming prodigy White was one of the early members of the band with several of his brothers.,0.00521633,0.91408825,0.08069543,0.996865809,POSITIVE,positive
02/01/2023,"Chair of the BMA council, Professor Phil Banfield, is calling on the government to ""take immediate action"".",0.060979094,0.86156636,0.07745449,0.596662104,POSITIVE,positive
02/01/2023,"The singer, whose single Go went platinum this year, takes fourth place in the BBC Sound Of 2023.",0.001538804,0.3612159,0.6372453,0.979253292,POSITIVE,positive
02/01/2023,"David Downes, who paints from his photographic memory, says being autistic has shaped his whole life.",0.3642649,0.5893219,0.04641317,0.770223677,POSITIVE,positive
02/01/2023,"A hospital told Sulemana he was 9ft 6in, but nurses couldn't be sure - so the BBC went to find out.",0.12,0.88,0,-0.3491,NEGATIVE,negative
02/01/2023,The brightly painted wooden sarcophagus was smuggled to the US by a global art trafficking network.,0.56170565,0.4240788,0.014215516,0.974558055,NEGATIVE,negative
02/01/2023,"Two UK citizens died in the crash, which occurred as one aircraft was taking off and the other landing.",0.27,0.73,0,-0.743,NEGATIVE,negative
02/01/2023,"He also says ""they've shown absolutely no willingness to reconcile"", but it is not clear who he is referring to in the trailer.",0.173,0.763,0.064,-0.4278,NEGATIVE,negative
02/01/2023,Only 20% of services are expected to run this week due to walkouts by RMT and Aslef union members.,0.086,0.914,0,-0.1779,NEGATIVE,negative
02/01/2023,Michael van Gerwen and Michael Smith will contest the PDC World Darts Championship final after semi-final wins on Monday.,0,0.72,0.28,0.765,POSITIVE,positive
02/01/2023,"Liverpool manager Jurgen Klopp says he is ""not happy"" with his side's performance in the 3-1 loss against Brentford at the Community Stadium.",0.201,0.799,0,-0.6483,NEGATIVE,negative
02/01/2023,Martina Navratilova reveals she has been diagnosed with both throat and breast cancer.,0.268,0.732,0,-0.6597,NEGATIVE,negative
02/01/2023,Liverpool miss the chance to reduce the gap to Premier League's top four as Brentford punish their defensive frailties in a deserved victory at the Community Stadium.,0.162,0.68,0.159,-0.2732,NEGATIVE,negative
02/01/2023,The advice to parents at the end of the Christmas break comes amid high levels of flu and Covid cases.,0.12,0.88,0,-0.3818,NEGATIVE,negative
02/01/2023,US golfer Scott Stallings is handed a shock after discovering his Masters invitation has been sent to another person of the same name.,0.11,0.89,0,-0.3818,NEGATIVE,negative
02/01/2023,There was a huge response from the emergency services following the blaze in the Scottish city.,0.145,0.726,0.128,-0.0772,NEGATIVE,negative
02/01/2023,The second Old Firm game of the season ended with managers Michael Beale and Ange Postecoglou pleased with their sides' performance.,0,0.873,0.127,0.4404,POSITIVE,positive
02/01/2023,Ukraine's president says Moscow aims to exhaust his country with a prolonged wave of drone strikes.,0.266,0.734,0,-0.5719,NEGATIVE,negative
02/01/2023,"Thousands of mourners pay their respects to Brazil legend Pele who is lying in state at the stadium of his former club, Santos.",0.263,0.657,0.08,-0.6486,NEGATIVE,negative
02/01/2023,The two male lawmakers attacked Amy Ndiaye after she criticised an opposition religious figure.,0.326,0.674,0,-0.7003,NEGATIVE,negative
02/01/2023,Trevor Bickford is accused of attacking three officers near Times Square during new year celebrations.,0.286,0.714,0,-0.6369,NEGATIVE,negative
03/01/2023,China is ramping up its vaccination programme in response to the latest wave of Covid.,0.032754775,0.8435214,0.123723745,0.624851644,POSITIVE,positive
03/01/2023,"A procession carrying Pelé's coffin passed through the streets of Santos, before a private family burial.",0.09812739,0.87010676,0.031765815,0.776393652,POSITIVE,positive
03/01/2023,The ambition for pupils in England will feature in the prime minister's first speech of 2023.,0.006624002,0.6397708,0.35360527,0.997215271,POSITIVE,positive
03/01/2023,Working four days a week might seem radical. But it wasn't so long ago that a six-day week was normal.,0.26046333,0.6126928,0.1268439,0.944009602,NEGATIVE,negative
03/01/2023,"As China opens its borders, countries around the world have announced testing for arrivals.",0.120350264,0.84120274,0.038447063,0.989247739,POSITIVE,positive
03/01/2023,World Cup skiers will race on artificial snow this Saturday as the Alps see record high temperatures.,0.038199507,0.75303805,0.20876239,0.91258806,POSITIVE,positive
03/01/2023,"The girl, who took her own life, should have been seen as a victim not a terrorist, her mum says.",0.096,0.733,0.171,0.3895,POSITIVE,positive
03/01/2023,"The health secretary blames the pandemic and flu for NHS pressures, but insists government has right plan.",0.275,0.725,0,-0.5106,NEGATIVE,negative
03/01/2023,The footballing legend was laid to rest after a huge procession through the streets of Santos.,0,0.859,0.141,0.3182,POSITIVE,positive
03/01/2023,Prosecutors say robbers threatened to stab the Olympic cyclist in front of his three-year-old son.,0.343,0.657,0,-0.7783,NEGATIVE,negative
03/01/2023,All UK households are getting £400 off their winter energy bill and many on low incomes get extra help.,0.092,0.699,0.21,0.4019,POSITIVE,positive
03/01/2023,"From Spain to Latvia, national and regional records for January are broken across the continent.",0.181,0.819,0,-0.4767,NEGATIVE,negative
03/01/2023,American football star Damar Hamlin is the latest athlete to encounter heart problems.,0.184,0.816,0,-0.4019,NEGATIVE,negative
03/01/2023,"The BBC's Sean Dilley meets a volunteer puppy raiser, hoping to help a blind person be independent.",0.134,0.594,0.272,0.4215,POSITIVE,positive
03/01/2023,"Every year around this time, stargazers get ready to enjoy the annual Quadrantid meteor shower. Find out all you need to know about it and how you can see it here.",0,0.836,0.164,0.6908,POSITIVE,positive
03/01/2023,Covid-19 and ethical concerns are drastically reshaping the industry in Thailand.,0,0.752,0.248,0.5106,POSITIVE,positive
03/01/2023,The Californian congressman is struggling to secure enough votes for the House of Representatives' top job.,0.14,0.65,0.21,0.1027,POSITIVE,positive
03/01/2023,"Eleanor Williams lied to police and posted on Facebook she had been trafficked by an ""Asian gang"".",0.14,0.86,0,-0.3818,NEGATIVE,negative
03/01/2023,Eleanor Williams said she was the victim of a grooming gang and many in her home town believed her.,0.11,0.89,0,-0.2732,NEGATIVE,negative
03/01/2023,"Arsenal boss Mikel Arteta says he is ""really proud"" of his side but they should have been awarded two penalties in their draw against Newcastle.",0,0.8,0.2,0.6953,POSITIVE,positive
03/01/2023,"Portugal captain Cristiano Ronaldo says his work in Europe is done despite having ""many opportunities"" to join other clubs before signing for Al Nassr.",0.083,0.834,0.083,0.0041,POSITIVE,positive
03/01/2023,Marcus Rashford scores again as Manchester United stretched their winning run in all competitions to six games with a comfortable victory over Bournemouth.,0,0.667,0.333,0.8591,POSITIVE,positive
03/01/2023,Tensions soared as Pyongyang tested a record number of missiles in 2022 - what comes next?,0.169,0.75,0.081,-0.34,NEGATIVE,negative
03/01/2023,"Michael Smith wins the PDC World Championship for the first time, beating Michael van Gerwen 7-4 in a magnificent final.",0.105,0.526,0.368,0.8176,POSITIVE,positive
04/01/2023,There were no ambulances available to respond after an 83-year-old man collapsed.,0.301,0.699,0,-0.5106,NEGATIVE,negative
04/01/2023,"Shops may have no choice but to up prices when energy bills rise in April, the retail industry body says.",0.072,0.809,0.119,0.2617,POSITIVE,positive
04/01/2023,Can the prime minister achieve his promises and is he taking a big political risk in making them?,0.107,0.761,0.132,0.128,POSITIVE,positive
04/01/2023,"The energy bill support package will continue after April, but will be less generous.",0,0.597,0.403,0.7514,POSITIVE,positive
04/01/2023,The mayor of Berlin plans a youth violence summit after police and firefighters come under attack.,0.356,0.644,0,-0.802,NEGATIVE,negative
04/01/2023,Dr Vishwaraj Vemala was on a flight to India when a passenger went into cardiac arrest,0.156,0.844,0,-0.34,NEGATIVE,negative
04/01/2023,"Republican Kevin McCarthy is seeking to become Speaker, one of the most powerful roles in US politics.",0,0.838,0.162,0.4754,POSITIVE,positive
04/01/2023,"Russia now says 89 soldiers were killed in the attack in Makiivka, in the occupied Donetsk region.",0.336,0.664,0,-0.8225,NEGATIVE,negative
04/01/2023,"After Tuesday's heavy defeat by Brighton, BBC Sport asks whether Frank Lampard can survive as Everton manager.",0.158,0.842,0,-0.4588,NEGATIVE,negative
04/01/2023,A family is stunned to find a fox with just two legs in their back garden.,0.097,0.903,0,-0.1027,NEGATIVE,negative
04/01/2023,GP surgeries across the country are likely to face intense demand this week after the Christmas break.,0.084,0.843,0.073,-0.0516,NEGATIVE,negative
04/01/2023,Witty and incisive novelist whose often colourful private life read like one of her own plots.,0,0.857,0.143,0.3612,POSITIVE,positive
04/01/2023,Russia says mobile phone signals gave their troops' position away before a Ukrainian attack.,0.205,0.795,0,-0.4767,NEGATIVE,negative
04/01/2023,"Travel in and out of China gets easier from Sunday, as it moves away from its zero-Covid strategy.",0,0.859,0.141,0.4215,POSITIVE,positive
04/01/2023,"Sir Keir will promise ""national renewal"" but no ""spending our way out of a crisis"", in a major speech.",0.144,0.771,0.085,-0.2846,NEGATIVE,negative
04/01/2023,"What you need to know about the rail strike and other strike action this week, by the BBC's Zoe Conway.",0.143,0.857,0,-0.25,NEGATIVE,negative
04/01/2023,"People in Bakhmut, at the epicentre of the war, live in defiance under constant Russian bombardment.",0.206,0.794,0,-0.5994,NEGATIVE,negative
04/01/2023,Rodrigo scores a fine 70th-minute equaliser for Leeds United to deny fourth-bottom West Ham United a much-needed win.,0.098,0.447,0.455,0.8316,POSITIVE,positive
04/01/2023,"Forecasts suggest bills for households may drop later in the year, although a rise in April remains certain.",0.0561477,0.88317776,0.06067445,0.99641031,NEGATIVE,negative
04/01/2023,Most of Wednesday's papers report Rishi Sunak's pledge to make maths compulsory for under-18s.,0.019007742,0.8753928,0.10559946,0.84637183,NEGATIVE,negative
04/01/2023,A play-by-play of the Republican leader's efforts to become Speaker of the House.,0.06802548,0.90487623,0.02709828,0.972150624,POSITIVE,positive
04/01/2023,The former health secretary tells users they will still be able keep up with him on TikTok.,0.0904374,0.7478108,0.16175187,0.504600346,NEGATIVE,negative
04/01/2023,Thousands have come to Las Vegas for one of the world's largest technology shows.,0.003936641,0.23359486,0.76246846,0.999638319,POSITIVE,positive
04/01/2023,"The rate at which prices are rising has fallen slightly, but inflation remains near a 40-year high.",0.104,0.896,0,-0.1901,NEGATIVE,negative
04/01/2023,The issue of people crossing the English Channel in small boats was a key part of Rishi Sunak's speech.,0.030097457,0.8728087,0.09709384,0.983147979,POSITIVE,positive
04/01/2023,The latest Omicron variant is making scientists take notice in the US - so what do you need to know?,0.010511966,0.7029364,0.28655165,0.905672848,POSITIVE,positive
04/01/2023,The mother of United States midfielder Giovanni Reyna says she reported head coach Gregg Berhalter for kicking his wife when they were teenagers.,0,0.887,0.113,0.4215,POSITIVE,positive
04/01/2023,Harry Kane scores two of Tottenham's four second-half goals after they eventually cruise to a Premier League win over Crystal Palace.,0,0.833,0.167,0.5859,POSITIVE,positive
04/01/2023,The American football player is still under intensive care after collapsing during a game on Monday.,0.12,0.707,0.174,0.25,POSITIVE,positive
04/01/2023,We investigate if getting a gym membership could actually save you money in the shower.,0,0.802,0.198,0.4939,POSITIVE,positive
04/01/2023,A Ukrainian missile attack killed dozens of Russian conscripts in Makiivka.,0.487,0.513,0,-0.8225,NEGATIVE,negative
04/01/2023,The economic crisis may no longer make headlines but it has a devastating effect on education.,0.457,0.543,0,-0.8779,NEGATIVE,negative
04/01/2023,"Harry Styles, Cat Burns and Kate Bush scored huge hits, as UK music fans streamed 159 billion songs.",0,0.881,0.119,0.3182,POSITIVE,positive
04/01/2023,Rishi Sunak also makes pledges on the economy and small boat crossings in his first major speech of 2023.,0.004515521,0.7768468,0.21863769,0.996433735,POSITIVE,positive
05/01/2023,"Around 90% of the Sierra Madre, which protects the Philippines from the worst of climate change, is gone.",0.183,0.714,0.103,-0.4215,NEGATIVE,negative
05/01/2023,The Project Leonardo controller is announced five years after Microsoft released its accessible gamepad.,0.003292325,0.69420457,0.30250308,0.985690176,NEGATIVE,negative
05/01/2023,"What you need to know about the rail strike and other industrial action this week, by the BBC's Zoe Conway.",0.073,0.927,0,-0.128,NEGATIVE,negative
05/01/2023,"The duke says those meant to defend him were feeding the media negative stories, writes the BBC's Jonny Dymond.",0.171,0.829,0,-0.5719,NEGATIVE,negative
05/01/2023,"Emma Raducanu criticises the ""slippery"" courts as she retires early with an ankle injury against Viktoria Kuzmova, 11 days before the Australian Open",0.195,0.805,0,-0.6249,NEGATIVE,negative
05/01/2023,What are the rules on striking and do you have to be a trade union member to take part?,0.21484497,0.7694496,0.015705407,0.993463635,NEGATIVE,negative
05/01/2023,"Manchester City boss Pep Guardiola says 18-year-old Rico Lewis had an ""extraordinary"" impact after coming on as a half-time substitute and helping his side to victory over Chelsea.",0,0.922,0.078,0.296,POSITIVE,positive
05/01/2023,Who is a handful for defenders? Who has enormous mental strength? It's Garth Crooks' Team of the Week.,0,0.755,0.245,0.594,POSITIVE,positive
05/01/2023,Ros Atkins looks at the issue of how the NHS has been funded.,0.19861136,0.7678019,0.03358666,0.972340465,POSITIVE,positive
05/01/2023,"From birth, the royal brother's lives have been closely watched from around the world.",0.06410852,0.8938953,0.041996196,0.999354064,POSITIVE,positive
05/01/2023,Miners in Somaliland are uprooting centuries-old trees used since antiquity to make perfume.,0.5279393,0.4505609,0.0214998,0.890297472,NEGATIVE,negative
05/01/2023,The latest Omicron variant is making scientists take notice in the US - so what do you need to know?,0.010511966,0.7029364,0.28655165,0.905672848,POSITIVE,positive
05/01/2023,"The average annual temperature last year was more than 10C for the first time, the Met Office says.",0.04944505,0.77679944,0.17375551,0.731886268,POSITIVE,positive
05/01/2023,"Police, who describe the death as suspicious, say more tests are needed to discover how he died.",0.417,0.583,0,-0.875,NEGATIVE,negative
05/01/2023,English heavy metal band Iron Maiden have been honoured with a set of twelve commemorative stamps.,0,0.814,0.186,0.4939,POSITIVE,positive
05/01/2023,News of public figures' deaths has sparked speculation about greater losses than officials have reported.,0.148,0.714,0.137,-0.0516,NEGATIVE,negative
05/01/2023,Could fresh concessions by Kevin McCarthy to the rebels give him the Speaker votes he needs?,0.099,0.773,0.127,0.128,POSITIVE,positive
05/01/2023,"Former Pope Benedict's funeral takes place at the Vatican, as Francis celebrates Mass with pilgrims.",0.13,0.677,0.193,0.296,POSITIVE,positive
05/01/2023,How closely have you been paying attention to what's been going on over the past seven days?,0.10549879,0.872002,0.02249924,0.971916556,NEGATIVE,negative
05/01/2023,"When there is no mobile coverage, phones will be able to send and receive emergency texts via satellite.",0.231,0.769,0,-0.5859,NEGATIVE,negative
05/01/2023,"Putin orders a 36-hour Orthodox Christmas ceasefire, which Ukraine says is mere propaganda.",0.154,0.846,0,-0.25,NEGATIVE,negative
05/01/2023,"Match of the Day pundit Ian Wright explains how a ""fantastic"" performance from 21-year-old Spanish winger Bryan Gil gave Tottenham the creativity they needed to beat Crystal Palace.",0,0.909,0.091,0.3818,POSITIVE,positive
05/01/2023,Champions Manchester City move to within five points of Arsenal at the top of the Premier League with a win at Chelsea.,0,0.667,0.333,0.8402,POSITIVE,positive
05/01/2023,"Manchester United manager Erik ten Hag says he will be patient reintroducing Jadon Sancho to his team as ""footballers are not robots"".",0,0.882,0.118,0.4215,POSITIVE,positive
05/01/2023,"Buffalo Bills player is ""neurologically intact"" after collapsing on the pitch after a cardiac arrest.",0.264,0.632,0.103,-0.4215,NEGATIVE,negative
05/01/2023,A documentary about the Nan Goldin-led protests against the Sackler family aims for more award glory.,0.088,0.559,0.353,0.7698,POSITIVE,positive
05/01/2023,"The London trio, whose throwback R&B sound is compared to Destiny's Child, are tipped for the top.",0,0.899,0.101,0.2023,POSITIVE,positive
05/01/2023,"West Ham manager David Moyes describes David Gold as ""a good man and a sensible man"" who was supportive and keen to see the club do well.",0,0.694,0.306,0.8271,POSITIVE,positive
05/01/2023,"The Labour leader promises to transfer powers from Westminster and turn the slogan into a ""solution"".",0,0.843,0.157,0.3818,POSITIVE,positive
05/01/2023,"Fire, ambulance and rail would have to provide minimum services in laws planned for later this year.",0.13,0.87,0,-0.34,NEGATIVE,negative
05/01/2023,"Harry claims William physically attacked him, and says he urged his father not to marry Camilla.",0.167,0.833,0,-0.4588,NEGATIVE,negative
06/01/2023,Prince Harry describes how he found about the late Queen's death and his last conversation with her.,0.196,0.804,0,-0.5994,NEGATIVE,negative
06/01/2023,Manchester United move into round four of the FA Cup thanks to a hard-fought victory over Everton at Old Trafford.,0,0.749,0.251,0.6908,POSITIVE,positive
06/01/2023,The creator of The Buddha of Suburbia and My Beautiful Launderette says he believed he was dying.,0,0.804,0.196,0.5994,POSITIVE,positive
06/01/2023,"The drop in temperature has caused disruptions to rail, air and road transport across Indian states.",0.243,0.757,0,-0.5423,NEGATIVE,negative
06/01/2023,"What you need to know about the rail strike and other industrial action, by the BBC's Zoe Conway.",0.081,0.919,0,-0.128,NEGATIVE,negative
06/01/2023,"Gunfire hits a plane and gangs erect road blocks after a son of drug kingpin ""El Chapo"" is arrested.",0.25,0.75,0,-0.6124,NEGATIVE,negative
06/01/2023,"Shekeila Scarlett, one of the youngest people in the UK to chair a board of governors, argues the body should reflect the students.",0.11,0.89,0,-0.3818,NEGATIVE,negative
06/01/2023,Police warn of a rising number of luxury vehicles being stolen to order by criminal gangs.,0.394,0.542,0.064,-0.7717,NEGATIVE,negative
06/01/2023,Revelations from Prince Harry's memoir have upended a carefully co-ordinated marketing strategy.,0,0.87,0.13,0.128,POSITIVE,positive
06/01/2023,"Harzat Wali, 18, was stabbed in Twickenham in October 2021. A youth, 17, is on trial for murder.",0.336,0.664,0,-0.8225,NEGATIVE,negative
06/01/2023,"Former Chelsea striker and manager Gianluca Vialli, who played 59 times for Italy, dies at the age 58.",0,0.876,0.124,0.34,POSITIVE,positive
06/01/2023,"The star tops the charts as an independent artist, after her label refused to release her debut album.",0.102,0.744,0.153,0.2732,POSITIVE,positive
06/01/2023,"Denise Coates is one of the richest women in Britain, having founded the firm in Stoke-on-Trent.",0,0.815,0.185,0.5267,POSITIVE,positive
06/01/2023,"Flu, staff shortages and Covid backlogs are putting the NHS under severe strain, find out what's happening in your area.",0.333,0.667,0,-0.7184,NEGATIVE,negative
06/01/2023,RMT boss criticises the PM for saying he wants a “grown-up conversation” with the unions.,0.15,0.85,0,-0.3182,NEGATIVE,negative
06/01/2023,How did we get here and what happens next as 10 players are suspended in a corruption inquiry.,0.162,0.838,0,-0.4767,NEGATIVE,negative
06/01/2023,"Gianluca Vialli, who has died aged 58, was one of the modern era's great strikers and also one of its most popular and endearing figures, writes Phil McNulty.",0.143,0.659,0.198,0.4576,POSITIVE,positive
06/01/2023,"In his book, Harry says killing 25 Taliban fighters was like removing chess pieces from a board.",0.265,0.616,0.118,-0.4767,NEGATIVE,negative
06/01/2023,"Donna Janse Van Rensburg, Sharon McLean and Keith Russell died in a fire at the New County Hotel.",0.286,0.714,0,-0.7184,NEGATIVE,negative
06/01/2023,"Jack Grealish admits his move to Manchester City has been ""much more difficult"" than he imagined after setting up their winner at Chelsea.",0.097,0.695,0.208,0.4951,POSITIVE,positive
06/01/2023,"The Duke of Sussex's memoir Spare is published on 10 January, but many key claims have been leaked.",0.148,0.852,0,-0.4497,NEGATIVE,negative
06/01/2023,Lord Patel announces he will step down as Yorkshire chair at the club's next annual general meeting in March.,0.035731487,0.93837965,0.025888914,0.981325865,NEGATIVE,negative
06/01/2023,"Watch as Manchester United goalkeeper David de Gea allows the ball to go through his legs, gifting Conor Coady a goal for Everton during their FA Cup third round tie at Old Trafford.",0,0.917,0.083,0.4215,POSITIVE,positive
06/01/2023,Watch highlights as Marcus Rashford creates two goals and scores an injury-time penalty to give Manchester United a 3-1 FA Cup third-round win against Everton.,0.095,0.631,0.274,0.6908,POSITIVE,positive
06/01/2023,Owen Farrell scores a last-minute drop-goal as Saracens beat Gloucester 19-16 in a Premiership thriller at Kingsholm.,0,0.909,0.091,0.1027,POSITIVE,positive
06/01/2023,NFL owners approve changes to the AFC play-off structure after the game between the Cincinnati Bengals and the Buffalo Bills was cancelled.,0.087,0.913,0,-0.25,NEGATIVE,negative
06/01/2023,"In interviews and his book Spare, Prince Harry recalls in detail his own past racism scandals.",0.343,0.657,0,-0.8074,NEGATIVE,negative
06/01/2023,"Harry claims William physically attacked him, and says he urged his father not to marry Camilla.",0.167,0.833,0,-0.4588,NEGATIVE,negative
06/01/2023,There's been speculation public meetings with President Putin have been staged.,0.3107572,0.6683007,0.020942101,0.99326843,NEGATIVE,negative
06/01/2023,"Leeds 2023 is about to begin, bringing a year of cultural celebrations. But how did it come about?",0.006125737,0.41262668,0.58124757,0.931915641,NEGATIVE,negative
06/01/2023,Grief at his mother's death and anger towards his family - our royal correspondent explores Spare.,0.474,0.526,0,-0.8957,NEGATIVE,negative
06/01/2023,The first orbital rocket launch from Britain is about to blast off - but it's just the start for the UK's race to space.,0.015800511,0.58044493,0.40375456,0.997347474,POSITIVE,positive
06/01/2023,Higher rates mean that some people are putting off buying a home or renewing mortgages.,0.64242303,0.3438406,0.01373635,0.996856689,NEGATIVE,negative
06/01/2023,At the Torgon ski resort in the Valais Alps it's hikers rather than skiers on the slopes.,0.11790846,0.80147016,0.08062141,0.971615553,NEGATIVE,negative
06/01/2023,Entrepreneurs who started internet firms in lockdown are making the transition to bricks and mortar.,0.02825889,0.8235923,0.14814879,0.997028291,POSITIVE,positive
06/01/2023,"The shipping industry is experimenting with foils, sails and fuel to make itself less carbon intensive.",0.06990645,0.7196015,0.210492,0.990733147,NEGATIVE,negative
06/01/2023,"The Rail Delivery Group says its offer would see wages for drivers rise by £5,000 by the end of 2023.",0.004916642,0.50173426,0.49334913,0.986595809,NEGATIVE,negative
06/01/2023,What are the rules on striking and do you have to be a trade union member to take part?,0.21484497,0.7694496,0.015705407,0.993463635,NEGATIVE,negative
06/01/2023,The Duke of Sussex opens up about his fractured relationship with his brother.,0.12733318,0.8272125,0.04545439,0.998678744,POSITIVE,positive
06/01/2023,"Romeo Beckham, son of former England captain David, joins Brentford's B team on loan from Inter Miami II until the end of the season.",0.020862995,0.9442024,0.034934517,0.972890377,POSITIVE,positive
07/01/2023,Mohammad Mahdi Karami and Seyed Mohammad Hosseini said they had been forced to make false confessions.,0.167,0.833,0,-0.4588,NEGATIVE,negative
07/01/2023,Social media platform Weibo says it acted over personal attacks against Chinese Covid experts.,0.182,0.818,0,-0.4404,NEGATIVE,negative
07/01/2023,A group of entrepreneurs speak to the BBC about the challenges of running start-ups during a war. ,0.214,0.714,0.071,-0.5574,NEGATIVE,negative
07/01/2023,"Despite losing 13 votes, the Republican says he will prevail when lawmakers reconvene on Friday night.",0,0.873,0.127,0.2924,POSITIVE,positive
07/01/2023,Liverpool and Wolves are forced to settle for an FA Cup third-round replay after a thrilling encounter finishes level at Anfield.,0.124,0.747,0.129,0.0258,POSITIVE,positive
07/01/2023,"In a new clip, he also speaks about how difficult it was to meet the public after his mother died.",0.264,0.736,0,-0.7269,NEGATIVE,negative
07/01/2023,Six journalists have been detained over footage of the South Sudan president appearing to wet himself.,0.153,0.847,0,-0.4019,NEGATIVE,negative
07/01/2023,Prime Minister Rishi Sunak met health leaders to discuss ways to tackle the pressures facing the NHS.,0.126,0.874,0,-0.3182,NEGATIVE,negative
07/01/2023,"The PM says he wants to fix the health service, but there are no easy answers, writes Laura Kuenssberg.",0.118,0.719,0.163,0.2617,POSITIVE,positive
07/01/2023,Constance Marten and Mark Gordon went missing with their baby after breaking down on the M61.,0.128,0.872,0,-0.296,NEGATIVE,negative
07/01/2023,The Republican is finally chosen after a week of chaos and angry scenes between colleagues in his own party.,0.283,0.607,0.109,-0.6486,NEGATIVE,negative
07/01/2023,Mike Rogers dramatically confronts a fellow Republican after 14 rounds of voting for Kevin McCarthy.,0.128,0.872,0,-0.2263,NEGATIVE,negative
07/01/2023,League One side Sheffield Wednesday pull off a FA Cup shock as they knock out Premier League Newcastle United.,0.121,0.748,0.131,0.0516,POSITIVE,positive
07/01/2023,"Ana Montes was described as being among ""the most damaging spies"" ever caught by the US.",0.193,0.807,0,-0.5563,NEGATIVE,negative
07/01/2023,"The event, scheduled for Monday, will be livestreamed and all tickets available to the public have gone.",0.006054028,0.84162706,0.152319,0.994600892,NEGATIVE,negative
07/01/2023,"Boss Julen Lopetegui says it is ""impossible"" that Wolves had a winning goal ruled out in their FA Cup third-round draw at Liverpool.",0,0.861,0.139,0.5267,POSITIVE,positive
07/01/2023,The new Speaker has offered guarantees to the rebels. But every concession comes with a cost.,0.091,0.909,0,-0.1027,NEGATIVE,negative
07/01/2023,Manager David Moyes hopes West Ham United's FA Cup win at Brentford will prove to be a turning point in their season.,0,0.742,0.258,0.765,POSITIVE,positive
07/01/2023,Liverpool and Wolves are forced to settle for an FA Cup third-round replay after a thrilling encounter finishes level 2-2 at Anfield.,0.12,0.757,0.124,0.0258,POSITIVE,positive
07/01/2023,Heezy Yang uses his drag act Hurricane Kimchi to raise awareness of South Korea's LGBT community.,0.112,0.888,0,-0.2263,NEGATIVE,negative
07/01/2023,"Harry claims William physically attacked him, and says he urged his father not to marry Camilla.",0.167,0.833,0,-0.4588,NEGATIVE,negative
07/01/2023,Revelations from Prince Harry's memoir have upended a carefully co-ordinated marketing strategy.,0,0.87,0.13,0.128,POSITIVE,positive
07/01/2023,Watch highlights as League One Sheffield Wednesday pull off a memorable FA Cup shock as they knock out the Premier League's third-placed side Newcastle United.,0.095,0.803,0.102,0.0516,POSITIVE,positive
07/01/2023,Championship strugglers Blackpool humble Premier League outfit Nottingham Forest to reach the FA Cup fourth round.,0.124,0.67,0.206,0.1531,POSITIVE,positive
07/01/2023,Few in Ukraine's eastern city of Bakhmut expected Russia's declared truce to be matched with action.,0.29266742,0.68003833,0.027294286,0.97005862,NEGATIVE,negative
07/01/2023,The teacher is left with life-threatening injuries after the shooting in the state of Virginia.,0.9444747,0.05309029,0.002435019,0.998732746,NEGATIVE,negative
07/01/2023,Why Harry isn't the first person to have the predicament of being the royal understudy.,0.3599647,0.616643,0.023392256,0.994457364,NEGATIVE,negative
07/01/2023,Jonathan Dimbleby interviewed and wrote a book about the then Prince Charles in 1994.,0.02122165,0.93061197,0.048166357,0.992412388,POSITIVE,positive
07/01/2023,"The film director tells Sunday with Laura Kuenssberg he has ""total sympathy"" with the idea.",0,0.848,0.152,0.3612,POSITIVE,positive
07/01/2023,"A selection of powerful images from all over the globe, taken in the past seven days.",0,0.833,0.167,0.4215,POSITIVE,positive
08/01/2023,"Sunday's papers feature more reaction to Prince Harry's forthcoming book, Spare, which will be released on Tuesday.",0.002113799,0.6955706,0.30231568,0.965274811,POSITIVE,positive
08/01/2023,"There has been ""little progress"" in recent efforts at tackling barriers to participation in sport and physical activity in England, say an influential group of MPs.",0,0.816,0.184,0.6605,POSITIVE,positive
08/01/2023,"With their cash-strapped economy still adrift, Sri Lankans say their struggle has not ended.",0.15,0.85,0,-0.3182,NEGATIVE,negative
08/01/2023,Suzanne Mulholland's time saving tips have gathered her a significant following on social media.,0,0.87,0.13,0.2023,POSITIVE,positive
09/01/2023,A search is under way for British nationals Andrew Bagshaw and Christopher Parry in Ukraine.,0.12669629,0.8548101,0.018493552,0.934118986,NEGATIVE,negative
09/01/2023,Residents of south-eastern Nigeria live in fear as a separatist rebellion has upended daily life.,0.281,0.719,0,-0.5719,NEGATIVE,negative
09/01/2023,Three eco-conscious young people from around the world call for more action on the climate crisis.,0.215,0.785,0,-0.6249,NEGATIVE,negative
09/01/2023,"Activists and police are facing off in Lützerath, where diggers plan to expand a giant coal mine.",0,0.867,0.133,0.3182,POSITIVE,positive
09/01/2023,"Thousands of protesters ransacked the Congress, presidential palace, and Supreme Court in Brasília.",0.115,0.667,0.218,0.4019,POSITIVE,positive
09/01/2023,President Lula has questioned police actions in failing to prevent the storming of government buildings.,0.264,0.674,0.062,-0.5574,NEGATIVE,negative
09/01/2023,"While much has been said about Bolsonaro's loss, this is more about the man he lost to - Lula.",0.223,0.777,0,-0.5574,NEGATIVE,negative
09/01/2023,"Emma Raducanu says she hopes she will be fit for this month's Australian Open but is trying ""not to expect too much"".",0,0.846,0.154,0.3919,POSITIVE,positive
09/01/2023,World number one Ronnie O'Sullivan swept Luca Brecel aside to reach the quarter-finals of the Masters with a 6-1 win at Alexandra Palace.,0,0.754,0.246,0.6369,POSITIVE,positive
09/01/2023,BBC Sport looks back at Gareth Bale's best Premier League moments as he retires from football aged 33.,0,0.802,0.198,0.6369,POSITIVE,positive
09/01/2023,"FIA president Mohammed Ben Sulaymen's vocal support for the mooted Andretti team reflects a wider power struggle at the heart of F1, writes Andrew Benson.",0.085,0.815,0.1,0.1027,POSITIVE,positive
09/01/2023,"Renters are being hit harder than owners by rising housing costs, official data shows.",0.8397051,0.15259463,0.007700241,0.997237444,NEGATIVE,negative
09/01/2023,BBC Sport examines the key stages of the Wales captain Gareth Bale's evolution during his stellar career.,0.005163538,0.6930588,0.3017777,0.998754144,POSITIVE,positive
09/01/2023,Wales captain Gareth Bale announces his retirement from football at the age of 33.,0.13321196,0.8391512,0.027636861,0.802452803,NEGATIVE,negative
09/01/2023,Irish broadcaster RTÉ announces Public Image Ltd will compete with five other acts for the title.,0.029668728,0.92796206,0.042369213,0.862355173,POSITIVE,positive
09/01/2023,Fresh accusations emerge in South Africa against former teacher at Boris Johnson's elite prep school.,0.53615224,0.45259598,0.011251707,0.954437137,NEGATIVE,negative
09/01/2023,A modified jumbo jet will fly out of Cornwall on a mission to send nine satellites to orbit.,0.014429903,0.94608307,0.039487056,0.872762918,POSITIVE,positive
09/01/2023,"A search is under way for two British nationals in the eastern Donetsk region of Ukraine, officials say.",0.20997167,0.7708281,0.019200245,0.981824338,NEGATIVE,negative
09/01/2023,Chelsea are close to signing Atletico Madrid and Portugal forward Joao Felix on loan for the rest of the season.,0.003606568,0.82984495,0.16654845,0.845872939,POSITIVE,positive
09/01/2023,"Some predict that in the future we'll work in virtual worlds, but others are not convinced.",0.161,0.839,0,-0.438,NEGATIVE,negative
09/01/2023,It is no mere coincidence that scenes in Brasilia resemble events at the US Capitol on 6 January 2021,0.115,0.885,0,-0.296,NEGATIVE,negative
09/01/2023,"As Bolsonaro supporters stormed Congress, locals in Brasilia were forced to shelter in fear.",0.308,0.547,0.144,-0.5106,NEGATIVE,negative
09/01/2023,Members of a farming community who live in an old friary feel protected from the cost-of-living crisis.,0.195,0.667,0.138,-0.296,NEGATIVE,negative
09/01/2023,"Beth Matthews, a patient at a psychiatric hospital, ordered the substance online, an inquest hears.",0.29354304,0.6923698,0.014087115,0.968616486,NEGATIVE,negative
09/01/2023,"The energy bill support package will continue after April, but will be less generous.",0,0.597,0.403,0.7514,POSITIVE,positive
09/01/2023,"A global agreement in 1987 to ban chemicals harming the ozone layer is working, scientists say.",0.321,0.536,0.143,-0.6124,NEGATIVE,negative
09/01/2023,The BBC's Analysis editor looks at the recent history behind Sunday’s riots in the Brazilian capital.,0.18,0.82,0,-0.5106,NEGATIVE,negative
09/01/2023,Buffalo Bills safety Damar Hamlin is discharged from a Cincinnati hospital one week after suffering a cardiac arrest during an NFL game.,0.217,0.672,0.111,-0.4019,NEGATIVE,negative
09/01/2023,Eddie Nketiah scores twice as Arsenal beat League One Oxford United to set up an FA Cup fourth-round tie with Premier League rivals Manchester City.,0,0.896,0.104,0.4215,POSITIVE,positive
09/01/2023,Edith Thompson's lover killed her husband in an attack she didn't want to happen. Why was she hanged?,0.331,0.526,0.143,-0.6152,NEGATIVE,negative
09/01/2023,"Unite says NHS talks were a ""missed opportunity"", as unions say planned strikes will go ahead.",0.266,0.734,0,-0.5719,NEGATIVE,negative
09/01/2023,"Unite says NHS talks were a ""missed opportunity"", as unions say this week's strikes will go ahead.",0.251,0.749,0,-0.5719,NEGATIVE,negative
09/01/2023,Brazil mourns the loss of key parts of its artistic collection damaged by rioters.,0.439,0.561,0,-0.8225,NEGATIVE,negative
09/01/2023,Prince Harry tells a US interviewer his mother would have been upset at the fallout between her sons.,0.14,0.86,0,-0.3818,NEGATIVE,negative
09/01/2023,James Cleverley and Maros Šefčovič say the agreement gives a new basis for NI protocol talks.,0,0.814,0.186,0.4939,POSITIVE,positive
09/01/2023,A crowd gathered in Karaj amid reports authorities were preparing to execute another two protesters.,0.128,0.872,0,-0.2263,NEGATIVE,negative
09/01/2023,Some 89% of people in Henan province have been infected but visits to clinics have peaked.,0.123,0.877,0,-0.2732,NEGATIVE,negative
09/01/2023,A trial of two men hears the elite cyclist's home was broken into and high-value watches were stolen.,0.296,0.704,0,-0.743,NEGATIVE,negative
09/01/2023,How Brazil's Congress came to be stormed by supporters of ex-President Bolsonaro.,0,0.791,0.209,0.4404,POSITIVE,positive
09/01/2023,The action by primary teachers will be followed by a walkout by secondary teachers on Wednesday.,0.141,0.859,0,-0.3182,NEGATIVE,negative
09/01/2023,Stephen Easterbrook was fired in 2019 after the firm found he had had a consensual relationship with an employee.,0.175,0.825,0,-0.5574,NEGATIVE,negative
09/01/2023,Watch highlights as Arsenal cruise past League One side Oxford United 3-0 to set up an FA Cup fourth round tie with Manchester City.,0,0.891,0.109,0.4215,POSITIVE,positive
09/01/2023,"The government says the current level of support for firms was ""unsustainably expensive"".",0,0.816,0.184,0.4019,POSITIVE,positive
09/01/2023,Around 90% of Californians - some 34 million people - are under flood watches and advisories.,0.29468328,0.666802,0.038514704,0.935051322,NEGATIVE,negative
10/01/2023,"The controversial memoir has sold more than 400,000 copies on its first day of sale in the UK.",0.096,0.904,0,-0.2023,NEGATIVE,negative
10/01/2023,"Novak Djokovic, Ons Jabeur and six other players will form the first executive committee of the controversial Professional Tennis Players Association.",0.083,0.917,0,-0.2023,NEGATIVE,negative
10/01/2023,A wasp causes chaos in Mark Williams' first-round Masters match against David Gilbert at Alexandra Palace.,0.209,0.791,0,-0.5719,NEGATIVE,negative
10/01/2023,"Members of the public explain why they are keen to read Spare, as it goes on sale in London.",0,0.878,0.122,0.3612,POSITIVE,positive
10/01/2023,The duke says he is a Friends fanatic and the Queen quizzed Meghan about Donald Trump when they met.,0,0.846,0.154,0.4767,POSITIVE,positive
10/01/2023,"Former England, British & Irish Lions and Coventry back David Duckham dies aged 76.",0.43080926,0.546721,0.02246975,0.986523569,NEGATIVE,negative
10/01/2023,The Pulitzer Prize-winning journalist is the creme de la creme of celebrity ghostwriters.,0.17802565,0.6610651,0.16090928,0.991022825,POSITIVE,positive
10/01/2023,Fans queue to buy a hardback copy of the duke's memoir as it went on sale at midnight.,0.006104861,0.9238491,0.07004599,0.963404417,NEGATIVE,negative
10/01/2023,The Duke of Sussex's memoir Spare has finally been published after a series of leaks.,0.022453176,0.68209106,0.29545587,0.993718743,NEGATIVE,negative
10/01/2023,"Newcastle boss Eddie Howe says ""you couldn't script it"" as Dan Burn's first goal for his boyhood club sends them on their way to the Carabao Cup semi-finals.",0.15412933,0.7680685,0.0778022,0.862389624,NEGATIVE,negative
10/01/2023,Russia's Wagner mercenaries claim to be in control - but Kyiv says its troops are still holding out.,0.30347785,0.6776854,0.018836813,0.992771685,NEGATIVE,negative
10/01/2023,"Counter-terrorism officers are investigating the shipment, which originated from Pakistan.",0.27807176,0.7084727,0.013455533,0.856031954,NEGATIVE,negative
10/01/2023,What you need to know about emergency care during the ambulance strike.,0.252,0.552,0.196,0.0258,POSITIVE,positive
10/01/2023,"Hundreds of thousands are without power in the state, while millions more are at risk from flooding.",0.129,0.871,0,-0.3321,NEGATIVE,negative
10/01/2023,Manchester United beat Charlton Athletic to reach the Carabao Cup semi-finals after goals from Antony and Marcus Rashford prove the difference at Old Trafford.,0,0.849,0.151,0.4404,POSITIVE,positive
10/01/2023,"Low-income households, pensioners and some disabled people can get extra help with energy bills.",0,0.714,0.286,0.5859,POSITIVE,positive
10/01/2023,Gabon's Jaures Kombila can get into almost any position using his amazingly flexible body.,0,0.856,0.144,0.2944,POSITIVE,positive
10/01/2023,Companies are facing tough choices as the government reveals a new energy bills support scheme.,0.087,0.636,0.277,0.5106,POSITIVE,positive
10/01/2023,"New racquet sports are stepping out of tennis' shadows but, as pickleball and padel boom with the help of celebrities, there has also been some backlash.",0,0.876,0.124,0.5499,POSITIVE,positive
10/01/2023,Engineers are working on building solar farms robust enough to survive in the open ocean.,0,0.854,0.146,0.34,POSITIVE,positive
10/01/2023,"The awards ceremony is back this year, but the body behind it remains controversial in Hollywood.",0.121,0.769,0.11,-0.0516,NEGATIVE,negative
10/01/2023,"Edith Thompson, 29, was executed 100 years ago after her lover murdered her husband.",0.218,0.594,0.188,-0.1531,NEGATIVE,negative
10/01/2023,"About 1,000 people are still being held and questioned in connection with the 8 December riots.",0.266,0.734,0,-0.5719,NEGATIVE,negative
10/01/2023,The sisters of a six-year-old say the authorities will not tell them why her killer is back in jail.,0.202,0.798,0,-0.6486,NEGATIVE,negative
10/01/2023,"Early trade body figures suggest ""extraordinary"" record sales in the entertainment sector.",0,0.797,0.203,0.4215,POSITIVE,positive
10/01/2023,US law prohibits charging a six-year-old as an adult and the minimum age for a juvenile prison is 11.,0.171,0.829,0,-0.5106,NEGATIVE,negative
10/01/2023,"New figures show more than 650,000 people died in the UK last year.",0.231,0.769,0,-0.5574,NEGATIVE,negative
10/01/2023,"Rachael and Helen Patching, aged 33 and 52, from Kent, were visiting Ystradfellte while on holiday.",0,0.847,0.153,0.4019,POSITIVE,positive
10/01/2023,"A group of volunteers in Camden, London, want to save your broken electricals from the scrapheap.",0.158,0.612,0.23,0.1027,POSITIVE,positive
10/01/2023,"In the US, Harry and Meghan have found a more welcoming audience, our North America editor writes.",0,0.824,0.176,0.4927,POSITIVE,positive
10/01/2023,The hosts of the award-winning podcast about dealing with cancer say they plan to stand down.,0.227,0.773,0,-0.6597,NEGATIVE,negative
10/01/2023,"Chris Parry, 28, has been missing in Ukraine along with Andrew Bagshaw, 48, since Friday.",0.136,0.864,0,-0.296,NEGATIVE,negative
10/01/2023,"What you need to know about the ambulance workers' strike and other industrial action, by the BBC's Zoe Conway.",0.077,0.923,0,-0.128,NEGATIVE,negative
10/01/2023,The controversial influencer remains in detention as part of a human trafficking probe.,0.301,0.699,0,-0.5106,NEGATIVE,negative
10/01/2023,"Prince Harry's book, with sex, drugs and monarchy, reaches parts never seen before in a royal memoir.",0,0.926,0.074,0.0516,POSITIVE,positive
10/01/2023,"The firm, formerly known as Hermes, says staff shortages, Royal Mail strikes and bad weather have caused disruption.",0.419,0.581,0,-0.8442,NEGATIVE,negative
10/01/2023,Jofra Archer takes three wickets as the England bowler makes an impressive return to competitive cricket after 17 months out with injury.,0.104,0.709,0.187,0.296,POSITIVE,positive
10/01/2023,"It is ""time to take action to address our shameful past,"" says the Archbishop of Canterbury.",0.176,0.824,0,-0.4939,NEGATIVE,negative
10/01/2023,Health managers say Wednesday's walkout in England and Wales will be harder to cope with.,0.141,0.859,0,-0.3182,NEGATIVE,negative
10/01/2023,"Over-50s and NHS staff can get a Covid booster, as can younger people who are at higher risk.",0.116,0.884,0,-0.2732,NEGATIVE,negative
10/01/2023,Prince Harry describes his beard as a shield for anxiety amid claims he was told to shave it off.,0.091,0.909,0,-0.1779,NEGATIVE,negative
10/01/2023,Mark Williams moves into the quarter-finals of the Masters with a 6-2 win over David Gilbert as Barry Hawkins whitewashes Mark Allen.,0,0.84,0.16,0.5859,POSITIVE,positive
10/01/2023,A bookseller placed Prince Harry's memoir Spare beside Bella Mackie's novel How to Kill Your Family.,0.235,0.65,0.115,-0.5267,NEGATIVE,negative
11/01/2023,UFC president Dana White suggests he will not be punished by the organisation for his part in an altercation with his wife.,0,0.894,0.106,0.357,POSITIVE,positive
11/01/2023,Nottingham Forest boss Steve Cooper says reaching a first EFL Cup semi-final in 31 years will offer old and new fans the chance to dream after being drawn against Manchester United.,0,0.751,0.249,0.765,POSITIVE,positive
11/01/2023,Watch the key moments from the opening match of England and Jamaica's three-match series as the Roses come from behind to win 73-52.,0,0.853,0.147,0.5859,POSITIVE,positive
11/01/2023,Soledar in eastern Ukraine is the latest town to face an intense battle involving Russian forces.,0.145,0.782,0.073,-0.3182,NEGATIVE,negative
11/01/2023,The actress dedicated her Golden Globes award to other minority actors in Hollywood.,0,0.629,0.371,0.7579,POSITIVE,positive
11/01/2023,"See the full list of nominees for the 80th annual Golden Globe Awards, being updated live with winners.",0,0.724,0.276,0.7269,POSITIVE,positive
11/01/2023,George Pell was reviled by many for his alleged role in child sexual abuse scandals.,0.363,0.637,0,-0.8126,NEGATIVE,negative
11/01/2023,Three paramedics tell BBC News what it is like to work in the strike-hit profession at the moment.,0,0.872,0.128,0.3612,POSITIVE,positive
11/01/2023,"In extensive BBC interviews, Shamima Begum also reveals the detailed planning before she joined IS at 15.",0.035521623,0.9125912,0.05188714,0.995576143,POSITIVE,positive
11/01/2023,"Bernard Arnault made his fortunes as chief executive of French fashion giant, LVMH.",0.006388684,0.47764438,0.51596695,0.999245524,POSITIVE,positive
11/01/2023,Hollywood stars wore a variety of eye-catching outfits to the ceremony in Los Angeles,0.003021298,0.41467324,0.58230543,0.999604762,POSITIVE,positive
11/01/2023,Southampton stun Manchester City at St Mary's Stadium to move into the semi-finals of the EFL Cup.,0.014378464,0.7851536,0.20046793,0.875387371,NEGATIVE,negative
11/01/2023,The cleric's convictions on child abuse charges - since quashed on appeal - shocked the Catholic Church.,0.417,0.583,0,-0.8225,NEGATIVE,negative
11/01/2023,The reshuffle comes as Russians claim to be making progress in eastern Ukraine after months of reverses.,0,0.851,0.149,0.4215,POSITIVE,positive
11/01/2023,The 18-month hunt for the last resting place of a dog who played Greyfriars Bobby ends in success.,0,0.711,0.289,0.7269,POSITIVE,positive
11/01/2023,The BBC's royal correspondent Daniela Relph looks at how the royals have been affected by the publishing of Spare.,0.082,0.918,0,-0.1531,NEGATIVE,negative
11/01/2023,The Conservative MP has been suspended after a tweet comparing Covid vaccine side effects to the Holocaust.,0.171,0.829,0,-0.4767,NEGATIVE,negative
11/01/2023,It's still unknown who financed the violent protest and laid on the free transport to take people there.,0.244,0.62,0.136,-0.3818,NEGATIVE,negative
11/01/2023,"One of rock's most influential guitarists, he was inducted to the Rock and Roll Hall of Fame twice.",0,0.724,0.276,0.7264,POSITIVE,positive
11/01/2023,A rural family who ran out of heating oil say they were forced to wash their children in the kitchen.,0.143,0.857,0,-0.4588,NEGATIVE,negative
11/01/2023,"Women report positives, but also areas for improvement in a report by England's care regulator.",0,0.512,0.488,0.8885,POSITIVE,positive
11/01/2023,Teachers are trying to find ways to challenge boys who admire the controversial influencer.,0.105,0.64,0.256,0.3818,POSITIVE,positive
11/01/2023,"Tatjana Patitz, one of the 1990's most prominent supermodels, died in California.",0.235,0.608,0.158,-0.3117,NEGATIVE,negative
11/01/2023,"Alireza Akbari's wife says his family were told to go to his prison in Tehran for a ""final visit"".",0.163,0.837,0,-0.5106,NEGATIVE,negative
11/01/2023,Former world number one and four-time Grand Slam champion Naomi Osaka announces she is pregnant.,0.119,0.505,0.376,0.6808,POSITIVE,positive
11/01/2023,"Some rural and suburban areas have no local doctors, while GPs in cities are working 60-hour weeks.",0.121,0.879,0,-0.296,NEGATIVE,negative
11/01/2023,How one man's ever-growing village archive sparked a tour of lost ale houses.,0.173,0.827,0,-0.3182,NEGATIVE,negative
11/01/2023,Jude's talent caught the attention of a piano tuner who surprised him with an amazing gift.,0,0.491,0.509,0.886,POSITIVE,positive
11/01/2023,Judd Trump wins a final-frame decider 6-5 against Ryan Day in the first round of the Masters and Stuart Bingham beats fellow Englishman Kyren Wilson.,0,0.861,0.139,0.5719,POSITIVE,positive
11/01/2023,Global temperatures and rain patterns are affected by climate phenomena known as El Niño/La Niña.,0.103,0.897,0,-0.1531,NEGATIVE,negative
11/01/2023,"After being pared-down in 2022, the Golden Globes are back to kick off Hollywood's awards season.",0,0.833,0.167,0.4588,POSITIVE,positive
11/01/2023,Irish actor Colin Farrell is recognised for his performance in the dark comedy set on a remote island.,0,0.865,0.135,0.3612,POSITIVE,positive
11/01/2023,Naatu Naatu from the Telugu movie RRR beat heavyweights to win the award for best original song.,0,0.485,0.515,0.93,POSITIVE,positive
12/01/2023,Why Africa's most-populous country is introducing new bank notes weeks before an election.,0.3367704,0.5807252,0.082504384,0.99510926,NEGATIVE,negative
12/01/2023,"Saudi Arabian club Al Hilal target Lionel Messi, Arsenal are back in for Dusan Vlahovic, plus more.",0.008568301,0.8350307,0.15640096,0.993449032,POSITIVE,positive
12/01/2023,Police say seven dogs have been seized after officers were called to Caterham on Thursday.,0.49790028,0.48795033,0.01414939,0.989889562,NEGATIVE,negative
12/01/2023,Experts say player selection will be a key factor in leading India to victory in upcoming matches.,0.008105976,0.58747363,0.4044204,0.999571264,POSITIVE,positive
12/01/2023,"The singer, who is rock legend Elvis's only child, was reportedly found unresponsive at her LA home.",0.49674767,0.4854034,0.017848881,0.999198377,NEGATIVE,negative
12/01/2023,The two political leaders met during Mr Sunak's first visit to Scotland since becoming PM.,0.00538692,0.8872497,0.107363366,0.998116493,POSITIVE,positive
12/01/2023,"Patients at a London hospital are waiting 24 hours in corridors as staff endure their ""hardest winter"".",0.839601,0.14783905,0.012559969,0.995259583,NEGATIVE,negative
12/01/2023,The announcement came after classified files were found at the president's home and at a former office.,0.20890792,0.7585315,0.032560624,0.995399177,NEGATIVE,negative
12/01/2023,"Senior sister Susan Beswick is struggling to keep patients safe, as demand soars at Royal Bolton Hospital.",0.203,0.66,0.137,-0.1027,NEGATIVE,negative
12/01/2023,"New forecasts by Investec suggest energy bills could fall below £2,500 from July as wholesale gas prices fall.",0,0.89,0.11,0.2732,POSITIVE,positive
12/01/2023,"Seven-time champion Ronnie O'Sullivan is knocked out in the quarter-finals of the Masters, beaten 6-5 by Mark Williams in a thrilling contest.",0.101,0.647,0.252,0.6369,POSITIVE,positive
12/01/2023,Will Thornton steps in to help a marsupial trying to cross the Gold Coast Highway in Queensland.,0,0.847,0.153,0.4019,POSITIVE,positive
12/01/2023,"Some images from the life of one of rock's most influential guitarists, who has died aged 78.",0.165,0.688,0.147,-0.1045,NEGATIVE,negative
12/01/2023,The Spice Girl will be performing at Sadler's Wells in London in January.,0,0.857,0.143,0.25,POSITIVE,positive
12/01/2023,"Argentina forward Lionel Messi and England trio Leah Williamson, Beth Mead and Keira Walsh are among the nominees for the Fifa Best Awards.",0,0.745,0.255,0.802,POSITIVE,positive
12/01/2023,Citizens Advice says people moved to the pay-as-you-go method risked going without heat and light.,0.119,0.881,0,-0.2263,NEGATIVE,negative
12/01/2023,Novak Djokovic returns as the man to beat and Emma Raducanu hopes to lead the British bid at the Australian Open.,0,0.877,0.123,0.4215,POSITIVE,positive
12/01/2023,"Chelsea manager Graham Potter says ""anything that can go wrong, is going wrong"" for his side following their 2-1 defeat by Fulham at Craven Cottage.",0.295,0.705,0,-0.8481,NEGATIVE,negative
12/01/2023,"The original cache is under review by US prosecutors, in a political embarrassment for the White House.",0.151,0.729,0.12,-0.1531,NEGATIVE,negative
12/01/2023,"The NHS says there is an ""urgent need"" for ethnic minority organ donors to help find the best matches.",0,0.648,0.352,0.8271,POSITIVE,positive
12/01/2023,"A bad run, unhappy fans, a big injury list and their new signing suspended - things go from bad to worse for Graham Potter's Chelsea.",0.54,0.46,0,-0.9571,NEGATIVE,negative
12/01/2023,The incident happened after an argument with hotel staff over the loss of a laptop.,0.286,0.714,0,-0.5859,NEGATIVE,negative
12/01/2023,"Nearly all of the metals, used in mobile phones, electric cars and wind turbines, come from China.",0.12042257,0.7748104,0.104767025,0.940305471,POSITIVE,positive
12/01/2023,Joao Felix was sent off on his Chelsea debut as his new side lost to Fulham to increase the pressure on Blues boss Graham Potter.,0.156,0.764,0.08,-0.296,NEGATIVE,negative
12/01/2023,Sharp deterioration in response times for emergencies like heart attacks and strokes in England.,0.167,0.69,0.144,-0.1027,NEGATIVE,negative
12/01/2023,"A review by a Tory MP, seen by the BBC, criticises ""inconsistent policy"" calls for a ""new approach"".",0.141,0.859,0,-0.3182,NEGATIVE,negative
12/01/2023,"The new super space observatory probes a dynamic star factory 200,000 light years from Earth.",0,0.649,0.351,0.7579,POSITIVE,positive
12/01/2023,"BBC Sport speaks to members of Team Trans, the only all-transgender ice hockey team in the US, about finding acceptance and the aftermath of Club Q.",0,0.893,0.107,0.4588,POSITIVE,positive
12/01/2023,Irish PM Leo Varadkar and Labour's Sir Keir Starmer are set to meet Stormont's largest parties.,0,0.847,0.153,0.4019,POSITIVE,positive
12/01/2023,"The group is working ""around the clock"" to resolve severe disruption to overseas deliveries.",0.273,0.588,0.139,-0.3612,NEGATIVE,negative
12/01/2023,"The 36-year-old former kickboxer once said women should ""bear responsibility"" for sexual assault.",0.241,0.759,0,-0.5859,NEGATIVE,negative
12/01/2023,Ruined buildings and cratered landscape around the town in eastern Ukraine can be seen in the new images.,0.154,0.846,0,-0.4767,NEGATIVE,negative
12/01/2023,Two British nationals are reported missing in Ukraine. Here's what we know so far.,0.145,0.855,0,-0.296,NEGATIVE,negative
12/01/2023,"Heavy rains and strong winds cause disruption in England, Wales and Northern Ireland.",0.149,0.655,0.196,0.2023,POSITIVE,positive
12/01/2023,Researchers claim to put a number on what Exxon knew about temperature rise as early as the 1970s.,0,0.925,0.075,0.0772,POSITIVE,positive
12/01/2023,"BBC Persian journalists are trolled and harassed on a daily basis, and their families persecuted.",0.326,0.674,0,-0.7003,NEGATIVE,negative
12/01/2023,"The artists get four nominations each, but female acts are entirely missing in the best artist prize.",0.118,0.509,0.373,0.8406,POSITIVE,positive
12/01/2023,"The University and College Union said the ""the clock is ticking"" for a deal to be reached over pay.",0.08690369,0.8499471,0.06314918,0.996778309,NEGATIVE,negative
12/01/2023,"Flu, staff shortages and Covid backlogs are putting the NHS under severe strain, find out what's happening in your area.",0.333,0.667,0,-0.7184,NEGATIVE,negative
13/01/2023,Manchester United sign Netherlands striker Wout Weghorst on loan for the rest of the season.,0,0.833,0.167,0.4215,POSITIVE,positive
13/01/2023,Former champion Judd Trump comes from behind to beat Barry Hawkins 6-5 and reach the semi-finals of the Masters.,0,0.773,0.227,0.6124,POSITIVE,positive
13/01/2023,Leicester qualify for the Heineken Champions Cup last 16 with a game to spare as they return to winning ways at Clermont.,0,0.736,0.264,0.7783,POSITIVE,positive
13/01/2023,"Jennie Gow, 45, says it will take some time for her to return to work after the stroke two weeks ago.",0.3570066,0.60618776,0.036805663,0.997561336,NEGATIVE,negative
13/01/2023,"The Labour leader says it is time for the government to put Northern Ireland above a ""Brexit purity cult"".",0.2657434,0.67101663,0.0632399,0.984100461,NEGATIVE,negative
13/01/2023,"More than 80 flood warnings are in place across the UK, as a cold weather alert is also issued.",0.11943153,0.8137642,0.066804275,0.851921022,POSITIVE,positive
13/01/2023,"The singer was the only child of the ""King of Rock 'n' Roll"", Elvis Presley.",0.029867036,0.7572193,0.21291366,0.995500863,POSITIVE,positive
13/01/2023,Pressure is mounting on the president to give further details about material found at his home and former office.,0.109,0.891,0,-0.296,NEGATIVE,negative
13/01/2023,"Figure skater Kamila Valieva bore ""no fault or negligence"" for a positive doping test, Russia's anti-doping agency finds.",0.294,0.553,0.153,-0.3182,NEGATIVE,negative
13/01/2023,An investigation is looking into allegations of fraud at a company that looks after Usain Bolt's investments.,0.202,0.798,0,-0.5859,NEGATIVE,negative
13/01/2023,Coroner Graeme Hughes concludes Gareth Roberts and Dominga David died of industrial disease.,0.231,0.769,0,-0.5574,NEGATIVE,negative
13/01/2023,Manchester United host Manchester City on Saturday in what could be one of their most evenly matched Premier League encounters in years.,0,0.882,0.118,0.4215,POSITIVE,positive
13/01/2023,The Manchester City footballer faces a retrial on two counts the jury could not reach verdicts on.,0.141,0.859,0,-0.0762,NEGATIVE,negative
13/01/2023,"Russia says it has captured the salt-mine town after a long battle, but Ukraine says fighting continues.",0.265,0.735,0,-0.6187,NEGATIVE,negative
13/01/2023,The GMB and the RCN unions say they will not call strikes while pay negotiations are being held.,0.072,0.82,0.108,0.1803,POSITIVE,positive
13/01/2023,"Aston Villa may have beaten them 2-1 but Leeds boss Jesse Marsch said it was his side's ""best performance"" in his 11 months in charge.",0.062,0.749,0.189,0.7096,POSITIVE,positive
13/01/2023,"Despite his acquittal on most charges, the footballer may struggle to escape his portrayal in court.",0.242,0.67,0.088,-0.4576,NEGATIVE,negative
13/01/2023,Friday's papers cover calls for more people to be put on statins and Grenfell firefighters with cancer.,0.216,0.784,0,-0.6597,NEGATIVE,negative
13/01/2023,The number of encounters has climbed from the 144 compiled by a top US spy agency in its 2021 report.,0,0.846,0.154,0.2732,POSITIVE,positive
13/01/2023,School chief says at least one staff member was alerted the child had a gun before the shooting.,0.13,0.87,0,-0.34,NEGATIVE,negative
13/01/2023,Latvia's defence minster says sabotage could not be ruled out as a cause of the blast near its border.,0.163,0.769,0.067,-0.4588,NEGATIVE,negative
13/01/2023,"In a new interview with the Daily Telegraph, the prince says he wants an apology for his wife, Meghan.",0,0.934,0.066,0.0516,POSITIVE,positive
14/01/2023,Vehicles including a Rolls-Royce and Mercedes were taken away from the influencer's Romanian home.,0.39733753,0.5535035,0.049158927,0.99821353,NEGATIVE,negative
14/01/2023,From droughts and wildfires to floods and landslides - why extreme weather may be the new norm.,0.6159844,0.36262387,0.021391692,0.968257666,NEGATIVE,negative
14/01/2023,Judd Trump beats Stuart Bingham 6-1 to set up a meeting with Mark Williams in the final of the Masters on Sunday.,0.004848785,0.93546206,0.059689127,0.999313951,POSITIVE,positive
14/01/2023,Missionaries help grow a Christian community in Nepal - even though converting people is illegal.,0.208,0.636,0.156,-0.2263,NEGATIVE,negative
14/01/2023,The US president's lawyers found additional documents at his property in Delaware.,0.09866801,0.8681082,0.033223763,0.987695217,NEGATIVE,negative
14/01/2023,"More than 100 flood warnings are in place across the UK, as a cold weather alert is also issued.",0.12461767,0.80448407,0.070898175,0.820756376,POSITIVE,positive
14/01/2023,"Artist Jon Tordoff made the 100 sq ft (9.2 sq m) structure at his cottage in Milford, Derbyshire.",0.017828442,0.9243358,0.057835758,0.983668864,POSITIVE,positive
14/01/2023,Rishi Sunak confirms the tanks will be provided during a call with President Zelensky.,0.007759177,0.89783204,0.09440883,0.99061209,POSITIVE,positive
14/01/2023,The party says the next UK election will either be a de facto referendum or a mandate for an indyref2 vote in 2026.,0,0.881,0.119,0.4019,POSITIVE,positive
14/01/2023,"After 14 Indian fishermen got stranded on a remote island, they found innovative ways to survive.",0,0.828,0.172,0.4404,POSITIVE,positive
14/01/2023,A government ban on battery-caged hens has led to a shortage of eggs in New Zealand.,0.318,0.682,0,-0.6808,NEGATIVE,negative
14/01/2023,The Straw Bear Festival sees a person dressed in straw and Morris troupes dancing in the streets.,0,0.824,0.176,0.4939,POSITIVE,positive
14/01/2023,"Ebrima Solo Sandeng, killed by Gambian agents nearly seven years ago, is finally honoured as a hero.",0.185,0.535,0.28,0.3182,POSITIVE,positive
14/01/2023,"Four months ago, Geraint John lost his 43-year-old wife and the mother of his three children to cancer.",0.295,0.705,0,-0.7717,NEGATIVE,negative
14/01/2023,Saturday was a chance for Everton to turn their season around but ultimately delivered arguably their lowest point in another dismal campaign.,0.381,0.569,0.05,-0.8979,NEGATIVE,negative
14/01/2023,Emma Raducanu's core team is taking shape as the British number one hopes to cement a long-term coaching partnership.,0,0.796,0.204,0.4767,POSITIVE,positive
14/01/2023,Manchester United show the lessons learned under Erik ten Hag with statement derby win over Manchester City.,0,0.694,0.306,0.765,POSITIVE,positive
14/01/2023,"After delivering what manager Jurgen Klopp described as their worst game of his Liverpool tenure, where do the struggling Reds go from here?",0.247,0.753,0,-0.7845,NEGATIVE,negative
14/01/2023,There has been a backlash after no female artists were nominated for the gender-neutral music prize.,0.119,0.703,0.178,0.2732,POSITIVE,positive
14/01/2023,Canadians with mental illness could soon qualify for assisted death. It's ignited debate in the country.,0.32,0.68,0,-0.765,NEGATIVE,negative
14/01/2023,More details emerge of a ban that businesses say could make takeaways more costly.,0.325,0.675,0,-0.6478,NEGATIVE,negative
14/01/2023,"The UK described the Iranian regime, which sentenced Alireza Akbari to death for spying, as ""barbaric"".",0.263,0.737,0,-0.6124,NEGATIVE,negative
14/01/2023,A girl is in a life-threatening condition after a shooting which injured another child and four women.,0.172,0.828,0,-0.4019,NEGATIVE,negative
14/01/2023,"Labour are ahead in the polls, but leader Keir Starmer has his work cut out, writes Laura Kuenssberg.",0.135,0.865,0,-0.3919,NEGATIVE,negative
14/01/2023,Demonstrators in Tel Aviv say government plans to overhaul the judiciary would be an attack on democracy.,0.162,0.838,0,-0.4767,NEGATIVE,negative
14/01/2023,"Lucky Girl Syndrome promotes positive thinking, manifesting good vibes and is spreading online.",0,0.435,0.565,0.8934,POSITIVE,positive
14/01/2023,The RCN wants progress in negotiations by the end of January or says it will ballot more members.,0,0.859,0.141,0.4215,POSITIVE,positive
14/01/2023,"The city has recently become a focal point for conspiracy theories, but what are the reasons?",0.136,0.864,0,-0.296,NEGATIVE,negative
14/01/2023,Saturday's headlines include Prince Harry claiming he has enough material to write a second book.,0.015895732,0.7577646,0.22633964,0.992928565,NEGATIVE,negative
15/01/2023,"Another bumper crowd at Emirates Stadium is welcome for Arsenal, but conceding a late equaliser and dropping points to title rivals Chelsea is much less so.",0,0.923,0.077,0.25,POSITIVE,positive
15/01/2023,Arsenal's outstanding north London derby win over Tottenham leaves the Gunners in control of the Premier League title race.,0,0.685,0.315,0.8316,POSITIVE,positive
15/01/2023,"A man in his 60s, held on suspicion of terror offences over the incident, has been released on bail.",0.359,0.641,0,-0.8126,NEGATIVE,negative
